gfx,cu_num,M,N,K,libtype,kernelId,splitK,us,kernelName,tflops,bw,errRatio
gfx942,304,16,512,4096,ck,8,0,13.2298,a8w8_blockscale_1x128x128_256x16x64x256_16x16_16x16_1x1_16x16x1_16x16x1_1x16x1x16_4_1x1_intrawave_v1,5.07,164.71,0.0
gfx942,304,32,512,4096,ck,8,0,14.3027,a8w8_blockscale_1x128x128_256x16x64x256_16x16_16x16_1x1_16x16x1_16x16x1_1x16x1x16_4_1x1_intrawave_v1,9.38,158.08,0.0
gfx942,304,48,512,4096,ck,8,0,13.7671,a8w8_blockscale_1x128x128_256x16x64x256_16x16_16x16_1x1_16x16x1_16x16x1_1x16x1x16_4_1x1_intrawave_v1,14.62,170.18,0.0
gfx942,304,64,512,4096,ck,8,0,14.4819,a8w8_blockscale_1x128x128_256x16x64x256_16x16_16x16_1x1_16x16x1_16x16x1_1x16x1x16_4_1x1_intrawave_v1,18.54,167.44,0.0
gfx942,304,80,512,4096,ck,8,0,14.1493,a8w8_blockscale_1x128x128_256x16x64x256_16x16_16x16_1x1_16x16x1_16x16x1_1x16x1x16_4_1x1_intrawave_v1,23.71,177.16,0.0
gfx942,304,96,512,4096,ck,8,0,13.6714,a8w8_blockscale_1x128x128_256x16x64x256_16x16_16x16_1x1_16x16x1_16x16x1_1x16x1x16_4_1x1_intrawave_v1,29.45,189.35,0.0
gfx942,304,112,512,4096,ck,8,0,14.4771,a8w8_blockscale_1x128x128_256x16x64x256_16x16_16x16_1x1_16x16x1_16x16x1_1x16x1x16_4_1x1_intrawave_v1,32.45,184.47,0.0
gfx942,304,128,512,4096,ck,8,0,14.1889,a8w8_blockscale_1x128x128_256x16x64x256_16x16_16x16_1x1_16x16x1_16x16x1_1x16x1x16_4_1x1_intrawave_v1,37.84,193.99,0.0
gfx942,304,144,512,4096,ck,8,0,14.3093,a8w8_blockscale_1x128x128_256x16x64x256_16x16_16x16_1x1_16x16x1_16x16x1_1x16x1x16_4_1x1_intrawave_v1,42.21,198.08,0.0
gfx942,304,160,512,4096,ck,8,0,14.4955,a8w8_blockscale_1x128x128_256x16x64x256_16x16_16x16_1x1_16x16x1_16x16x1_1x16x1x16_4_1x1_intrawave_v1,46.3,201.19,0.0
gfx942,304,176,512,4096,ck,8,0,14.4897,a8w8_blockscale_1x128x128_256x16x64x256_16x16_16x16_1x1_16x16x1_16x16x1_1x16x1x16_4_1x1_intrawave_v1,50.95,206.92,0.0
gfx942,304,192,512,4096,ck,8,0,14.4313,a8w8_blockscale_1x128x128_256x16x64x256_16x16_16x16_1x1_16x16x1_16x16x1_1x16x1x16_4_1x1_intrawave_v1,55.8,213.44,0.0
gfx942,304,208,512,4096,ck,8,0,14.1789,a8w8_blockscale_1x128x128_256x16x64x256_16x16_16x16_1x1_16x16x1_16x16x1_1x16x1x16_4_1x1_intrawave_v1,61.53,223.02,0.0
gfx942,304,224,512,4096,ck,8,0,14.5562,a8w8_blockscale_1x128x128_256x16x64x256_16x16_16x16_1x1_16x16x1_16x16x1_1x16x1x16_4_1x1_intrawave_v1,64.54,222.86,0.0
gfx942,304,240,512,4096,ck,8,0,14.22,a8w8_blockscale_1x128x128_256x16x64x256_16x16_16x16_1x1_16x16x1_16x16x1_1x16x1x16_4_1x1_intrawave_v1,70.79,233.89,0.0
gfx942,304,256,512,4096,ck,8,0,14.2354,a8w8_blockscale_1x128x128_256x16x64x256_16x16_16x16_1x1_16x16x1_16x16x1_1x16x1x16_4_1x1_intrawave_v1,75.43,239.39,0.0
gfx942,304,288,512,4096,ck,8,0,14.3637,a8w8_blockscale_1x128x128_256x16x64x256_16x16_16x16_1x1_16x16x1_16x16x1_1x16x1x16_4_1x1_intrawave_v1,84.1,248.66,0.0
gfx942,304,320,512,4096,ck,8,0,14.3145,a8w8_blockscale_1x128x128_256x16x64x256_16x16_16x16_1x1_16x16x1_16x16x1_1x16x1x16_4_1x1_intrawave_v1,93.76,260.96,0.0
gfx942,304,352,512,4096,ck,8,0,14.5898,a8w8_blockscale_1x128x128_256x16x64x256_16x16_16x16_1x1_16x16x1_16x16x1_1x16x1x16_4_1x1_intrawave_v1,101.19,267.27,0.0
gfx942,304,384,512,4096,ck,8,0,14.5242,a8w8_blockscale_1x128x128_256x16x64x256_16x16_16x16_1x1_16x16x1_16x16x1_1x16x1x16_4_1x1_intrawave_v1,110.89,279.76,0.0
gfx942,304,416,512,4096,ck,8,0,14.4874,a8w8_blockscale_1x128x128_256x16x64x256_16x16_16x16_1x1_16x16x1_16x16x1_1x16x1x16_4_1x1_intrawave_v1,120.44,291.78,0.0
gfx942,304,448,512,4096,ck,8,0,14.8112,a8w8_blockscale_1x128x128_256x16x64x256_16x16_16x16_1x1_16x16x1_16x16x1_1x16x1x16_4_1x1_intrawave_v1,126.87,296.46,0.0
gfx942,304,480,512,4096,ck,8,0,14.7659,a8w8_blockscale_1x128x128_256x16x64x256_16x16_16x16_1x1_16x16x1_16x16x1_1x16x1x16_4_1x1_intrawave_v1,136.35,308.46,0.0
gfx942,304,512,512,4096,ck,8,0,14.9662,a8w8_blockscale_1x128x128_256x16x64x256_16x16_16x16_1x1_16x16x1_16x16x1_1x16x1x16_4_1x1_intrawave_v1,143.49,315.28,0.0
gfx942,304,768,512,4096,ck,18,0,18.4147,a8w8_blockscale_1x128x128_256x64x64x256_16x16_32x32_1x1_16x16x1_16x16x1_1x32x1x8_8_1x1_intrawave_v1,174.93,327.42,0.0
gfx942,304,800,512,4096,ck,18,0,19.982,a8w8_blockscale_1x128x128_256x64x64x256_16x16_32x32_1x1_16x16x1_16x16x1_1x32x1x8_8_1x1_intrawave_v1,167.92,309.94,0.0
gfx942,304,832,512,4096,ck,18,0,18.458,a8w8_blockscale_1x128x128_256x64x64x256_16x16_32x32_1x1_16x16x1_16x16x1_1x32x1x8_8_1x1_intrawave_v1,189.06,344.4,0.0
gfx942,304,864,512,4096,ck,18,0,20.0442,a8w8_blockscale_1x128x128_256x64x64x256_16x16_32x32_1x1_16x16x1_16x16x1_1x32x1x8_8_1x1_intrawave_v1,180.79,325.32,0.0
gfx942,304,896,512,4096,ck,18,0,18.4272,a8w8_blockscale_1x128x128_256x64x64x256_16x16_32x32_1x1_16x16x1_16x16x1_1x32x1x8_8_1x1_intrawave_v1,203.94,362.76,0.0
gfx942,304,928,512,4096,ck,18,0,19.9925,a8w8_blockscale_1x128x128_256x64x64x256_16x16_32x32_1x1_16x16x1_16x16x1_1x32x1x8_8_1x1_intrawave_v1,194.69,342.55,0.0
gfx942,304,960,512,4096,ck,18,0,18.6774,a8w8_blockscale_1x128x128_256x64x64x256_16x16_32x32_1x1_16x16x1_16x16x1_1x32x1x8_8_1x1_intrawave_v1,215.58,375.45,0.0
gfx942,304,992,512,4096,ck,18,0,20.0399,a8w8_blockscale_1x128x128_256x64x64x256_16x16_32x32_1x1_16x16x1_16x16x1_1x32x1x8_8_1x1_intrawave_v1,207.62,358.1,0.0
gfx942,304,1024,512,4096,ck,18,0,18.6444,a8w8_blockscale_1x128x128_256x64x64x256_16x16_32x32_1x1_16x16x1_16x16x1_1x32x1x8_8_1x1_intrawave_v1,230.36,393.69,0.0
gfx942,304,1088,512,4096,ck,18,0,18.8031,a8w8_blockscale_1x128x128_256x64x64x256_16x16_32x32_1x1_16x16x1_16x16x1_1x32x1x8_8_1x1_intrawave_v1,242.69,407.79,0.0
gfx942,304,1152,512,4096,ck,18,0,19.1526,a8w8_blockscale_1x128x128_256x64x64x256_16x16_32x32_1x1_16x16x1_16x16x1_1x32x1x8_8_1x1_intrawave_v1,252.28,417.46,0.0
gfx942,304,1216,512,4096,ck,18,0,19.1358,a8w8_blockscale_1x128x128_256x64x64x256_16x16_32x32_1x1_16x16x1_16x16x1_1x32x1x8_8_1x1_intrawave_v1,266.53,434.95,0.0
gfx942,304,1280,512,4096,ck,18,0,18.6986,a8w8_blockscale_1x128x128_256x64x64x256_16x16_32x32_1x1_16x16x1_16x16x1_1x32x1x8_8_1x1_intrawave_v1,287.12,462.64,0.0
gfx942,304,1344,512,4096,ck,18,0,18.8507,a8w8_blockscale_1x128x128_256x64x64x256_16x16_32x32_1x1_16x16x1_16x16x1_1x32x1x8_8_1x1_intrawave_v1,299.04,476.29,0.0
gfx942,304,1408,512,4096,ck,18,0,18.9338,a8w8_blockscale_1x128x128_256x64x64x256_16x16_32x32_1x1_16x16x1_16x16x1_1x32x1x8_8_1x1_intrawave_v1,311.91,491.51,0.0
gfx942,304,1472,512,4096,ck,18,0,19.1434,a8w8_blockscale_1x128x128_256x64x64x256_16x16_32x32_1x1_16x16x1_16x16x1_1x32x1x8_8_1x1_intrawave_v1,322.51,503.24,0.0
gfx942,304,1536,512,4096,ck,18,0,18.6984,a8w8_blockscale_1x128x128_256x64x64x256_16x16_32x32_1x1_16x16x1_16x16x1_1x32x1x8_8_1x1_intrawave_v1,344.55,532.74,0.0
gfx942,304,1600,512,4096,ck,18,0,19.088,a8w8_blockscale_1x128x128_256x64x64x256_16x16_32x32_1x1_16x16x1_16x16x1_1x32x1x8_8_1x1_intrawave_v1,351.58,539.04,0.0
gfx942,304,1664,512,4096,ck,18,0,19.4461,a8w8_blockscale_1x128x128_256x64x64x256_16x16_32x32_1x1_16x16x1_16x16x1_1x32x1x8_8_1x1_intrawave_v1,358.91,545.96,0.0
gfx942,304,1728,512,4096,ck,18,0,20.1254,a8w8_blockscale_1x128x128_256x64x64x256_16x16_32x32_1x1_16x16x1_16x16x1_1x32x1x8_8_1x1_intrawave_v1,360.13,543.82,0.0
gfx942,304,1792,512,4096,ck,18,0,19.4766,a8w8_blockscale_1x128x128_256x64x64x256_16x16_32x32_1x1_16x16x1_16x16x1_1x32x1x8_8_1x1_intrawave_v1,385.91,578.76,0.0
gfx942,304,1856,512,4096,ck,18,0,19.4715,a8w8_blockscale_1x128x128_256x64x64x256_16x16_32x32_1x1_16x16x1_16x16x1_1x32x1x8_8_1x1_intrawave_v1,399.8,595.74,0.0
gfx942,304,1920,512,4096,ck,18,0,19.4855,a8w8_blockscale_1x128x128_256x64x64x256_16x16_32x32_1x1_16x16x1_16x16x1_1x32x1x8_8_1x1_intrawave_v1,413.28,612.12,0.0
gfx942,304,1984,512,4096,ck,18,0,19.3932,a8w8_blockscale_1x128x128_256x64x64x256_16x16_32x32_1x1_16x16x1_16x16x1_1x32x1x8_8_1x1_intrawave_v1,429.09,631.93,0.0
gfx942,304,2048,512,4096,ck,18,0,20.1214,a8w8_blockscale_1x128x128_256x64x64x256_16x16_32x32_1x1_16x16x1_16x16x1_1x32x1x8_8_1x1_intrawave_v1,426.91,625.35,0.0
gfx942,304,2112,512,4096,ck,18,0,19.6161,a8w8_blockscale_1x128x128_256x64x64x256_16x16_32x32_1x1_16x16x1_16x16x1_1x32x1x8_8_1x1_intrawave_v1,451.59,658.16,0.0
gfx942,304,2176,512,4096,ck,18,0,20.2368,a8w8_blockscale_1x128x128_256x64x64x256_16x16_32x32_1x1_16x16x1_16x16x1_1x32x1x8_8_1x1_intrawave_v1,451.0,654.17,0.0
gfx942,304,2240,512,4096,ck,18,0,20.0557,a8w8_blockscale_1x128x128_256x64x64x256_16x16_32x32_1x1_16x16x1_16x16x1_1x32x1x8_8_1x1_intrawave_v1,468.46,676.41,0.0
gfx942,304,2304,512,4096,ck,18,0,20.9637,a8w8_blockscale_1x128x128_256x64x64x256_16x16_32x32_1x1_16x16x1_16x16x1_1x32x1x8_8_1x1_intrawave_v1,460.97,662.75,0.0
gfx942,304,2368,512,4096,ck,18,0,20.7224,a8w8_blockscale_1x128x128_256x64x64x256_16x16_32x32_1x1_16x16x1_16x16x1_1x32x1x8_8_1x1_intrawave_v1,479.29,686.28,0.0
gfx942,304,2432,512,4096,ck,18,0,22.2983,a8w8_blockscale_1x128x128_256x64x64x256_16x16_32x32_1x1_16x16x1_16x16x1_1x32x1x8_8_1x1_intrawave_v1,457.46,652.47,0.0
gfx942,304,2496,512,4096,ck,3,0,34.8587,a8w8_blockscale_1x128x128_256x64x64x128_16x16_32x32_1x1_8x32x1_8x32x1_1x32x1x8_8_1x1_intrawave_v3,300.33,426.77,0.0
gfx942,304,2560,512,4096,ck,3,0,32.6605,a8w8_blockscale_1x128x128_256x64x64x128_16x16_32x32_1x1_8x32x1_8x32x1_1x32x1x8_8_1x1_intrawave_v3,328.76,465.53,0.0
gfx942,304,2624,512,4096,ck,18,0,35.1493,a8w8_blockscale_1x128x128_256x64x64x256_16x16_32x32_1x1_16x16x1_16x16x1_1x32x1x8_8_1x1_intrawave_v1,313.12,441.89,0.0
gfx942,304,2688,512,4096,ck,3,0,35.1171,a8w8_blockscale_1x128x128_256x64x64x128_16x16_32x32_1x1_8x32x1_8x32x1_1x32x1x8_8_1x1_intrawave_v3,321.05,451.62,0.0
gfx942,304,2752,512,4096,ck,3,0,32.3295,a8w8_blockscale_1x128x128_256x64x64x128_16x16_32x32_1x1_8x32x1_8x32x1_1x32x1x8_8_1x1_intrawave_v3,357.03,500.7,0.0
gfx942,304,2816,512,4096,ck,3,0,33.4983,a8w8_blockscale_1x128x128_256x64x64x128_16x16_32x32_1x1_8x32x1_8x32x1_1x32x1x8_8_1x1_intrawave_v3,352.59,493.01,0.0
gfx942,304,2880,512,4096,ck,3,0,34.6923,a8w8_blockscale_1x128x128_256x64x64x128_16x16_32x32_1x1_8x32x1_8x32x1_1x32x1x8_8_1x1_intrawave_v3,348.19,485.49,0.0
gfx942,304,2944,512,4096,ck,3,0,33.6491,a8w8_blockscale_1x128x128_256x64x64x128_16x16_32x32_1x1_8x32x1_8x32x1_1x32x1x8_8_1x1_intrawave_v3,366.96,510.28,0.0
gfx942,304,3008,512,4096,ck,3,0,34.0027,a8w8_blockscale_1x128x128_256x64x64x128_16x16_32x32_1x1_8x32x1_8x32x1_1x32x1x8_8_1x1_intrawave_v3,371.04,514.61,0.0
gfx942,304,3072,512,4096,ck,3,0,33.6169,a8w8_blockscale_1x128x128_256x64x64x128_16x16_32x32_1x1_8x32x1_8x32x1_1x32x1x8_8_1x1_intrawave_v3,383.29,530.26,0.0
gfx942,304,3136,512,4096,ck,3,0,34.9199,a8w8_blockscale_1x128x128_256x64x64x128_16x16_32x32_1x1_8x32x1_8x32x1_1x32x1x8_8_1x1_intrawave_v3,376.67,519.86,0.0
gfx942,304,3200,512,4096,ck,3,0,34.3863,a8w8_blockscale_1x128x128_256x64x64x128_16x16_32x32_1x1_8x32x1_8x32x1_1x32x1x8_8_1x1_intrawave_v3,390.32,537.46,0.0
gfx942,304,3264,512,4096,ck,3,0,34.7934,a8w8_blockscale_1x128x128_256x64x64x128_16x16_32x32_1x1_8x32x1_8x32x1_1x32x1x8_8_1x1_intrawave_v3,393.47,540.59,0.0
gfx942,304,3328,512,4096,ck,3,0,34.6987,a8w8_blockscale_1x128x128_256x64x64x128_16x16_32x32_1x1_8x32x1_8x32x1_1x32x1x8_8_1x1_intrawave_v3,402.28,551.51,0.0
gfx942,304,3456,512,4096,ck,18,0,35.4682,a8w8_blockscale_1x128x128_256x64x64x256_16x16_32x32_1x1_16x16x1_16x16x1_1x32x1x8_8_1x1_intrawave_v1,408.69,558.02,0.0
gfx942,304,3648,512,4096,ck,3,0,36.843,a8w8_blockscale_1x128x128_256x64x64x128_16x16_32x32_1x1_8x32x1_8x32x1_1x32x1x8_8_1x1_intrawave_v3,415.3,563.88,0.0
gfx942,304,3712,512,4096,ck,18,0,37.2022,a8w8_blockscale_1x128x128_256x64x64x256_16x16_32x32_1x1_16x16x1_16x16x1_1x32x1x8_8_1x1_intrawave_v1,418.5,567.24,0.0
gfx942,304,3840,512,4096,ck,3,0,38.521,a8w8_blockscale_1x128x128_256x64x64x128_16x16_32x32_1x1_8x32x1_8x32x1_1x32x1x8_8_1x1_intrawave_v3,418.11,564.83,0.0
gfx942,304,4032,512,4096,ck,18,0,39.6038,a8w8_blockscale_1x128x128_256x64x64x256_16x16_32x32_1x1_16x16x1_16x16x1_1x32x1x8_8_1x1_intrawave_v1,427.02,574.21,0.0
gfx942,304,4224,512,4096,ck,3,0,39.7885,a8w8_blockscale_1x128x128_256x64x64x128_16x16_32x32_1x1_8x32x1_8x32x1_1x32x1x8_8_1x1_intrawave_v3,445.27,596.25,0.0
gfx942,304,4352,512,4096,ck,3,0,40.498,a8w8_blockscale_1x128x128_256x64x64x128_16x16_32x32_1x1_8x32x1_8x32x1_1x32x1x8_8_1x1_intrawave_v3,450.73,601.99,0.0
gfx942,304,7296,512,4096,ck,2,0,58.3007,a8w8_blockscale_1x128x128_256x64x128x128_16x16_32x32_1x2_8x32x1_8x32x1_1x32x1x8_8_1x1_intrawave_v3,524.89,676.71,0.0
gfx942,304,8192,512,4096,ck,2,0,59.5549,a8w8_blockscale_1x128x128_256x64x128x128_16x16_32x32_1x2_8x32x1_8x32x1_1x32x1x8_8_1x1_intrawave_v3,576.94,739.49,0.0
gfx942,304,8320,512,4096,ck,2,0,59.9363,a8w8_blockscale_1x128x128_256x64x128x128_16x16_32x32_1x2_8x32x1_8x32x1_1x32x1x8_8_1x1_intrawave_v3,582.23,745.72,0.0
gfx942,304,13952,512,4096,ck,0,0,90.52,a8w8_blockscale_1x128x128_256x128x128x128_16x16_32x32_2x2_8x32x1_8x32x1_1x32x1x8_8_1x1_intrawave_v3,646.48,812.32,0.0
gfx942,304,15488,512,4096,ck,0,0,93.8218,a8w8_blockscale_1x128x128_256x128x128x128_16x16_32x32_2x2_8x32x1_8x32x1_1x32x1x8_8_1x1_intrawave_v3,692.39,867.56,0.0
gfx942,304,16384,512,4096,ck,0,0,93.0658,a8w8_blockscale_1x128x128_256x128x128x128_16x16_32x32_2x2_8x32x1_8x32x1_1x32x1x8_8_1x1_intrawave_v3,738.4,923.9,0.0
gfx942,304,16,1024,4096,ck,8,0,14.8902,a8w8_blockscale_1x128x128_256x16x64x256_16x16_16x16_1x1_16x16x1_16x16x1_1x16x1x16_4_1x1_intrawave_v1,9.01,288.28,0.0
gfx942,304,32,1024,4096,ck,8,0,15.2849,a8w8_blockscale_1x128x128_256x16x64x256_16x16_16x16_1x1_16x16x1_16x16x1_1x16x1x16_4_1x1_intrawave_v1,17.56,287.27,0.0
gfx942,304,48,1024,4096,ck,8,0,14.7782,a8w8_blockscale_1x128x128_256x16x64x256_16x16_16x16_1x1_16x16x1_16x16x1_1x16x1x16_4_1x1_intrawave_v1,27.25,303.77,0.0
gfx942,304,64,1024,4096,ck,8,0,14.6362,a8w8_blockscale_1x128x128_256x16x64x256_16x16_16x16_1x1_16x16x1_16x16x1_1x16x1x16_4_1x1_intrawave_v1,36.68,313.44,0.0
gfx942,304,80,1024,4096,ck,8,0,14.4303,a8w8_blockscale_1x128x128_256x16x64x256_16x16_16x16_1x1_16x16x1_16x16x1_1x16x1x16_4_1x1_intrawave_v1,46.51,324.72,0.0
gfx942,304,96,1024,4096,ck,8,0,14.826,a8w8_blockscale_1x128x128_256x16x64x256_16x16_16x16_1x1_16x16x1_16x16x1_1x16x1x16_4_1x1_intrawave_v1,54.32,322.69,0.0
gfx942,304,112,1024,4096,ck,8,0,14.9331,a8w8_blockscale_1x128x128_256x16x64x256_16x16_16x16_1x1_16x16x1_16x16x1_1x16x1x16_4_1x1_intrawave_v1,62.92,326.95,0.0
gfx942,304,128,1024,4096,ck,8,0,14.4811,a8w8_blockscale_1x128x128_256x16x64x256_16x16_16x16_1x1_16x16x1_16x16x1_1x16x1x16_4_1x1_intrawave_v1,74.15,343.95,0.0
gfx942,304,144,1024,4096,ck,8,0,14.5618,a8w8_blockscale_1x128x128_256x16x64x256_16x16_16x16_1x1_16x16x1_16x16x1_1x16x1x16_4_1x1_intrawave_v1,82.95,348.79,0.0
gfx942,304,160,1024,4096,ck,8,0,15.0103,a8w8_blockscale_1x128x128_256x16x64x256_16x16_16x16_1x1_16x16x1_16x16x1_1x16x1x16_4_1x1_intrawave_v1,89.42,344.92,0.0
gfx942,304,176,1024,4096,ck,8,0,14.5231,a8w8_blockscale_1x128x128_256x16x64x256_16x16_16x16_1x1_16x16x1_16x16x1_1x16x1x16_4_1x1_intrawave_v1,101.66,363.26,0.0
gfx942,304,192,1024,4096,ck,8,0,15.1871,a8w8_blockscale_1x128x128_256x16x64x256_16x16_16x16_1x1_16x16x1_16x16x1_1x16x1x16_4_1x1_intrawave_v1,106.05,353.85,0.0
gfx942,304,208,1024,4096,ck,8,0,14.629,a8w8_blockscale_1x128x128_256x16x64x256_16x16_16x16_1x1_16x16x1_16x16x1_1x16x1x16_4_1x1_intrawave_v1,119.27,374.07,0.0
gfx942,304,224,1024,4096,ck,8,0,14.5987,a8w8_blockscale_1x128x128_256x16x64x256_16x16_16x16_1x1_16x16x1_16x16x1_1x16x1x16_4_1x1_intrawave_v1,128.71,381.58,0.0
gfx942,304,240,1024,4096,ck,8,0,15.0334,a8w8_blockscale_1x128x128_256x16x64x256_16x16_16x16_1x1_16x16x1_16x16x1_1x16x1x16_4_1x1_intrawave_v1,133.92,377.08,0.0
gfx942,304,256,1024,4096,ck,8,0,15.1644,a8w8_blockscale_1x128x128_256x16x64x256_16x16_16x16_1x1_16x16x1_16x16x1_1x16x1x16_4_1x1_intrawave_v1,141.61,380.31,0.0
gfx942,304,288,1024,4096,ck,8,0,14.8156,a8w8_blockscale_1x128x128_256x16x64x256_16x16_16x16_1x1_16x16x1_16x16x1_1x16x1x16_4_1x1_intrawave_v1,163.07,402.53,0.0
gfx942,304,320,1024,4096,ck,18,0,18.6532,a8w8_blockscale_1x128x128_256x64x64x256_16x16_32x32_1x1_16x16x1_16x16x1_1x32x1x8_8_1x1_intrawave_v1,143.91,330.26,0.0
gfx942,304,352,1024,4096,ck,18,0,19.7727,a8w8_blockscale_1x128x128_256x64x64x256_16x16_32x32_1x1_16x16x1_16x16x1_1x32x1x8_8_1x1_intrawave_v1,149.34,321.5,0.0
gfx942,304,384,1024,4096,ck,18,0,18.5699,a8w8_blockscale_1x128x128_256x64x64x256_16x16_32x32_1x1_16x16x1_16x16x1_1x32x1x8_8_1x1_intrawave_v1,173.46,352.92,0.0
gfx942,304,416,1024,4096,ck,18,0,20.0063,a8w8_blockscale_1x128x128_256x64x64x256_16x16_32x32_1x1_16x16x1_16x16x1_1x32x1x8_8_1x1_intrawave_v1,174.43,337.4,0.0
gfx942,304,448,1024,4096,ck,18,0,18.5134,a8w8_blockscale_1x128x128_256x64x64x256_16x16_32x32_1x1_16x16x1_16x16x1_1x32x1x8_8_1x1_intrawave_v1,202.99,375.23,0.0
gfx942,304,480,1024,4096,ck,18,0,19.9234,a8w8_blockscale_1x128x128_256x64x64x256_16x16_32x32_1x1_16x16x1_16x16x1_1x32x1x8_8_1x1_intrawave_v1,202.1,358.54,0.0
gfx942,304,512,1024,4096,ck,18,0,18.8002,a8w8_blockscale_1x128x128_256x64x64x256_16x16_32x32_1x1_16x16x1_16x16x1_1x32x1x8_8_1x1_intrawave_v1,228.45,390.42,0.0
gfx942,304,544,1024,4096,ck,18,0,20.1137,a8w8_blockscale_1x128x128_256x64x64x256_16x16_32x32_1x1_16x16x1_16x16x1_1x32x1x8_8_1x1_intrawave_v1,226.88,374.7,0.0
gfx942,304,640,1024,4096,ck,18,0,19.0774,a8w8_blockscale_1x128x128_256x64x64x256_16x16_32x32_1x1_16x16x1_16x16x1_1x32x1x8_8_1x1_intrawave_v1,281.42,425.97,0.0
gfx942,304,768,1024,4096,ck,18,0,19.4918,a8w8_blockscale_1x128x128_256x64x64x256_16x16_32x32_1x1_16x16x1_16x16x1_1x32x1x8_8_1x1_intrawave_v1,330.52,457.26,0.0
gfx942,304,800,1024,4096,ck,18,0,20.5318,a8w8_blockscale_1x128x128_256x64x64x256_16x16_32x32_1x1_16x16x1_16x16x1_1x32x1x8_8_1x1_intrawave_v1,326.85,443.68,0.0
gfx942,304,832,1024,4096,ck,18,0,19.805,a8w8_blockscale_1x128x128_256x64x64x256_16x16_32x32_1x1_16x16x1_16x16x1_1x32x1x8_8_1x1_intrawave_v1,352.4,469.89,0.0
gfx942,304,864,1024,4096,ck,18,0,21.1086,a8w8_blockscale_1x128x128_256x64x64x256_16x16_32x32_1x1_16x16x1_16x16x1_1x32x1x8_8_1x1_intrawave_v1,343.36,450.18,0.0
gfx942,304,896,1024,4096,ck,18,0,19.1595,a8w8_blockscale_1x128x128_256x64x64x256_16x16_32x32_1x1_16x16x1_16x16x1_1x32x1x8_8_1x1_intrawave_v1,392.3,506.24,0.0
gfx942,304,928,1024,4096,ck,18,0,20.7641,a8w8_blockscale_1x128x128_256x64x64x256_16x16_32x32_1x1_16x16x1_16x16x1_1x32x1x8_8_1x1_intrawave_v1,374.91,476.59,0.0
gfx942,304,960,1024,4096,ck,18,0,20.1722,a8w8_blockscale_1x128x128_256x64x64x256_16x16_32x32_1x1_16x16x1_16x16x1_1x32x1x8_8_1x1_intrawave_v1,399.22,500.32,0.0
gfx942,304,992,1024,4096,ck,18,0,22.2013,a8w8_blockscale_1x128x128_256x64x64x256_16x16_32x32_1x1_16x16x1_16x16x1_1x32x1x8_8_1x1_intrawave_v1,374.82,463.45,0.0
gfx942,304,1024,1024,4096,ck,18,0,19.9724,a8w8_blockscale_1x128x128_256x64x64x256_16x16_32x32_1x1_16x16x1_16x16x1_1x32x1x8_8_1x1_intrawave_v1,430.09,525.01,0.0
gfx942,304,1088,1024,4096,ck,18,0,19.7196,a8w8_blockscale_1x128x128_256x64x64x256_16x16_32x32_1x1_16x16x1_16x16x1_1x32x1x8_8_1x1_intrawave_v1,462.83,551.68,0.0
gfx942,304,1152,1024,4096,ck,18,0,20.6942,a8w8_blockscale_1x128x128_256x64x64x256_16x16_32x32_1x1_16x16x1_16x16x1_1x32x1x8_8_1x1_intrawave_v1,466.98,544.7,0.0
gfx942,304,1216,1024,4096,ck,18,0,21.4066,a8w8_blockscale_1x128x128_256x64x64x256_16x16_32x32_1x1_16x16x1_16x16x1_1x32x1x8_8_1x1_intrawave_v1,476.51,544.94,0.0
gfx942,304,1280,1024,4096,ck,3,0,32.2173,a8w8_blockscale_1x128x128_256x64x64x128_16x16_32x32_1x1_8x32x1_8x32x1_1x32x1x8_8_1x1_intrawave_v3,333.28,374.29,0.0
gfx942,304,1344,1024,4096,ck,3,0,34.3739,a8w8_blockscale_1x128x128_256x64x64x128_16x16_32x32_1x1_8x32x1_8x32x1_1x32x1x8_8_1x1_intrawave_v3,327.99,362.25,0.0
gfx942,304,1408,1024,4096,ck,3,0,33.0327,a8w8_blockscale_1x128x128_256x64x64x128_16x16_32x32_1x1_8x32x1_8x32x1_1x32x1x8_8_1x1_intrawave_v3,357.56,388.86,0.0
gfx942,304,1472,1024,4096,ck,3,0,34.4585,a8w8_blockscale_1x128x128_256x64x64x128_16x16_32x32_1x1_8x32x1_8x32x1_1x32x1x8_8_1x1_intrawave_v3,358.34,384.18,0.0
gfx942,304,1536,1024,4096,ck,3,0,32.5323,a8w8_blockscale_1x128x128_256x64x64x128_16x16_32x32_1x1_8x32x1_8x32x1_1x32x1x8_8_1x1_intrawave_v3,396.06,419.01,0.0
gfx942,304,1600,1024,4096,ck,3,0,35.0599,a8w8_blockscale_1x128x128_256x64x64x128_16x16_32x32_1x1_8x32x1_8x32x1_1x32x1x8_8_1x1_intrawave_v3,382.82,400.02,0.0
gfx942,304,1664,1024,4096,ck,3,0,34.5684,a8w8_blockscale_1x128x128_256x64x64x128_16x16_32x32_1x1_8x32x1_8x32x1_1x32x1x8_8_1x1_intrawave_v3,403.8,417.08,0.0
gfx942,304,1728,1024,4096,ck,3,0,36.5437,a8w8_blockscale_1x128x128_256x64x64x128_16x16_32x32_1x1_8x32x1_8x32x1_1x32x1x8_8_1x1_intrawave_v3,396.66,405.3,0.0
gfx942,304,1792,1024,4096,ck,3,0,35.4219,a8w8_blockscale_1x128x128_256x64x64x128_16x16_32x32_1x1_8x32x1_8x32x1_1x32x1x8_8_1x1_intrawave_v3,424.38,429.24,0.0
gfx942,304,1856,1024,4096,ck,3,0,37.1142,a8w8_blockscale_1x128x128_256x64x64x128_16x16_32x32_1x1_8x32x1_8x32x1_1x32x1x8_8_1x1_intrawave_v3,419.5,420.26,0.0
gfx942,304,1920,1024,4096,ck,3,0,37.6924,a8w8_blockscale_1x128x128_256x64x64x128_16x16_32x32_1x1_8x32x1_8x32x1_1x32x1x8_8_1x1_intrawave_v3,427.3,424.24,0.0
gfx942,304,1984,1024,4096,ck,18,0,38.4277,a8w8_blockscale_1x128x128_256x64x64x256_16x16_32x32_1x1_16x16x1_16x16x1_1x32x1x8_8_1x1_intrawave_v1,433.1,426.36,0.0
gfx942,304,2048,1024,4096,ck,3,0,38.2471,a8w8_blockscale_1x128x128_256x64x64x128_16x16_32x32_1x1_8x32x1_8x32x1_1x32x1x8_8_1x1_intrawave_v3,449.18,438.65,0.0
gfx942,304,2112,1024,4096,ck,3,0,36.2221,a8w8_blockscale_1x128x128_256x64x64x128_16x16_32x32_1x1_8x32x1_8x32x1_1x32x1x8_8_1x1_intrawave_v3,489.11,474.03,0.0
gfx942,304,2176,1024,4096,ck,3,0,38.9598,a8w8_blockscale_1x128x128_256x64x64x128_16x16_32x32_1x1_8x32x1_8x32x1_1x32x1x8_8_1x1_intrawave_v3,468.52,450.81,0.0
gfx942,304,2240,1024,4096,ck,3,0,40.1004,a8w8_blockscale_1x128x128_256x64x64x128_16x16_32x32_1x1_8x32x1_8x32x1_1x32x1x8_8_1x1_intrawave_v3,468.59,447.8,0.0
gfx942,304,2304,1024,4096,ck,3,0,40.0846,a8w8_blockscale_1x128x128_256x64x64x128_16x16_32x32_1x1_8x32x1_8x32x1_1x32x1x8_8_1x1_intrawave_v3,482.16,457.78,0.0
gfx942,304,2368,1024,4096,ck,18,0,40.902,a8w8_blockscale_1x128x128_256x64x64x256_16x16_32x32_1x1_16x16x1_16x16x1_1x32x1x8_8_1x1_intrawave_v1,485.65,458.25,0.0
gfx942,304,2432,1024,4096,ck,18,0,41.2248,a8w8_blockscale_1x128x128_256x64x64x256_16x16_32x32_1x1_16x16x1_16x16x1_1x32x1x8_8_1x1_intrawave_v1,494.87,464.2,0.0
gfx942,304,2496,1024,4096,ck,2,0,52.2879,a8w8_blockscale_1x128x128_256x64x128x128_16x16_32x32_1x2_8x32x1_8x32x1_1x32x1x8_8_1x1_intrawave_v3,400.44,373.5,0.0
gfx942,304,2560,1024,4096,ck,2,0,53.0291,a8w8_blockscale_1x128x128_256x64x128x128_16x16_32x32_1x2_8x32x1_8x32x1_1x32x1x8_8_1x1_intrawave_v3,404.96,375.7,0.0
gfx942,304,2624,1024,4096,ck,2,0,53.0895,a8w8_blockscale_1x128x128_256x64x128x128_16x16_32x32_1x2_8x32x1_8x32x1_1x32x1x8_8_1x1_intrawave_v3,414.62,382.68,0.0
gfx942,304,2688,1024,4096,ck,3,0,53.0076,a8w8_blockscale_1x128x128_256x64x64x128_16x16_32x32_1x1_8x32x1_8x32x1_1x32x1x8_8_1x1_intrawave_v3,425.38,390.69,0.0
gfx942,304,2752,1024,4096,ck,2,0,53.4963,a8w8_blockscale_1x128x128_256x64x128x128_16x16_32x32_1x2_8x32x1_8x32x1_1x32x1x8_8_1x1_intrawave_v3,431.53,394.47,0.0
gfx942,304,2816,1024,4096,ck,2,0,53.4015,a8w8_blockscale_1x128x128_256x64x128x128_16x16_32x32_1x2_8x32x1_8x32x1_1x32x1x8_8_1x1_intrawave_v3,442.35,402.53,0.0
gfx942,304,2880,1024,4096,ck,2,0,53.8171,a8w8_blockscale_1x128x128_256x64x128x128_16x16_32x32_1x2_8x32x1_8x32x1_1x32x1x8_8_1x1_intrawave_v3,448.91,406.73,0.0
gfx942,304,2944,1024,4096,ck,2,0,54.1075,a8w8_blockscale_1x128x128_256x64x128x128_16x16_32x32_1x2_8x32x1_8x32x1_1x32x1x8_8_1x1_intrawave_v3,456.43,411.81,0.0
gfx942,304,3008,1024,4096,ck,2,0,53.7784,a8w8_blockscale_1x128x128_256x64x128x128_16x16_32x32_1x2_8x32x1_8x32x1_1x32x1x8_8_1x1_intrawave_v3,469.2,421.65,0.0
gfx942,304,3072,1024,4096,ck,2,0,54.1243,a8w8_blockscale_1x128x128_256x64x128x128_16x16_32x32_1x2_8x32x1_8x32x1_1x32x1x8_8_1x1_intrawave_v3,476.12,426.22,0.0
gfx942,304,3136,1024,4096,ck,2,0,53.7522,a8w8_blockscale_1x128x128_256x64x128x128_16x16_32x32_1x2_8x32x1_8x32x1_1x32x1x8_8_1x1_intrawave_v3,489.41,436.48,0.0
gfx942,304,3200,1024,4096,ck,2,0,55.0787,a8w8_blockscale_1x128x128_256x64x128x128_16x16_32x32_1x2_8x32x1_8x32x1_1x32x1x8_8_1x1_intrawave_v3,487.37,433.11,0.0
gfx942,304,3264,1024,4096,ck,2,0,54.3708,a8w8_blockscale_1x128x128_256x64x128x128_16x16_32x32_1x2_8x32x1_8x32x1_1x32x1x8_8_1x1_intrawave_v3,503.59,445.98,0.0
gfx942,304,3328,1024,4096,ck,2,0,55.208,a8w8_blockscale_1x128x128_256x64x128x128_16x16_32x32_1x2_8x32x1_8x32x1_1x32x1x8_8_1x1_intrawave_v3,505.67,446.34,0.0
gfx942,304,3392,1024,4096,ck,2,0,55.4008,a8w8_blockscale_1x128x128_256x64x128x128_16x16_32x32_1x2_8x32x1_8x32x1_1x32x1x8_8_1x1_intrawave_v3,513.61,451.88,0.0
gfx942,304,3584,1024,4096,ck,2,0,55.9386,a8w8_blockscale_1x128x128_256x64x128x128_16x16_32x32_1x2_8x32x1_8x32x1_1x32x1x8_8_1x1_intrawave_v3,537.46,468.63,0.0
gfx942,304,3648,1024,4096,ck,2,0,55.9849,a8w8_blockscale_1x128x128_256x64x128x128_16x16_32x32_1x2_8x32x1_8x32x1_1x32x1x8_8_1x1_intrawave_v3,546.61,475.26,0.0
gfx942,304,3968,1024,4096,ck,2,0,57.8479,a8w8_blockscale_1x128x128_256x64x128x128_16x16_32x32_1x2_8x32x1_8x32x1_1x32x1x8_8_1x1_intrawave_v3,575.41,493.95,0.0
gfx942,304,4096,1024,4096,ck,2,0,57.8916,a8w8_blockscale_1x128x128_256x64x128x128_16x16_32x32_1x2_8x32x1_8x32x1_1x32x1x8_8_1x1_intrawave_v3,593.52,507.16,0.0
gfx942,304,4224,1024,4096,ck,2,0,59.021,a8w8_blockscale_1x128x128_256x64x128x128_16x16_32x32_1x2_8x32x1_8x32x1_1x32x1x8_8_1x1_intrawave_v3,600.35,510.78,0.0
gfx942,304,4736,1024,4096,ck,2,0,61.8506,a8w8_blockscale_1x128x128_256x64x128x128_16x16_32x32_1x2_8x32x1_8x32x1_1x32x1x8_8_1x1_intrawave_v3,642.33,538.27,0.0
gfx942,304,5120,1024,4096,ck,0,0,80.2901,a8w8_blockscale_1x128x128_256x128x128x128_16x16_32x32_2x2_8x32x1_8x32x1_1x32x1x8_8_1x1_intrawave_v3,534.93,444.03,0.0
gfx942,304,7296,1024,4096,ck,0,0,86.3645,a8w8_blockscale_1x128x128_256x128x128x128_16x16_32x32_2x2_8x32x1_8x32x1_1x32x1x8_8_1x1_intrawave_v3,708.66,567.61,0.0
gfx942,304,8192,1024,4096,ck,0,0,87.7334,a8w8_blockscale_1x128x128_256x128x128x128_16x16_32x32_2x2_8x32x1_8x32x1_1x32x1x8_8_1x1_intrawave_v3,783.28,621.5,0.0
gfx942,304,8320,1024,4096,ck,0,0,90.5665,a8w8_blockscale_1x128x128_256x128x128x128_16x16_32x32_2x2_8x32x1_8x32x1_1x32x1x8_8_1x1_intrawave_v3,770.63,610.74,0.0
gfx942,304,13952,1024,4096,ck,0,0,138.0028,a8w8_blockscale_1x128x128_256x128x128x128_16x16_32x32_2x2_8x32x1_8x32x1_1x32x1x8_8_1x1_intrawave_v3,848.08,651.55,0.0
gfx942,304,15488,1024,4096,ck,0,0,162.4235,a8w8_blockscale_1x128x128_256x128x128x128_16x16_32x32_2x2_8x32x1_8x32x1_1x32x1x8_8_1x1_intrawave_v3,799.9,611.69,0.0
gfx942,304,16384,1024,4096,ck,0,0,162.1907,a8w8_blockscale_1x128x128_256x128x128x128_16x16_32x32_2x2_8x32x1_8x32x1_1x32x1x8_8_1x1_intrawave_v3,847.39,646.51,0.0
gfx942,304,16,2048,4096,ck,8,0,15.4687,a8w8_blockscale_1x128x128_256x16x64x256_16x16_16x16_1x1_16x16x1_16x16x1_1x16x1x16_4_1x1_intrawave_v1,17.35,550.77,0.0
gfx942,304,32,2048,4096,ck,8,0,16.1522,a8w8_blockscale_1x128x128_256x16x64x256_16x16_16x16_1x1_16x16x1_16x16x1_1x16x1x16_4_1x1_intrawave_v1,33.24,535.58,0.0
gfx942,304,48,2048,4096,ck,8,0,15.6187,a8w8_blockscale_1x128x128_256x16x64x256_16x16_16x16_1x1_16x16x1_16x16x1_1x16x1x16_4_1x1_intrawave_v1,51.56,562.26,0.0
gfx942,304,64,2048,4096,ck,8,0,15.0147,a8w8_blockscale_1x128x128_256x16x64x256_16x16_16x16_1x1_16x16x1_16x16x1_1x16x1x16_4_1x1_intrawave_v1,71.51,593.61,0.0
gfx942,304,80,2048,4096,ck,8,0,15.9849,a8w8_blockscale_1x128x128_256x16x64x256_16x16_16x16_1x1_16x16x1_16x16x1_1x16x1x16_4_1x1_intrawave_v1,83.97,565.78,0.0
gfx942,304,96,2048,4096,ck,8,0,15.751,a8w8_blockscale_1x128x128_256x16x64x256_16x16_16x16_1x1_16x16x1_16x16x1_1x16x1x16_4_1x1_intrawave_v1,102.25,582.51,0.0
gfx942,304,112,2048,4096,ck,8,0,15.1951,a8w8_blockscale_1x128x128_256x16x64x256_16x16_16x16_1x1_16x16x1_16x16x1_1x16x1x16_4_1x1_intrawave_v1,123.66,612.44,0.0
gfx942,304,128,2048,4096,ck,8,0,15.4778,a8w8_blockscale_1x128x128_256x16x64x256_16x16_16x16_1x1_16x16x1_16x16x1_1x16x1x16_4_1x1_intrawave_v1,138.75,609.72,0.0
gfx942,304,144,2048,4096,ck,8,0,15.5734,a8w8_blockscale_1x128x128_256x16x64x256_16x16_16x16_1x1_16x16x1_16x16x1_1x16x1x16_4_1x1_intrawave_v1,155.13,614.4,0.0
gfx942,304,160,2048,4096,ck,18,0,19.8815,a8w8_blockscale_1x128x128_256x64x64x256_16x16_32x32_1x1_16x16x1_16x16x1_1x32x1x8_8_1x1_intrawave_v1,135.02,487.86,0.0
gfx942,304,176,2048,4096,ck,18,0,19.8932,a8w8_blockscale_1x128x128_256x64x64x256_16x16_32x32_1x1_16x16x1_16x16x1_1x32x1x8_8_1x1_intrawave_v1,148.43,494.16,0.0
gfx942,304,192,2048,4096,ck,18,0,18.9826,a8w8_blockscale_1x128x128_256x64x64x256_16x16_32x32_1x1_16x16x1_16x16x1_1x32x1x8_8_1x1_intrawave_v1,169.69,524.77,0.0
gfx942,304,208,2048,4096,ck,18,0,19.9644,a8w8_blockscale_1x128x128_256x64x64x256_16x16_32x32_1x1_16x16x1_16x16x1_1x32x1x8_8_1x1_intrawave_v1,174.79,505.53,0.0
gfx942,304,224,2048,4096,ck,18,0,20.0588,a8w8_blockscale_1x128x128_256x64x64x256_16x16_32x32_1x1_16x16x1_16x16x1_1x32x1x8_8_1x1_intrawave_v1,187.35,509.68,0.0
gfx942,304,240,2048,4096,ck,18,0,20.1373,a8w8_blockscale_1x128x128_256x64x64x256_16x16_32x32_1x1_16x16x1_16x16x1_1x32x1x8_8_1x1_intrawave_v1,199.95,514.2,0.0
gfx942,304,256,2048,4096,ck,18,0,18.8043,a8w8_blockscale_1x128x128_256x64x64x256_16x16_32x32_1x1_16x16x1_16x16x1_1x32x1x8_8_1x1_intrawave_v1,228.4,557.63,0.0
gfx942,304,288,2048,4096,ck,18,0,20.4338,a8w8_blockscale_1x128x128_256x64x64x256_16x16_32x32_1x1_16x16x1_16x16x1_1x32x1x8_8_1x1_intrawave_v1,236.46,525.99,0.0
gfx942,304,320,2048,4096,ck,18,0,19.0821,a8w8_blockscale_1x128x128_256x64x64x256_16x16_32x32_1x1_16x16x1_16x16x1_1x32x1x8_8_1x1_intrawave_v1,281.35,576.98,0.0
gfx942,304,352,2048,4096,ck,18,0,21.3026,a8w8_blockscale_1x128x128_256x64x64x256_16x16_32x32_1x1_16x16x1_16x16x1_1x32x1x8_8_1x1_intrawave_v1,277.22,529.15,0.0
gfx942,304,384,2048,4096,ck,18,0,19.3998,a8w8_blockscale_1x128x128_256x64x64x256_16x16_32x32_1x1_16x16x1_16x16x1_1x32x1x8_8_1x1_intrawave_v1,332.09,594.56,0.0
gfx942,304,416,2048,4096,ck,18,0,20.8458,a8w8_blockscale_1x128x128_256x64x64x256_16x16_32x32_1x1_16x16x1_16x16x1_1x32x1x8_8_1x1_intrawave_v1,334.81,565.89,0.0
gfx942,304,448,2048,4096,ck,18,0,19.7705,a8w8_blockscale_1x128x128_256x64x64x256_16x16_32x32_1x1_16x16x1_16x16x1_1x32x1x8_8_1x1_intrawave_v1,380.17,609.93,0.0
gfx942,304,480,2048,4096,ck,18,0,21.7078,a8w8_blockscale_1x128x128_256x64x64x256_16x16_32x32_1x1_16x16x1_16x16x1_1x32x1x8_8_1x1_intrawave_v1,370.98,567.57,0.0
gfx942,304,512,2048,4096,ck,18,0,20.1294,a8w8_blockscale_1x128x128_256x64x64x256_16x16_32x32_1x1_16x16x1_16x16x1_1x32x1x8_8_1x1_intrawave_v1,426.74,625.1,0.0
gfx942,304,544,2048,4096,ck,18,0,22.9273,a8w8_blockscale_1x128x128_256x64x64x256_16x16_32x32_1x1_16x16x1_16x16x1_1x32x1x8_8_1x1_intrawave_v1,398.08,560.25,0.0
gfx942,304,672,2048,4096,ck,3,0,33.3463,a8w8_blockscale_1x128x128_256x64x64x128_16x16_32x32_1x1_8x32x1_8x32x1_1x32x1x8_8_1x1_intrawave_v3,338.1,416.65,0.0
gfx942,304,736,2048,4096,ck,3,0,32.0103,a8w8_blockscale_1x128x128_256x64x64x128_16x16_32x32_1x1_8x32x1_8x32x1_1x32x1x8_8_1x1_intrawave_v3,385.75,450.42,0.0
gfx942,304,768,2048,4096,ck,3,0,32.4684,a8w8_blockscale_1x128x128_256x64x64x128_16x16_32x32_1x1_8x32x1_8x32x1_1x32x1x8_8_1x1_intrawave_v3,396.84,452.13,0.0
gfx942,304,800,2048,4096,ck,3,0,34.4359,a8w8_blockscale_1x128x128_256x64x64x128_16x16_32x32_1x1_8x32x1_8x32x1_1x32x1x8_8_1x1_intrawave_v3,389.76,433.91,0.0
gfx942,304,832,2048,4096,ck,3,0,35.0657,a8w8_blockscale_1x128x128_256x64x64x128_16x16_32x32_1x1_8x32x1_8x32x1_1x32x1x8_8_1x1_intrawave_v3,398.07,433.6,0.0
gfx942,304,864,2048,4096,ck,3,0,35.8916,a8w8_blockscale_1x128x128_256x64x64x128_16x16_32x32_1x1_8x32x1_8x32x1_1x32x1x8_8_1x1_intrawave_v3,403.87,430.92,0.0
gfx942,304,896,2048,4096,ck,3,0,35.0379,a8w8_blockscale_1x128x128_256x64x64x128_16x16_32x32_1x1_8x32x1_8x32x1_1x32x1x8_8_1x1_intrawave_v3,429.03,448.9,0.0
gfx942,304,928,2048,4096,ck,2,0,36.2455,a8w8_blockscale_1x128x128_256x64x128x128_16x16_32x32_1x2_8x32x1_8x32x1_1x32x1x8_8_1x1_intrawave_v3,429.55,441.18,0.0
gfx942,304,960,2048,4096,ck,18,0,35.7865,a8w8_blockscale_1x128x128_256x64x64x256_16x16_32x32_1x1_16x16x1_16x16x1_1x32x1x8_8_1x1_intrawave_v1,450.06,454.16,0.0
gfx942,304,992,2048,4096,ck,3,0,37.4083,a8w8_blockscale_1x128x128_256x64x64x128_16x16_32x32_1x1_8x32x1_8x32x1_1x32x1x8_8_1x1_intrawave_v3,444.9,441.48,0.0
gfx942,304,1024,2048,4096,ck,3,0,38.9594,a8w8_blockscale_1x128x128_256x64x64x128_16x16_32x32_1x1_8x32x1_8x32x1_1x32x1x8_8_1x1_intrawave_v3,440.97,430.63,0.0
gfx942,304,1088,2048,4096,ck,3,0,39.3703,a8w8_blockscale_1x128x128_256x64x64x128_16x16_32x32_1x1_8x32x1_8x32x1_1x32x1x8_8_1x1_intrawave_v3,463.64,439.46,0.0
gfx942,304,1152,2048,4096,ck,3,0,40.2111,a8w8_blockscale_1x128x128_256x64x64x128_16x16_32x32_1x1_8x32x1_8x32x1_1x32x1x8_8_1x1_intrawave_v3,480.65,443.31,0.0
gfx942,304,1216,2048,4096,ck,2,0,41.6761,a8w8_blockscale_1x128x128_256x64x128x128_16x16_32x32_1x2_8x32x1_8x32x1_1x32x1x8_8_1x1_intrawave_v3,489.52,440.3,0.0
gfx942,304,1280,2048,4096,ck,2,0,52.6971,a8w8_blockscale_1x128x128_256x64x128x128_16x16_32x32_1x2_8x32x1_8x32x1_1x32x1x8_8_1x1_intrawave_v3,407.51,358.17,0.0
gfx942,304,1344,2048,4096,ck,0,0,51.9758,a8w8_blockscale_1x128x128_256x128x128x128_16x16_32x32_2x2_8x32x1_8x32x1_1x32x1x8_8_1x1_intrawave_v3,433.83,373.22,0.0
gfx942,304,1408,2048,4096,ck,2,0,53.1051,a8w8_blockscale_1x128x128_256x64x128x128_16x16_32x32_1x2_8x32x1_8x32x1_1x32x1x8_8_1x1_intrawave_v3,444.82,375.16,0.0
gfx942,304,1472,2048,4096,ck,0,0,53.3103,a8w8_blockscale_1x128x128_256x128x128x128_16x16_32x32_2x2_8x32x1_8x32x1_1x32x1x8_8_1x1_intrawave_v3,463.25,383.55,0.0
gfx942,304,1536,2048,4096,ck,2,0,53.7749,a8w8_blockscale_1x128x128_256x64x128x128_16x16_32x32_1x2_8x32x1_8x32x1_1x32x1x8_8_1x1_intrawave_v3,479.22,389.99,0.0
gfx942,304,1600,2048,4096,ck,0,0,55.0371,a8w8_blockscale_1x128x128_256x128x128x128_16x16_32x32_2x2_8x32x1_8x32x1_1x32x1x8_8_1x1_intrawave_v3,487.74,390.57,0.0
gfx942,304,1664,2048,4096,ck,2,0,55.1041,a8w8_blockscale_1x128x128_256x64x128x128_16x16_32x32_1x2_8x32x1_8x32x1_1x32x1x8_8_1x1_intrawave_v3,506.63,399.61,0.0
gfx942,304,1728,2048,4096,ck,0,0,55.2926,a8w8_blockscale_1x128x128_256x128x128x128_16x16_32x32_2x2_8x32x1_8x32x1_1x32x1x8_8_1x1_intrawave_v3,524.32,407.73,0.0
gfx942,304,1792,2048,4096,ck,2,0,55.6039,a8w8_blockscale_1x128x128_256x64x128x128_16x16_32x32_1x2_8x32x1_8x32x1_1x32x1x8_8_1x1_intrawave_v3,540.7,414.88,0.0
gfx942,304,1856,2048,4096,ck,0,0,53.32,a8w8_blockscale_1x128x128_256x128x128x128_16x16_32x32_2x2_8x32x1_8x32x1_1x32x1x8_8_1x1_intrawave_v3,583.99,442.48,0.0
gfx942,304,1920,2048,4096,ck,2,0,58.1618,a8w8_blockscale_1x128x128_256x64x128x128_16x16_32x32_1x2_8x32x1_8x32x1_1x32x1x8_8_1x1_intrawave_v3,553.84,414.66,0.0
gfx942,304,1984,2048,4096,ck,0,0,54.2935,a8w8_blockscale_1x128x128_256x128x128x128_16x16_32x32_2x2_8x32x1_8x32x1_1x32x1x8_8_1x1_intrawave_v3,613.08,453.86,0.0
gfx942,304,2048,2048,4096,ck,0,0,58.7853,a8w8_blockscale_1x128x128_256x128x128x128_16x16_32x32_2x2_8x32x1_8x32x1_1x32x1x8_8_1x1_intrawave_v3,584.5,428.1,0.0
gfx942,304,2112,2048,4096,ck,0,0,57.3837,a8w8_blockscale_1x128x128_256x128x128x128_16x16_32x32_2x2_8x32x1_8x32x1_1x32x1x8_8_1x1_intrawave_v3,617.48,447.69,0.0
gfx942,304,2176,2048,4096,ck,0,0,59.5615,a8w8_blockscale_1x128x128_256x128x128x128_16x16_32x32_2x2_8x32x1_8x32x1_1x32x1x8_8_1x1_intrawave_v3,612.93,440.12,0.0
gfx942,304,2240,2048,4096,ck,0,0,56.3304,a8w8_blockscale_1x128x128_256x128x128x128_16x16_32x32_2x2_8x32x1_8x32x1_1x32x1x8_8_1x1_intrawave_v3,667.15,474.68,0.0
gfx942,304,2304,2048,4096,ck,0,0,60.8789,a8w8_blockscale_1x128x128_256x128x128x128_16x16_32x32_2x2_8x32x1_8x32x1_1x32x1x8_8_1x1_intrawave_v3,634.94,447.82,0.0
gfx942,304,2368,2048,4096,ck,0,0,58.4308,a8w8_blockscale_1x128x128_256x128x128x128_16x16_32x32_2x2_8x32x1_8x32x1_1x32x1x8_8_1x1_intrawave_v3,679.92,475.56,0.0
gfx942,304,2432,2048,4096,ck,0,0,61.4058,a8w8_blockscale_1x128x128_256x128x128x128_16x16_32x32_2x2_8x32x1_8x32x1_1x32x1x8_8_1x1_intrawave_v3,664.47,461.06,0.0
gfx942,304,2496,2048,4096,ck,0,0,76.8063,a8w8_blockscale_1x128x128_256x128x128x128_16x16_32x32_2x2_8x32x1_8x32x1_1x32x1x8_8_1x1_intrawave_v3,545.21,375.44,0.0
gfx942,304,2560,2048,4096,ck,0,0,78.0899,a8w8_blockscale_1x128x128_256x128x128x128_16x16_32x32_2x2_8x32x1_8x32x1_1x32x1x8_8_1x1_intrawave_v3,550.0,375.98,0.0
gfx942,304,2624,2048,4096,ck,0,0,81.2381,a8w8_blockscale_1x128x128_256x128x128x128_16x16_32x32_2x2_8x32x1_8x32x1_1x32x1x8_8_1x1_intrawave_v3,541.91,367.86,0.0
gfx942,304,2688,2048,4096,ck,0,0,81.0409,a8w8_blockscale_1x128x128_256x128x128x128_16x16_32x32_2x2_8x32x1_8x32x1_1x32x1x8_8_1x1_intrawave_v3,556.47,375.23,0.0
gfx942,304,2752,2048,4096,ck,0,0,78.7847,a8w8_blockscale_1x128x128_256x128x128x128_16x16_32x32_2x2_8x32x1_8x32x1_1x32x1x8_8_1x1_intrawave_v3,586.04,392.63,0.0
gfx942,304,2816,2048,4096,ck,0,0,78.0641,a8w8_blockscale_1x128x128_256x128x128x128_16x16_32x32_2x2_8x32x1_8x32x1_1x32x1x8_8_1x1_intrawave_v3,605.2,402.97,0.0
gfx942,304,2880,2048,4096,ck,0,0,79.2883,a8w8_blockscale_1x128x128_256x128x128x128_16x16_32x32_2x2_8x32x1_8x32x1_1x32x1x8_8_1x1_intrawave_v3,609.4,403.36,0.0
gfx942,304,2944,2048,4096,ck,0,0,78.7336,a8w8_blockscale_1x128x128_256x128x128x128_16x16_32x32_2x2_8x32x1_8x32x1_1x32x1x8_8_1x1_intrawave_v3,627.33,412.86,0.0
gfx942,304,3008,2048,4096,ck,0,0,78.9374,a8w8_blockscale_1x128x128_256x128x128x128_16x16_32x32_2x2_8x32x1_8x32x1_1x32x1x8_8_1x1_intrawave_v3,639.32,418.43,0.0
gfx942,304,3072,2048,4096,ck,0,0,79.6891,a8w8_blockscale_1x128x128_256x128x128x128_16x16_32x32_2x2_8x32x1_8x32x1_1x32x1x8_8_1x1_intrawave_v3,646.76,421.07,0.0
gfx942,304,3136,2048,4096,ck,0,0,80.5565,a8w8_blockscale_1x128x128_256x128x128x128_16x16_32x32_2x2_8x32x1_8x32x1_1x32x1x8_8_1x1_intrawave_v3,653.12,423.04,0.0
gfx942,304,3264,2048,4096,ck,0,0,79.2524,a8w8_blockscale_1x128x128_256x128x128x128_16x16_32x32_2x2_8x32x1_8x32x1_1x32x1x8_8_1x1_intrawave_v3,690.97,443.23,0.0
gfx942,304,3456,2048,4096,ck,0,0,81.7719,a8w8_blockscale_1x128x128_256x128x128x128_16x16_32x32_2x2_8x32x1_8x32x1_1x32x1x8_8_1x1_intrawave_v3,709.07,448.81,0.0
gfx942,304,3584,2048,4096,ck,0,0,83.4983,a8w8_blockscale_1x128x128_256x128x128x128_16x16_32x32_2x2_8x32x1_8x32x1_1x32x1x8_8_1x1_intrawave_v3,720.13,452.09,0.0
gfx942,304,3648,2048,4096,ck,0,0,84.9289,a8w8_blockscale_1x128x128_256x128x128x128_16x16_32x32_2x2_8x32x1_8x32x1_1x32x1x8_8_1x1_intrawave_v3,720.64,450.65,0.0
gfx942,304,3776,2048,4096,ck,0,0,86.6062,a8w8_blockscale_1x128x128_256x128x128x128_16x16_32x32_2x2_8x32x1_8x32x1_1x32x1x8_8_1x1_intrawave_v3,731.48,454.03,0.0
gfx942,304,3840,2048,4096,ck,0,0,86.1487,a8w8_blockscale_1x128x128_256x128x128x128_16x16_32x32_2x2_8x32x1_8x32x1_1x32x1x8_8_1x1_intrawave_v3,747.83,462.52,0.0
gfx942,304,3904,2048,4096,ck,0,0,89.3107,a8w8_blockscale_1x128x128_256x128x128x128_16x16_32x32_2x2_8x32x1_8x32x1_1x32x1x8_8_1x1_intrawave_v3,733.38,452.02,0.0
gfx942,304,3968,2048,4096,ck,0,0,89.2222,a8w8_blockscale_1x128x128_256x128x128x128_16x16_32x32_2x2_8x32x1_8x32x1_1x32x1x8_8_1x1_intrawave_v3,746.14,458.34,0.0
gfx942,304,4096,2048,4096,ck,0,0,86.9855,a8w8_blockscale_1x128x128_256x128x128x128_16x16_32x32_2x2_8x32x1_8x32x1_1x32x1x8_8_1x1_intrawave_v3,790.01,482.18,0.0
gfx942,304,5120,2048,4096,ck,0,0,123.5586,a8w8_blockscale_1x128x128_256x128x128x128_16x16_32x32_2x2_8x32x1_8x32x1_1x32x1x8_8_1x1_intrawave_v3,695.21,407.35,0.0
gfx942,304,7296,2048,4096,ck,0,0,151.9453,a8w8_blockscale_1x128x128_256x128x128x128_16x16_32x32_2x2_8x32x1_8x32x1_1x32x1x8_8_1x1_intrawave_v3,805.6,448.57,0.0
gfx942,304,8192,2048,4096,ck,0,0,163.5577,a8w8_blockscale_1x128x128_256x128x128x128_16x16_32x32_2x2_8x32x1_8x32x1_1x32x1x8_8_1x1_intrawave_v3,840.31,461.6,0.0
gfx942,304,8320,2048,4096,ck,0,0,170.9698,a8w8_blockscale_1x128x128_256x128x128x128_16x16_32x32_2x2_8x32x1_8x32x1_1x32x1x8_8_1x1_intrawave_v3,816.44,447.72,0.0
gfx942,304,13952,2048,4096,ck,0,0,260.5066,a8w8_blockscale_1x128x128_256x128x128x128_16x16_32x32_2x2_8x32x1_8x32x1_1x32x1x8_8_1x1_intrawave_v3,898.54,470.94,0.0
gfx942,304,15488,2048,4096,ck,0,0,295.6733,a8w8_blockscale_1x128x128_256x128x128x128_16x16_32x32_2x2_8x32x1_8x32x1_1x32x1x8_8_1x1_intrawave_v3,878.83,457.49,0.0
gfx942,304,16384,2048,4096,ck,0,0,294.8518,a8w8_blockscale_1x128x128_256x128x128x128_16x16_32x32_2x2_8x32x1_8x32x1_1x32x1x8_8_1x1_intrawave_v3,932.26,483.65,0.0
gfx942,304,16,3072,4096,ck,8,0,15.1621,a8w8_blockscale_1x128x128_256x16x64x256_16x16_16x16_1x1_16x16x1_16x16x1_1x16x1x16_4_1x1_intrawave_v1,26.56,840.7,0.0
gfx942,304,32,3072,4096,ck,8,0,15.0782,a8w8_blockscale_1x128x128_256x16x64x256_16x16_16x16_1x1_16x16x1_16x16x1_1x16x1x16_4_1x1_intrawave_v1,53.41,856.24,0.0
gfx942,304,48,3072,4096,ck,8,0,15.2088,a8w8_blockscale_1x128x128_256x16x64x256_16x16_16x16_1x1_16x16x1_16x16x1_1x16x1x16_4_1x1_intrawave_v1,79.43,859.66,0.0
gfx942,304,64,3072,4096,ck,8,0,15.3949,a8w8_blockscale_1x128x128_256x16x64x256_16x16_16x16_1x1_16x16x1_16x16x1_1x16x1x16_4_1x1_intrawave_v1,104.62,859.91,0.0
gfx942,304,80,3072,4096,ck,8,0,16.1953,a8w8_blockscale_1x128x128_256x16x64x256_16x16_16x16_1x1_16x16x1_16x16x1_1x16x1x16_4_1x1_intrawave_v1,124.31,827.53,0.0
gfx942,304,96,3072,4096,ck,8,0,15.2524,a8w8_blockscale_1x128x128_256x16x64x256_16x16_16x16_1x1_16x16x1_16x16x1_1x16x1x16_4_1x1_intrawave_v1,158.4,889.43,0.0
gfx942,304,112,3072,4096,ck,18,0,19.9933,a8w8_blockscale_1x128x128_256x64x64x256_16x16_32x32_1x1_16x16x1_16x16x1_1x32x1x8_8_1x1_intrawave_v1,140.98,686.72,0.0
gfx942,304,128,3072,4096,ck,18,0,18.9386,a8w8_blockscale_1x128x128_256x64x64x256_16x16_32x32_1x1_16x16x1_16x16x1_1x32x1x8_8_1x1_intrawave_v1,170.09,733.61,0.0
gfx942,304,144,3072,4096,ck,18,0,20.452,a8w8_blockscale_1x128x128_256x64x64x256_16x16_32x32_1x1_16x16x1_16x16x1_1x32x1x8_8_1x1_intrawave_v1,177.19,687.34,0.0
gfx942,304,160,3072,4096,ck,18,0,20.0968,a8w8_blockscale_1x128x128_256x64x64x256_16x16_32x32_1x1_16x16x1_16x16x1_1x32x1x8_8_1x1_intrawave_v1,200.36,707.64,0.0
gfx942,304,176,3072,4096,ck,18,0,20.6397,a8w8_blockscale_1x128x128_256x64x64x256_16x16_32x32_1x1_16x16x1_16x16x1_1x32x1x8_8_1x1_intrawave_v1,214.6,696.97,0.0
gfx942,304,192,3072,4096,ck,18,0,19.0406,a8w8_blockscale_1x128x128_256x64x64x256_16x16_32x32_1x1_16x16x1_16x16x1_1x32x1x8_8_1x1_intrawave_v1,253.77,764.1,0.0
gfx942,304,208,3072,4096,ck,18,0,20.9854,a8w8_blockscale_1x128x128_256x64x64x256_16x16_32x32_1x1_16x16x1_16x16x1_1x32x1x8_8_1x1_intrawave_v1,249.43,701.1,0.0
gfx942,304,224,3072,4096,ck,18,0,20.4024,a8w8_blockscale_1x128x128_256x64x64x256_16x16_32x32_1x1_16x16x1_16x16x1_1x32x1x8_8_1x1_intrawave_v1,276.3,729.16,0.0
gfx942,304,240,3072,4096,ck,18,0,20.7894,a8w8_blockscale_1x128x128_256x64x64x256_16x16_32x32_1x1_16x16x1_16x16x1_1x32x1x8_8_1x1_intrawave_v1,290.52,723.47,0.0
gfx942,304,256,3072,4096,ck,18,0,19.5418,a8w8_blockscale_1x128x128_256x64x64x256_16x16_32x32_1x1_16x16x1_16x16x1_1x32x1x8_8_1x1_intrawave_v1,329.68,778.04,0.0
gfx942,304,288,3072,4096,ck,18,0,22.0426,a8w8_blockscale_1x128x128_256x64x64x256_16x16_32x32_1x1_16x16x1_16x16x1_1x32x1x8_8_1x1_intrawave_v1,328.81,704.64,0.0
gfx942,304,320,3072,4096,ck,18,0,20.863,a8w8_blockscale_1x128x128_256x64x64x256_16x16_32x32_1x1_16x16x1_16x16x1_1x32x1x8_8_1x1_intrawave_v1,386.0,760.18,0.0
gfx942,304,352,3072,4096,ck,18,0,21.8193,a8w8_blockscale_1x128x128_256x64x64x256_16x16_32x32_1x1_16x16x1_16x16x1_1x32x1x8_8_1x1_intrawave_v1,405.99,741.88,0.0
gfx942,304,384,3072,4096,ck,18,0,20.35,a8w8_blockscale_1x128x128_256x64x64x256_16x16_32x32_1x1_16x16x1_16x16x1_1x32x1x8_8_1x1_intrawave_v1,474.87,811.55,0.0
gfx942,304,416,3072,4096,ck,3,0,33.3535,a8w8_blockscale_1x128x128_256x64x64x128_16x16_32x32_1x1_8x32x1_8x32x1_1x32x1x8_8_1x1_intrawave_v3,313.88,504.98,0.0
gfx942,304,448,3072,4096,ck,3,0,33.8627,a8w8_blockscale_1x128x128_256x64x64x128_16x16_32x32_1x1_8x32x1_8x32x1_1x32x1x8_8_1x1_intrawave_v3,332.94,507.06,0.0
gfx942,304,480,3072,4096,ck,3,0,36.3934,a8w8_blockscale_1x128x128_256x64x64x128_16x16_32x32_1x1_8x32x1_8x32x1_1x32x1x8_8_1x1_intrawave_v3,331.92,480.8,0.0
gfx942,304,512,3072,4096,ck,18,0,34.8375,a8w8_blockscale_1x128x128_256x64x64x256_16x16_32x32_1x1_16x16x1_16x16x1_1x32x1x8_8_1x1_intrawave_v1,369.86,511.68,0.0
gfx942,304,736,3072,4096,ck,2,0,38.6945,a8w8_blockscale_1x128x128_256x64x128x128_16x16_32x32_1x2_8x32x1_8x32x1_1x32x1x8_8_1x1_intrawave_v3,478.67,519.96,0.0
gfx942,304,768,3072,4096,ck,18,0,40.2559,a8w8_blockscale_1x128x128_256x64x64x256_16x16_32x32_1x1_16x16x1_16x16x1_1x32x1x8_8_1x1_intrawave_v1,480.11,507.93,0.0
gfx942,304,800,3072,4096,ck,2,0,50.6265,a8w8_blockscale_1x128x128_256x64x128x128_16x16_32x32_1x2_8x32x1_8x32x1_1x32x1x8_8_1x1_intrawave_v3,397.67,410.36,0.0
gfx942,304,832,3072,4096,ck,0,0,51.1895,a8w8_blockscale_1x128x128_256x128x128x128_16x16_32x32_2x2_8x32x1_8x32x1_1x32x1x8_8_1x1_intrawave_v3,409.03,412.24,0.0
gfx942,304,864,3072,4096,ck,2,0,50.3232,a8w8_blockscale_1x128x128_256x64x128x128_16x16_32x32_1x2_8x32x1_8x32x1_1x32x1x8_8_1x1_intrawave_v3,432.07,425.85,0.0
gfx942,304,896,3072,4096,ck,2,0,53.2925,a8w8_blockscale_1x128x128_256x64x128x128_16x16_32x32_1x2_8x32x1_8x32x1_1x32x1x8_8_1x1_intrawave_v3,423.11,408.27,0.0
gfx942,304,928,3072,4096,ck,0,0,50.0245,a8w8_blockscale_1x128x128_256x128x128x128_16x16_32x32_2x2_8x32x1_8x32x1_1x32x1x8_8_1x1_intrawave_v3,466.85,441.5,0.0
gfx942,304,960,3072,4096,ck,0,0,50.6594,a8w8_blockscale_1x128x128_256x128x128x128_16x16_32x32_2x2_8x32x1_8x32x1_1x32x1x8_8_1x1_intrawave_v3,476.89,442.43,0.0
gfx942,304,992,3072,4096,ck,0,0,54.1343,a8w8_blockscale_1x128x128_256x128x128x128_16x16_32x32_2x2_8x32x1_8x32x1_1x32x1x8_8_1x1_intrawave_v3,461.16,420.08,0.0
gfx942,304,1024,3072,4096,ck,3,0,55.3899,a8w8_blockscale_1x128x128_256x64x64x128_16x16_32x32_1x1_8x32x1_8x32x1_1x32x1x8_8_1x1_intrawave_v3,465.24,416.48,0.0
gfx942,304,1088,3072,4096,ck,0,0,54.4718,a8w8_blockscale_1x128x128_256x128x128x128_16x16_32x32_2x2_8x32x1_8x32x1_1x32x1x8_8_1x1_intrawave_v3,502.65,435.53,0.0
gfx942,304,1152,3072,4096,ck,2,0,54.7793,a8w8_blockscale_1x128x128_256x64x128x128_16x16_32x32_1x2_8x32x1_8x32x1_1x32x1x8_8_1x1_intrawave_v3,529.23,445.05,0.0
gfx942,304,1216,3072,4096,ck,0,0,52.6493,a8w8_blockscale_1x128x128_256x128x128x128_16x16_32x32_2x2_8x32x1_8x32x1_1x32x1x8_8_1x1_intrawave_v3,581.24,475.5,0.0
gfx942,304,1280,3072,4096,ck,2,0,57.7626,a8w8_blockscale_1x128x128_256x64x128x128_16x16_32x32_1x2_8x32x1_8x32x1_1x32x1x8_8_1x1_intrawave_v3,557.67,444.75,0.0
gfx942,304,1344,3072,4096,ck,0,0,55.1239,a8w8_blockscale_1x128x128_256x128x128x128_16x16_32x32_2x2_8x32x1_8x32x1_1x32x1x8_8_1x1_intrawave_v3,613.58,477.93,0.0
gfx942,304,1408,3072,4096,ck,2,0,59.8867,a8w8_blockscale_1x128x128_256x64x128x128_16x16_32x32_1x2_8x32x1_8x32x1_1x32x1x8_8_1x1_intrawave_v3,591.68,450.87,0.0
gfx942,304,1472,3072,4096,ck,0,0,57.0661,a8w8_blockscale_1x128x128_256x128x128x128_16x16_32x32_2x2_8x32x1_8x32x1_1x32x1x8_8_1x1_intrawave_v3,649.14,484.63,0.0
gfx942,304,1536,3072,4096,ck,0,0,60.9824,a8w8_blockscale_1x128x128_256x128x128x128_16x16_32x32_2x2_8x32x1_8x32x1_1x32x1x8_8_1x1_intrawave_v3,633.87,464.26,0.0
gfx942,304,1600,3072,4096,ck,2,0,64.6563,a8w8_blockscale_1x128x128_256x64x128x128_16x16_32x32_1x2_8x32x1_8x32x1_1x32x1x8_8_1x1_intrawave_v3,622.76,448.01,0.0
gfx942,304,1664,3072,4096,ck,0,0,80.7109,a8w8_blockscale_1x128x128_256x128x128x128_16x16_32x32_2x2_8x32x1_8x32x1_1x32x1x8_8_1x1_intrawave_v3,518.84,367.02,0.0
gfx942,304,1728,3072,4096,ck,0,0,78.9255,a8w8_blockscale_1x128x128_256x128x128x128_16x16_32x32_2x2_8x32x1_8x32x1_1x32x1x8_8_1x1_intrawave_v3,550.98,383.62,0.0
gfx942,304,1792,3072,4096,ck,0,0,78.9336,a8w8_blockscale_1x128x128_256x128x128x128_16x16_32x32_2x2_8x32x1_8x32x1_1x32x1x8_8_1x1_intrawave_v3,571.33,391.89,0.0
gfx942,304,1856,3072,4096,ck,0,0,78.3428,a8w8_blockscale_1x128x128_256x128x128x128_16x16_32x32_2x2_8x32x1_8x32x1_1x32x1x8_8_1x1_intrawave_v3,596.2,403.21,0.0
gfx942,304,1920,3072,4096,ck,0,0,78.9974,a8w8_blockscale_1x128x128_256x128x128x128_16x16_32x32_2x2_8x32x1_8x32x1_1x32x1x8_8_1x1_intrawave_v3,611.65,408.16,0.0
gfx942,304,1984,3072,4096,ck,0,0,80.1206,a8w8_blockscale_1x128x128_256x128x128x128_16x16_32x32_2x2_8x32x1_8x32x1_1x32x1x8_8_1x1_intrawave_v3,623.17,410.62,0.0
gfx942,304,2048,3072,4096,ck,0,0,80.6551,a8w8_blockscale_1x128x128_256x128x128x128_16x16_32x32_2x2_8x32x1_8x32x1_1x32x1x8_8_1x1_intrawave_v3,639.01,416.02,0.0
gfx942,304,2112,3072,4096,ck,0,0,85.2686,a8w8_blockscale_1x128x128_256x128x128x128_16x16_32x32_2x2_8x32x1_8x32x1_1x32x1x8_8_1x1_intrawave_v3,623.33,401.2,0.0
gfx942,304,2176,3072,4096,ck,0,0,81.9464,a8w8_blockscale_1x128x128_256x128x128x128_16x16_32x32_2x2_8x32x1_8x32x1_1x32x1x8_8_1x1_intrawave_v3,668.25,425.46,0.0
gfx942,304,2240,3072,4096,ck,0,0,80.843,a8w8_blockscale_1x128x128_256x128x128x128_16x16_32x32_2x2_8x32x1_8x32x1_1x32x1x8_8_1x1_intrawave_v3,697.3,439.38,0.0
gfx942,304,2304,3072,4096,ck,0,0,84.4995,a8w8_blockscale_1x128x128_256x128x128x128_16x16_32x32_2x2_8x32x1_8x32x1_1x32x1x8_8_1x1_intrawave_v3,686.18,428.12,0.0
gfx942,304,2368,3072,4096,ck,0,0,83.3342,a8w8_blockscale_1x128x128_256x128x128x128_16x16_32x32_2x2_8x32x1_8x32x1_1x32x1x8_8_1x1_intrawave_v3,715.1,441.97,0.0
gfx942,304,2432,3072,4096,ck,0,0,82.7819,a8w8_blockscale_1x128x128_256x128x128x128_16x16_32x32_2x2_8x32x1_8x32x1_1x32x1x8_8_1x1_intrawave_v3,739.33,452.84,0.0
gfx942,304,2496,3072,4096,ck,0,0,82.6894,a8w8_blockscale_1x128x128_256x128x128x128_16x16_32x32_2x2_8x32x1_8x32x1_1x32x1x8_8_1x1_intrawave_v3,759.64,461.27,0.0
gfx942,304,2560,3072,4096,ck,0,0,84.2193,a8w8_blockscale_1x128x128_256x128x128x128_16x16_32x32_2x2_8x32x1_8x32x1_1x32x1x8_8_1x1_intrawave_v3,764.96,460.67,0.0
gfx942,304,2624,3072,4096,ck,0,0,88.0882,a8w8_blockscale_1x128x128_256x128x128x128_16x16_32x32_2x2_8x32x1_8x32x1_1x32x1x8_8_1x1_intrawave_v3,749.65,447.88,0.0
gfx942,304,2688,3072,4096,ck,0,0,88.2517,a8w8_blockscale_1x128x128_256x128x128x128_16x16_32x32_2x2_8x32x1_8x32x1_1x32x1x8_8_1x1_intrawave_v3,766.51,454.47,0.0
gfx942,304,2752,3072,4096,ck,0,0,90.4988,a8w8_blockscale_1x128x128_256x128x128x128_16x16_32x32_2x2_8x32x1_8x32x1_1x32x1x8_8_1x1_intrawave_v3,765.27,450.43,0.0
gfx942,304,2816,3072,4096,ck,0,0,89.6093,a8w8_blockscale_1x128x128_256x128x128x128_16x16_32x32_2x2_8x32x1_8x32x1_1x32x1x8_8_1x1_intrawave_v3,790.84,462.21,0.0
gfx942,304,2880,3072,4096,ck,0,0,90.13,a8w8_blockscale_1x128x128_256x128x128x128_16x16_32x32_2x2_8x32x1_8x32x1_1x32x1x8_8_1x1_intrawave_v3,804.14,466.82,0.0
gfx942,304,2944,3072,4096,ck,0,0,91.7118,a8w8_blockscale_1x128x128_256x128x128x128_16x16_32x32_2x2_8x32x1_8x32x1_1x32x1x8_8_1x1_intrawave_v3,807.84,465.91,0.0
gfx942,304,3008,3072,4096,ck,0,0,92.8694,a8w8_blockscale_1x128x128_256x128x128x128_16x16_32x32_2x2_8x32x1_8x32x1_1x32x1x8_8_1x1_intrawave_v3,815.11,467.16,0.0
gfx942,304,3072,3072,4096,ck,0,0,93.1542,a8w8_blockscale_1x128x128_256x128x128x128_16x16_32x32_2x2_8x32x1_8x32x1_1x32x1x8_8_1x1_intrawave_v3,829.91,472.77,0.0
gfx942,304,3136,3072,4096,ck,0,0,98.048,a8w8_blockscale_1x128x128_256x128x128x128_16x16_32x32_2x2_8x32x1_8x32x1_1x32x1x8_8_1x1_intrawave_v3,804.91,455.85,0.0
gfx942,304,3200,3072,4096,ck,0,0,95.7842,a8w8_blockscale_1x128x128_256x128x128x128_16x16_32x32_2x2_8x32x1_8x32x1_1x32x1x8_8_1x1_intrawave_v3,840.75,473.47,0.0
gfx942,304,3264,3072,4096,ck,0,0,123.6748,a8w8_blockscale_1x128x128_256x128x128x128_16x16_32x32_2x2_8x32x1_8x32x1_1x32x1x8_8_1x1_intrawave_v3,664.17,371.99,0.0
gfx942,304,3328,3072,4096,ck,0,0,124.6991,a8w8_blockscale_1x128x128_256x128x128x128_16x16_32x32_2x2_8x32x1_8x32x1_1x32x1x8_8_1x1_intrawave_v3,671.63,374.19,0.0
gfx942,304,3456,3072,4096,ck,0,0,126.9313,a8w8_blockscale_1x128x128_256x128x128x128_16x16_32x32_2x2_8x32x1_8x32x1_1x32x1x8_8_1x1_intrawave_v3,685.2,377.94,0.0
gfx942,304,3648,3072,4096,ck,0,0,128.2279,a8w8_blockscale_1x128x128_256x128x128x128_16x16_32x32_2x2_8x32x1_8x32x1_1x32x1x8_8_1x1_intrawave_v3,715.95,389.45,0.0
gfx942,304,3712,3072,4096,ck,0,0,124.6995,a8w8_blockscale_1x128x128_256x128x128x128_16x16_32x32_2x2_8x32x1_8x32x1_1x32x1x8_8_1x1_intrawave_v3,749.13,405.73,0.0
gfx942,304,3840,3072,4096,ck,0,0,125.9972,a8w8_blockscale_1x128x128_256x128x128x128_16x16_32x32_2x2_8x32x1_8x32x1_1x32x1x8_8_1x1_intrawave_v3,766.98,411.95,0.0
gfx942,304,4032,3072,4096,ck,0,0,126.0557,a8w8_blockscale_1x128x128_256x128x128x128_16x16_32x32_2x2_8x32x1_8x32x1_1x32x1x8_8_1x1_intrawave_v3,804.95,427.36,0.0
gfx942,304,4224,3072,4096,ck,0,0,130.1355,a8w8_blockscale_1x128x128_256x128x128x128_16x16_32x32_2x2_8x32x1_8x32x1_1x32x1x8_8_1x1_intrawave_v3,816.84,429.07,0.0
gfx942,304,4352,3072,4096,ck,0,0,132.3746,a8w8_blockscale_1x128x128_256x128x128x128_16x16_32x32_2x2_8x32x1_8x32x1_1x32x1x8_8_1x1_intrawave_v3,827.36,431.71,0.0
gfx942,304,7296,3072,4096,ck,0,0,213.0481,a8w8_blockscale_1x128x128_256x128x128x128_16x16_32x32_2x2_8x32x1_8x32x1_1x32x1x8_8_1x1_intrawave_v3,861.82,409.74,0.0
gfx942,304,8192,3072,4096,ck,0,0,238.4982,a8w8_blockscale_1x128x128_256x128x128x128_16x16_32x32_2x2_8x32x1_8x32x1_1x32x1x8_8_1x1_intrawave_v3,864.4,404.49,0.0
gfx942,304,8320,3072,4096,ck,0,0,246.7813,a8w8_blockscale_1x128x128_256x128x128x128_16x16_32x32_2x2_8x32x1_8x32x1_1x32x1x8_8_1x1_intrawave_v3,848.44,396.22,0.0
gfx942,304,13952,3072,4096,ck,0,0,366.6457,a8w8_blockscale_1x128x128_256x128x128x128_16x16_32x32_2x2_8x32x1_8x32x1_1x32x1x8_8_1x1_intrawave_v3,957.64,423.98,0.0
gfx942,304,15488,3072,4096,ck,0,0,406.274,a8w8_blockscale_1x128x128_256x128x128x128_16x16_32x32_2x2_8x32x1_8x32x1_1x32x1x8_8_1x1_intrawave_v3,959.37,421.34,0.0
gfx942,304,16384,3072,4096,ck,0,0,439.7257,a8w8_blockscale_1x128x128_256x128x128x128_16x16_32x32_2x2_8x32x1_8x32x1_1x32x1x8_8_1x1_intrawave_v3,937.67,410.15,0.0
gfx942,304,16,4096,256,ck,8,0,3.1141,a8w8_blockscale_1x128x128_256x16x64x256_16x16_16x16_1x1_16x16x1_16x16x1_1x16x1x16_4_1x1_intrawave_v1,10.78,380.12,0.0
gfx942,304,32,4096,256,ck,6,0,3.3121,a8w8_blockscale_1x128x128_256x16x64x128_8x16_16x16_1x1_16x16x1_8x32x1_1x16x1x16_4_1x1_intrawave_v1,20.26,398.21,0.0
gfx942,304,48,4096,256,ck,8,0,3.3181,a8w8_blockscale_1x128x128_256x16x64x256_16x16_16x16_1x1_16x16x1_16x16x1_1x16x1x16_4_1x1_intrawave_v1,30.34,438.23,0.0
gfx942,304,64,4096,256,ck,13,0,3.7318,a8w8_blockscale_1x128x128_256x32x64x256_16x16_16x16_2x1_16x16x1_16x16x1_1x32x1x8_8_2x1_intrawave_v1,35.97,425.87,0.0
gfx942,304,112,4096,256,ck,13,0,3.8215,a8w8_blockscale_1x128x128_256x32x64x256_16x16_16x16_2x1_16x16x1_16x16x1_1x32x1x8_8_2x1_intrawave_v1,61.46,521.98,0.0
gfx942,304,128,4096,256,ck,8,0,3.7275,a8w8_blockscale_1x128x128_256x16x64x256_16x16_16x16_1x1_16x16x1_16x16x1_1x16x1x16_4_1x1_intrawave_v1,72.01,571.41,0.0
gfx942,304,144,4096,256,ck,8,0,3.9069,a8w8_blockscale_1x128x128_256x16x64x256_16x16_16x16_1x1_16x16x1_16x16x1_1x16x1x16_4_1x1_intrawave_v1,77.3,579.77,0.0
gfx942,304,160,4096,256,ck,8,0,4.2249,a8w8_blockscale_1x128x128_256x16x64x256_16x16_16x16_1x1_16x16x1_16x16x1_1x16x1x16_4_1x1_intrawave_v1,79.42,568.12,0.0
gfx942,304,176,4096,256,ck,6,0,4.3222,a8w8_blockscale_1x128x128_256x16x64x128_8x16_16x16_1x1_16x16x1_8x32x1_1x16x1x16_4_1x1_intrawave_v1,85.4,586.6,0.0
gfx942,304,192,4096,256,ck,6,0,4.3948,a8w8_blockscale_1x128x128_256x16x64x128_8x16_16x16_1x1_16x16x1_8x32x1_1x16x1x16_4_1x1_intrawave_v1,91.62,607.67,0.0
gfx942,304,208,4096,256,ck,8,0,4.7338,a8w8_blockscale_1x128x128_256x16x64x256_16x16_16x16_1x1_16x16x1_16x16x1_1x16x1x16_4_1x1_intrawave_v1,92.15,592.71,0.0
gfx942,304,224,4096,256,ck,6,0,4.5491,a8w8_blockscale_1x128x128_256x16x64x128_8x16_16x16_1x1_16x16x1_8x32x1_1x16x1x16_4_1x1_intrawave_v1,103.26,646.49,0.0
gfx942,304,240,4096,256,ck,13,0,4.7625,a8w8_blockscale_1x128x128_256x32x64x256_16x16_16x16_2x1_16x16x1_16x16x1_1x32x1x8_8_2x1_intrawave_v1,105.68,645.9,0.0
gfx942,304,256,4096,256,ck,16,0,5.0161,a8w8_blockscale_1x128x128_256x64x64x128_16x16_32x32_1x1_8x32x1_8x32x1_1x32x1x8_8_1x1_intrawave_v1,107.03,640.19,0.0
gfx942,304,288,4096,256,ck,13,0,4.8689,a8w8_blockscale_1x128x128_256x32x64x256_16x16_16x16_2x1_16x16x1_16x16x1_1x32x1x8_8_2x1_intrawave_v1,124.05,715.07,0.0
gfx942,304,320,4096,256,ck,6,0,5.493,a8w8_blockscale_1x128x128_256x16x64x128_8x16_16x16_1x1_16x16x1_8x32x1_1x16x1x16_4_1x1_intrawave_v1,122.17,683.04,0.0
gfx942,304,352,4096,256,ck,6,0,5.606,a8w8_blockscale_1x128x128_256x16x64x128_8x16_16x16_1x1_16x16x1_8x32x1_1x16x1x16_4_1x1_intrawave_v1,131.68,717.49,0.0
gfx942,304,384,4096,256,ck,11,0,5.6777,a8w8_blockscale_1x128x128_256x32x64x128_16x16_16x16_2x1_8x32x1_8x32x1_1x32x1x8_8_2x1_intrawave_v1,141.84,756.05,0.0
gfx942,304,416,4096,256,ck,11,0,5.7793,a8w8_blockscale_1x128x128_256x32x64x128_16x16_16x16_2x1_8x32x1_8x32x1_1x32x1x8_8_2x1_intrawave_v1,150.96,789.53,0.0
gfx942,304,448,4096,256,ck,11,0,5.8544,a8w8_blockscale_1x128x128_256x32x64x128_16x16_16x16_2x1_8x32x1_8x32x1_1x32x1x8_8_2x1_intrawave_v1,160.48,825.58,0.0
gfx942,304,480,4096,256,ck,16,0,6.3851,a8w8_blockscale_1x128x128_256x64x64x128_16x16_32x32_1x1_8x32x1_8x32x1_1x32x1x8_8_1x1_intrawave_v1,157.65,799.3,0.0
gfx942,304,512,4096,256,ck,6,0,6.7289,a8w8_blockscale_1x128x128_256x16x64x128_8x16_16x16_1x1_16x16x1_8x32x1_1x16x1x16_4_1x1_intrawave_v1,159.57,798.64,0.0
gfx942,304,736,4096,256,ck,11,0,7.6809,a8w8_blockscale_1x128x128_256x32x64x128_16x16_16x16_2x1_8x32x1_8x32x1_1x32x1x8_8_2x1_intrawave_v1,200.95,946.02,0.0
gfx942,304,768,4096,256,ck,16,0,8.4563,a8w8_blockscale_1x128x128_256x64x64x128_16x16_32x32_1x1_8x32x1_8x32x1_1x32x1x8_8_1x1_intrawave_v1,190.46,891.25,0.0
gfx942,304,800,4096,256,ck,16,0,8.2088,a8w8_blockscale_1x128x128_256x64x64x128_16x16_32x32_1x1_8x32x1_8x32x1_1x32x1x8_8_1x1_intrawave_v1,204.38,951.05,0.0
gfx942,304,832,4096,256,ck,16,0,8.3996,a8w8_blockscale_1x128x128_256x64x64x128_16x16_32x32_1x1_8x32x1_8x32x1_1x32x1x8_8_1x1_intrawave_v1,207.73,961.63,0.0
gfx942,304,864,4096,256,ck,16,0,8.3716,a8w8_blockscale_1x128x128_256x64x64x128_16x16_32x32_1x1_8x32x1_8x32x1_1x32x1x8_8_1x1_intrawave_v1,216.44,997.14,0.0
gfx942,304,896,4096,256,ck,11,0,8.5248,a8w8_blockscale_1x128x128_256x32x64x128_16x16_16x16_2x1_8x32x1_8x32x1_1x32x1x8_8_2x1_intrawave_v1,220.42,1010.93,0.0
gfx942,304,928,4096,256,ck,11,0,9.1934,a8w8_blockscale_1x128x128_256x32x64x128_16x16_16x16_2x1_8x32x1_8x32x1_1x32x1x8_8_2x1_intrawave_v1,211.69,966.82,0.0
gfx942,304,960,4096,256,ck,11,0,9.3274,a8w8_blockscale_1x128x128_256x32x64x128_16x16_16x16_2x1_8x32x1_8x32x1_1x32x1x8_8_2x1_intrawave_v1,215.84,981.91,0.0
gfx942,304,992,4096,256,ck,16,0,9.1204,a8w8_blockscale_1x128x128_256x64x64x128_16x16_32x32_1x1_8x32x1_8x32x1_1x32x1x8_8_1x1_intrawave_v1,228.1,1033.84,0.0
gfx942,304,1024,4096,256,ck,11,0,9.82,a8w8_blockscale_1x128x128_256x32x64x128_16x16_16x16_2x1_8x32x1_8x32x1_1x32x1x8_8_2x1_intrawave_v1,218.68,987.71,0.0
gfx942,304,1088,4096,256,ck,16,0,10.0196,a8w8_blockscale_1x128x128_256x64x64x128_16x16_32x32_1x1_8x32x1_8x32x1_1x32x1x8_8_1x1_intrawave_v1,227.72,1022.0,0.0
gfx942,304,1152,4096,256,ck,16,0,10.3602,a8w8_blockscale_1x128x128_256x64x64x128_16x16_32x32_1x1_8x32x1_8x32x1_1x32x1x8_8_1x1_intrawave_v1,233.19,1040.59,0.0
gfx942,304,1216,4096,256,ck,16,0,10.205,a8w8_blockscale_1x128x128_256x64x64x128_16x16_32x32_1x1_8x32x1_8x32x1_1x32x1x8_8_1x1_intrawave_v1,249.89,1109.39,0.0
gfx942,304,1280,4096,256,ck,16,0,11.2023,a8w8_blockscale_1x128x128_256x64x64x128_16x16_32x32_1x1_8x32x1_8x32x1_1x32x1x8_8_1x1_intrawave_v1,239.63,1058.89,0.0
gfx942,304,1344,4096,256,ck,11,0,11.1257,a8w8_blockscale_1x128x128_256x32x64x128_16x16_16x16_2x1_8x32x1_8x32x1_1x32x1x8_8_2x1_intrawave_v1,253.34,1114.78,0.0
gfx942,304,1408,4096,256,ck,16,0,11.6518,a8w8_blockscale_1x128x128_256x64x64x128_16x16_32x32_1x1_8x32x1_8x32x1_1x32x1x8_8_1x1_intrawave_v1,253.42,1110.85,0.0
gfx942,304,1472,4096,256,ck,16,0,11.7429,a8w8_blockscale_1x128x128_256x64x64x128_16x16_32x32_1x1_8x32x1_8x32x1_1x32x1x8_8_1x1_intrawave_v1,262.88,1148.27,0.0
gfx942,304,1536,4096,256,ck,11,0,12.6682,a8w8_blockscale_1x128x128_256x32x64x128_16x16_16x16_2x1_8x32x1_8x32x1_1x32x1x8_8_2x1_intrawave_v1,254.28,1107.08,0.0
gfx942,304,1600,4096,256,ck,11,0,12.4775,a8w8_blockscale_1x128x128_256x32x64x128_16x16_16x16_2x1_8x32x1_8x32x1_1x32x1x8_8_2x1_intrawave_v1,268.92,1167.33,0.0
gfx942,304,1664,4096,256,ck,16,0,12.8973,a8w8_blockscale_1x128x128_256x64x64x128_16x16_32x32_1x1_8x32x1_8x32x1_1x32x1x8_8_1x1_intrawave_v1,270.57,1171.26,0.0
gfx942,304,1728,4096,256,ck,16,0,13.2535,a8w8_blockscale_1x128x128_256x64x64x128_16x16_32x32_1x1_8x32x1_8x32x1_1x32x1x8_8_1x1_intrawave_v1,273.43,1180.57,0.0
gfx942,304,1792,4096,256,ck,16,0,12.8766,a8w8_blockscale_1x128x128_256x64x64x128_16x16_32x32_1x1_8x32x1_8x32x1_1x32x1x8_8_1x1_intrawave_v1,291.85,1257.12,0.0
gfx942,304,1856,4096,256,ck,16,0,14.4662,a8w8_blockscale_1x128x128_256x64x64x128_16x16_32x32_1x1_8x32x1_8x32x1_1x32x1x8_8_1x1_intrawave_v1,269.06,1156.36,0.0
gfx942,304,1920,4096,256,ck,16,0,14.1435,a8w8_blockscale_1x128x128_256x64x64x128_16x16_32x32_1x1_8x32x1_8x32x1_1x32x1x8_8_1x1_intrawave_v1,284.69,1220.97,0.0
gfx942,304,1984,4096,256,ck,16,0,13.9053,a8w8_blockscale_1x128x128_256x64x64x128_16x16_32x32_1x1_8x32x1_8x32x1_1x32x1x8_8_1x1_intrawave_v1,299.22,1280.76,0.0
gfx942,304,2048,4096,256,ck,16,0,14.7115,a8w8_blockscale_1x128x128_256x64x64x128_16x16_32x32_1x1_8x32x1_8x32x1_1x32x1x8_8_1x1_intrawave_v1,291.95,1247.33,0.0
gfx942,304,2112,4096,256,ck,16,0,14.5478,a8w8_blockscale_1x128x128_256x64x64x128_16x16_32x32_1x1_8x32x1_8x32x1_1x32x1x8_8_1x1_intrawave_v1,304.46,1298.53,0.0
gfx942,304,2176,4096,256,ck,16,0,15.0187,a8w8_blockscale_1x128x128_256x64x64x128_16x16_32x32_1x1_8x32x1_8x32x1_1x32x1x8_8_1x1_intrawave_v1,303.85,1293.82,0.0
gfx942,304,2240,4096,256,ck,16,0,16.0815,a8w8_blockscale_1x128x128_256x64x64x128_16x16_32x32_1x1_8x32x1_8x32x1_1x32x1x8_8_1x1_intrawave_v1,292.11,1241.93,0.0
gfx942,304,2304,4096,256,ck,16,0,14.9772,a8w8_blockscale_1x128x128_256x64x64x128_16x16_32x32_1x1_8x32x1_8x32x1_1x32x1x8_8_1x1_intrawave_v1,322.61,1369.6,0.0
gfx942,304,2368,4096,256,ck,16,0,15.2991,a8w8_blockscale_1x128x128_256x64x64x128_16x16_32x32_1x1_8x32x1_8x32x1_1x32x1x8_8_1x1_intrawave_v1,324.6,1376.12,0.0
gfx942,304,2432,4096,256,ck,16,0,16.1428,a8w8_blockscale_1x128x128_256x64x64x128_16x16_32x32_1x1_8x32x1_8x32x1_1x32x1x8_8_1x1_intrawave_v1,315.95,1337.69,0.0
gfx942,304,2496,4096,256,ck,16,0,16.4991,a8w8_blockscale_1x128x128_256x64x64x128_16x16_32x32_1x1_8x32x1_8x32x1_1x32x1x8_8_1x1_intrawave_v1,317.26,1341.58,0.0
gfx942,304,2560,4096,256,ck,16,0,17.0314,a8w8_blockscale_1x128x128_256x64x64x128_16x16_32x32_1x1_8x32x1_8x32x1_1x32x1x8_8_1x1_intrawave_v1,315.22,1331.39,0.0
gfx942,304,2624,4096,256,ck,16,0,17.5013,a8w8_blockscale_1x128x128_256x64x64x128_16x16_32x32_1x1_8x32x1_8x32x1_1x32x1x8_8_1x1_intrawave_v1,314.43,1326.54,0.0
gfx942,304,2688,4096,256,ck,16,0,17.6,a8w8_blockscale_1x128x128_256x64x64x128_16x16_32x32_1x1_8x32x1_8x32x1_1x32x1x8_8_1x1_intrawave_v1,320.29,1349.82,0.0
gfx942,304,2752,4096,256,ck,16,0,18.2113,a8w8_blockscale_1x128x128_256x64x64x128_16x16_32x32_1x1_8x32x1_8x32x1_1x32x1x8_8_1x1_intrawave_v1,316.91,1334.2,0.0
gfx942,304,2816,4096,256,ck,16,0,18.244,a8w8_blockscale_1x128x128_256x64x64x128_16x16_32x32_1x1_8x32x1_8x32x1_1x32x1x8_8_1x1_intrawave_v1,323.7,1361.44,0.0
gfx942,304,2880,4096,256,ck,16,0,18.5889,a8w8_blockscale_1x128x128_256x64x64x128_16x16_32x32_1x1_8x32x1_8x32x1_1x32x1x8_8_1x1_intrawave_v1,324.91,1365.27,0.0
gfx942,304,2944,4096,256,ck,16,0,19.2124,a8w8_blockscale_1x128x128_256x64x64x128_16x16_32x32_1x1_8x32x1_8x32x1_1x32x1x8_8_1x1_intrawave_v1,321.36,1349.1,0.0
gfx942,304,3008,4096,256,ck,16,0,19.5166,a8w8_blockscale_1x128x128_256x64x64x128_16x16_32x32_1x1_8x32x1_8x32x1_1x32x1x8_8_1x1_intrawave_v1,323.22,1355.78,0.0
gfx942,304,3072,4096,256,ck,16,0,19.3144,a8w8_blockscale_1x128x128_256x64x64x128_16x16_32x32_1x1_8x32x1_8x32x1_1x32x1x8_8_1x1_intrawave_v1,333.56,1397.96,0.0
gfx942,304,3136,4096,256,ck,16,0,20.2386,a8w8_blockscale_1x128x128_256x64x64x128_16x16_32x32_1x1_8x32x1_8x32x1_1x32x1x8_8_1x1_intrawave_v1,324.96,1360.84,0.0
gfx942,304,3200,4096,256,ck,16,0,19.925,a8w8_blockscale_1x128x128_256x64x64x128_16x16_32x32_1x1_8x32x1_8x32x1_1x32x1x8_8_1x1_intrawave_v1,336.81,1409.39,0.0
gfx942,304,3264,4096,256,ck,16,0,20.425,a8w8_blockscale_1x128x128_256x64x64x128_16x16_32x32_1x1_8x32x1_8x32x1_1x32x1x8_8_1x1_intrawave_v1,335.13,1401.36,0.0
gfx942,304,3328,4096,256,ck,16,0,20.8502,a8w8_blockscale_1x128x128_256x64x64x128_16x16_32x32_1x1_8x32x1_8x32x1_1x32x1x8_8_1x1_intrawave_v1,334.74,1398.72,0.0
gfx942,304,3456,4096,256,ck,16,0,22.1319,a8w8_blockscale_1x128x128_256x64x64x128_16x16_32x32_1x1_8x32x1_8x32x1_1x32x1x8_8_1x1_intrawave_v1,327.48,1366.57,0.0
gfx942,304,3648,4096,256,ck,16,0,23.2032,a8w8_blockscale_1x128x128_256x64x64x128_16x16_32x32_1x1_8x32x1_8x32x1_1x32x1x8_8_1x1_intrawave_v1,329.71,1373.38,0.0
gfx942,304,3712,4096,256,ck,16,0,23.655,a8w8_blockscale_1x128x128_256x64x64x128_16x16_32x32_1x1_8x32x1_8x32x1_1x32x1x8_8_1x1_intrawave_v1,329.09,1370.01,0.0
gfx942,304,3840,4096,256,ck,16,0,24.6345,a8w8_blockscale_1x128x128_256x64x64x128_16x16_32x32_1x1_8x32x1_8x32x1_1x32x1x8_8_1x1_intrawave_v1,326.9,1359.43,0.0
gfx942,304,4032,4096,256,ck,16,0,25.3657,a8w8_blockscale_1x128x128_256x64x64x128_16x16_32x32_1x1_8x32x1_8x32x1_1x32x1x8_8_1x1_intrawave_v1,333.35,1384.19,0.0
gfx942,304,4224,4096,256,ck,16,0,25.7887,a8w8_blockscale_1x128x128_256x64x64x128_16x16_32x32_1x1_8x32x1_8x32x1_1x32x1x8_8_1x1_intrawave_v1,343.5,1424.38,0.0
gfx942,304,4352,4096,256,ck,16,0,25.8529,a8w8_blockscale_1x128x128_256x64x64x128_16x16_32x32_1x1_8x32x1_8x32x1_1x32x1x8_8_1x1_intrawave_v1,353.03,1462.67,0.0
gfx942,304,7296,4096,256,ck,16,0,41.2418,a8w8_blockscale_1x128x128_256x64x64x128_16x16_32x32_1x1_8x32x1_8x32x1_1x32x1x8_8_1x1_intrawave_v1,371.0,1519.94,0.0
gfx942,304,8192,4096,256,ck,16,0,47.6417,a8w8_blockscale_1x128x128_256x64x64x128_16x16_32x32_1x1_8x32x1_8x32x1_1x32x1x8_8_1x1_intrawave_v1,360.61,1474.64,0.0
gfx942,304,8320,4096,256,ck,16,0,46.1617,a8w8_blockscale_1x128x128_256x64x64x128_16x16_32x32_1x1_8x32x1_8x32x1_1x32x1x8_8_1x1_intrawave_v1,377.98,1545.35,0.0
gfx942,304,13952,4096,256,ck,16,0,75.8636,a8w8_blockscale_1x128x128_256x64x64x128_16x16_32x32_1x1_8x32x1_8x32x1_1x32x1x8_8_1x1_intrawave_v1,385.69,1567.49,0.0
gfx942,304,15488,4096,256,ck,16,0,80.9121,a8w8_blockscale_1x128x128_256x64x64x128_16x16_32x32_1x1_8x32x1_8x32x1_1x32x1x8_8_1x1_intrawave_v1,401.43,1630.06,0.0
gfx942,304,16384,4096,256,ck,16,0,85.4315,a8w8_blockscale_1x128x128_256x64x64x128_16x16_32x32_1x1_8x32x1_8x32x1_1x32x1x8_8_1x1_intrawave_v1,402.19,1632.43,0.0
gfx942,304,16,4096,1536,ck,8,0,7.5416,a8w8_blockscale_1x128x128_256x16x64x256_16x16_16x16_1x1_16x16x1_16x16x1_1x16x1x16_4_1x1_intrawave_v1,26.7,854.87,0.0
gfx942,304,32,4096,1536,ck,8,0,7.5772,a8w8_blockscale_1x128x128_256x16x64x256_16x16_16x16_1x1_16x16x1_16x16x1_1x16x1x16_4_1x1_intrawave_v1,53.14,871.4,0.0
gfx942,304,48,4096,1536,ck,8,0,7.5805,a8w8_blockscale_1x128x128_256x16x64x256_16x16_16x16_1x1_16x16x1_16x16x1_1x16x1x16_4_1x1_intrawave_v1,79.68,891.55,0.0
gfx942,304,64,4096,1536,ck,8,0,7.9888,a8w8_blockscale_1x128x128_256x16x64x256_16x16_16x16_1x1_16x16x1_16x16x1_1x16x1x16_4_1x1_intrawave_v1,100.8,865.47,0.0
gfx942,304,80,4096,1536,ck,13,0,8.6299,a8w8_blockscale_1x128x128_256x32x64x256_16x16_16x16_2x1_16x16x1_16x16x1_1x32x1x8_8_2x1_intrawave_v1,116.64,819.21,0.0
gfx942,304,96,4096,1536,ck,13,0,9.216,a8w8_blockscale_1x128x128_256x32x64x256_16x16_16x16_2x1_16x16x1_16x16x1_1x32x1x8_8_2x1_intrawave_v1,131.07,784.0,0.0
gfx942,304,112,4096,1536,ck,13,0,8.8841,a8w8_blockscale_1x128x128_256x32x64x256_16x16_16x16_2x1_16x16x1_16x16x1_1x32x1x8_8_2x1_intrawave_v1,158.63,830.81,0.0
gfx942,304,128,4096,1536,ck,13,0,9.1377,a8w8_blockscale_1x128x128_256x32x64x256_16x16_16x16_2x1_16x16x1_16x16x1_1x32x1x8_8_2x1_intrawave_v1,176.26,824.79,0.0
gfx942,304,144,4096,1536,ck,7,0,10.0346,a8w8_blockscale_1x128x128_256x16x128x256_16x16_16x16_1x2_16x16x1_16x16x1_1x16x1x16_8_1x2_intrawave_v1,180.57,766.58,0.0
gfx942,304,160,4096,1536,ck,18,0,10.5933,a8w8_blockscale_1x128x128_256x64x64x256_16x16_32x32_1x1_16x16x1_16x16x1_1x32x1x8_8_1x1_intrawave_v1,190.05,740.84,0.0
gfx942,304,176,4096,1536,ck,18,0,10.2243,a8w8_blockscale_1x128x128_256x64x64x256_16x16_32x32_1x1_16x16x1_16x16x1_1x32x1x8_8_1x1_intrawave_v1,216.6,782.8,0.0
gfx942,304,192,4096,1536,ck,18,0,10.2526,a8w8_blockscale_1x128x128_256x64x64x256_16x16_32x32_1x1_16x16x1_16x16x1_1x32x1x8_8_1x1_intrawave_v1,235.64,795.82,0.0
gfx942,304,208,4096,1536,ck,18,0,10.4432,a8w8_blockscale_1x128x128_256x64x64x256_16x16_32x32_1x1_16x16x1_16x16x1_1x32x1x8_8_1x1_intrawave_v1,250.62,796.2,0.0
gfx942,304,224,4096,1536,ck,18,0,10.8315,a8w8_blockscale_1x128x128_256x64x64x256_16x16_32x32_1x1_16x16x1_16x16x1_1x32x1x8_8_1x1_intrawave_v1,260.22,782.03,0.0
gfx942,304,240,4096,1536,ck,18,0,10.803,a8w8_blockscale_1x128x128_256x64x64x256_16x16_32x32_1x1_16x16x1_16x16x1_1x32x1x8_8_1x1_intrawave_v1,279.54,798.5,0.0
gfx942,304,256,4096,1536,ck,18,0,9.9436,a8w8_blockscale_1x128x128_256x64x64x256_16x16_32x32_1x1_16x16x1_16x16x1_1x32x1x8_8_1x1_intrawave_v1,323.95,883.16,0.0
gfx942,304,288,4096,1536,ck,12,0,12.4156,a8w8_blockscale_1x128x128_256x32x128x256_16x16_32x32_1x1_16x16x1_16x16x1_1x32x1x8_8_1x1_intrawave_v1,291.88,732.39,0.0
gfx942,304,320,4096,1536,ck,3,0,14.7448,a8w8_blockscale_1x128x128_256x64x64x128_16x16_32x32_1x1_8x32x1_8x32x1_1x32x1x8_8_1x1_intrawave_v3,273.08,637.81,0.0
gfx942,304,352,4096,1536,ck,3,0,15.1975,a8w8_blockscale_1x128x128_256x64x64x128_16x16_32x32_1x1_8x32x1_8x32x1_1x32x1x8_8_1x1_intrawave_v3,291.44,639.3,0.0
gfx942,304,384,4096,1536,ck,3,0,15.2163,a8w8_blockscale_1x128x128_256x64x64x128_16x16_32x32_1x1_8x32x1_8x32x1_1x32x1x8_8_1x1_intrawave_v3,317.54,658.96,0.0
gfx942,304,416,4096,1536,ck,3,0,15.6253,a8w8_blockscale_1x128x128_256x64x64x128_16x16_32x32_1x1_8x32x1_8x32x1_1x32x1x8_8_1x1_intrawave_v3,335.0,661.64,0.0
gfx942,304,448,4096,1536,ck,3,0,15.9139,a8w8_blockscale_1x128x128_256x64x64x128_16x16_32x32_1x1_8x32x1_8x32x1_1x32x1x8_8_1x1_intrawave_v3,354.23,669.2,0.0
gfx942,304,480,4096,1536,ck,3,0,15.9329,a8w8_blockscale_1x128x128_256x64x64x128_16x16_32x32_1x1_8x32x1_8x32x1_1x32x1x8_8_1x1_intrawave_v3,379.08,687.94,0.0
gfx942,304,512,4096,1536,ck,18,0,16.0003,a8w8_blockscale_1x128x128_256x64x64x256_16x16_32x32_1x1_16x16x1_16x16x1_1x32x1x8_8_1x1_intrawave_v1,402.65,704.5,0.0
gfx942,304,736,4096,1536,ck,3,0,22.1009,a8w8_blockscale_1x128x128_256x64x64x128_16x16_32x32_1x1_8x32x1_8x32x1_1x32x1x8_8_1x1_intrawave_v3,419.03,608.63,0.0
gfx942,304,768,4096,1536,ck,3,0,22.2873,a8w8_blockscale_1x128x128_256x64x64x128_16x16_32x32_1x1_8x32x1_8x32x1_1x32x1x8_8_1x1_intrawave_v3,433.6,617.51,0.0
gfx942,304,800,4096,1536,ck,3,0,23.0733,a8w8_blockscale_1x128x128_256x64x64x128_16x16_32x32_1x1_8x32x1_8x32x1_1x32x1x8_8_1x1_intrawave_v3,436.28,609.96,0.0
gfx942,304,832,4096,1536,ck,3,0,23.4502,a8w8_blockscale_1x128x128_256x64x64x128_16x16_32x32_1x1_8x32x1_8x32x1_1x32x1x8_8_1x1_intrawave_v3,446.43,613.43,0.0
gfx942,304,864,4096,1536,ck,3,0,23.5764,a8w8_blockscale_1x128x128_256x64x64x128_16x16_32x32_1x1_8x32x1_8x32x1_1x32x1x8_8_1x1_intrawave_v3,461.12,623.35,0.0
gfx942,304,896,4096,1536,ck,3,0,23.9169,a8w8_blockscale_1x128x128_256x64x64x128_16x16_32x32_1x1_8x32x1_8x32x1_1x32x1x8_8_1x1_intrawave_v3,471.39,627.5,0.0
gfx942,304,928,4096,1536,ck,0,0,23.811,a8w8_blockscale_1x128x128_256x128x128x128_16x16_32x32_2x2_8x32x1_8x32x1_1x32x1x8_8_1x1_intrawave_v3,490.4,643.36,0.0
gfx942,304,960,4096,1536,ck,0,0,24.9813,a8w8_blockscale_1x128x128_256x128x128x128_16x16_32x32_2x2_8x32x1_8x32x1_1x32x1x8_8_1x1_intrawave_v3,483.55,625.68,0.0
gfx942,304,992,4096,1536,ck,0,0,24.9799,a8w8_blockscale_1x128x128_256x128x128x128_16x16_32x32_2x2_8x32x1_8x32x1_1x32x1x8_8_1x1_intrawave_v3,499.69,638.18,0.0
gfx942,304,1024,4096,1536,ck,0,0,25.8585,a8w8_blockscale_1x128x128_256x128x128x128_16x16_32x32_2x2_8x32x1_8x32x1_1x32x1x8_8_1x1_intrawave_v3,498.28,628.53,0.0
gfx942,304,1088,4096,1536,ck,0,0,25.3888,a8w8_blockscale_1x128x128_256x128x128x128_16x16_32x32_2x2_8x32x1_8x32x1_1x32x1x8_8_1x1_intrawave_v3,539.22,664.68,0.0
gfx942,304,1152,4096,1536,ck,0,0,26.388,a8w8_blockscale_1x128x128_256x128x128x128_16x16_32x32_2x2_8x32x1_8x32x1_1x32x1x8_8_1x1_intrawave_v3,549.32,663.11,0.0
gfx942,304,1216,4096,1536,ck,2,0,28.9816,a8w8_blockscale_1x128x128_256x64x128x128_16x16_32x32_1x2_8x32x1_8x32x1_1x32x1x8_8_1x1_intrawave_v3,527.95,625.25,0.0
gfx942,304,1280,4096,1536,ck,3,0,34.4863,a8w8_blockscale_1x128x128_256x64x64x128_16x16_32x32_1x1_8x32x1_8x32x1_1x32x1x8_8_1x1_intrawave_v3,467.03,543.5,0.0
gfx942,304,1344,4096,1536,ck,0,0,35.0497,a8w8_blockscale_1x128x128_256x128x128x128_16x16_32x32_2x2_8x32x1_8x32x1_1x32x1x8_8_1x1_intrawave_v3,482.5,552.53,0.0
gfx942,304,1408,4096,1536,ck,3,0,34.8523,a8w8_blockscale_1x128x128_256x64x64x128_16x16_32x32_1x1_8x32x1_8x32x1_1x32x1x8_8_1x1_intrawave_v3,508.34,573.52,0.0
gfx942,304,1472,4096,1536,ck,0,0,35.2532,a8w8_blockscale_1x128x128_256x128x128x128_16x16_32x32_2x2_8x32x1_8x32x1_1x32x1x8_8_1x1_intrawave_v3,525.4,584.66,0.0
gfx942,304,1536,4096,1536,ck,2,0,37.9915,a8w8_blockscale_1x128x128_256x64x128x128_16x16_32x32_1x2_8x32x1_8x32x1_1x32x1x8_8_1x1_intrawave_v3,508.73,558.91,0.0
gfx942,304,1600,4096,1536,ck,0,0,36.5703,a8w8_blockscale_1x128x128_256x128x128x128_16x16_32x32_2x2_8x32x1_8x32x1_1x32x1x8_8_1x1_intrawave_v3,550.52,597.65,0.0
gfx942,304,1664,4096,1536,ck,2,0,38.6499,a8w8_blockscale_1x128x128_256x64x128x128_16x16_32x32_1x2_8x32x1_8x32x1_1x32x1x8_8_1x1_intrawave_v3,541.73,581.6,0.0
gfx942,304,1728,4096,1536,ck,0,0,39.9623,a8w8_blockscale_1x128x128_256x128x128x128_16x16_32x32_2x2_8x32x1_8x32x1_1x32x1x8_8_1x1_intrawave_v3,544.09,578.08,0.0
gfx942,304,1792,4096,1536,ck,0,0,38.997,a8w8_blockscale_1x128x128_256x128x128x128_16x16_32x32_2x2_8x32x1_8x32x1_1x32x1x8_8_1x1_intrawave_v3,578.21,608.36,0.0
gfx942,304,1856,4096,1536,ck,0,0,40.4131,a8w8_blockscale_1x128x128_256x128x128x128_16x16_32x32_2x2_8x32x1_8x32x1_1x32x1x8_8_1x1_intrawave_v3,577.88,602.44,0.0
gfx942,304,1920,4096,1536,ck,0,0,39.2891,a8w8_blockscale_1x128x128_256x128x128x128_16x16_32x32_2x2_8x32x1_8x32x1_1x32x1x8_8_1x1_intrawave_v3,614.91,635.53,0.0
gfx942,304,1984,4096,1536,ck,0,0,39.5986,a8w8_blockscale_1x128x128_256x128x128x128_16x16_32x32_2x2_8x32x1_8x32x1_1x32x1x8_8_1x1_intrawave_v3,630.44,646.28,0.0
gfx942,304,2048,4096,1536,ck,0,0,41.1881,a8w8_blockscale_1x128x128_256x128x128x128_16x16_32x32_2x2_8x32x1_8x32x1_1x32x1x8_8_1x1_intrawave_v3,625.66,636.46,0.0
gfx942,304,2112,4096,1536,ck,0,0,41.3202,a8w8_blockscale_1x128x128_256x128x128x128_16x16_32x32_2x2_8x32x1_8x32x1_1x32x1x8_8_1x1_intrawave_v3,643.15,649.49,0.0
gfx942,304,2176,4096,1536,ck,0,0,41.8414,a8w8_blockscale_1x128x128_256x128x128x128_16x16_32x32_2x2_8x32x1_8x32x1_1x32x1x8_8_1x1_intrawave_v3,654.39,656.28,0.0
gfx942,304,2240,4096,1536,ck,0,0,42.7294,a8w8_blockscale_1x128x128_256x128x128x128_16x16_32x32_2x2_8x32x1_8x32x1_1x32x1x8_8_1x1_intrawave_v3,659.63,657.21,0.0
gfx942,304,2304,4096,1536,ck,0,0,42.3573,a8w8_blockscale_1x128x128_256x128x128x128_16x16_32x32_2x2_8x32x1_8x32x1_1x32x1x8_8_1x1_intrawave_v3,684.44,677.68,0.0
gfx942,304,2368,4096,1536,ck,0,0,45.1054,a8w8_blockscale_1x128x128_256x128x128x128_16x16_32x32_2x2_8x32x1_8x32x1_1x32x1x8_8_1x1_intrawave_v3,660.59,650.2,0.0
gfx942,304,2432,4096,1536,ck,0,0,44.3444,a8w8_blockscale_1x128x128_256x128x128x128_16x16_32x32_2x2_8x32x1_8x32x1_1x32x1x8_8_1x1_intrawave_v3,690.09,675.39,0.0
gfx942,304,2496,4096,1536,ck,0,0,55.7055,a8w8_blockscale_1x128x128_256x128x128x128_16x16_32x32_2x2_8x32x1_8x32x1_1x32x1x8_8_1x1_intrawave_v3,563.8,548.82,0.0
gfx942,304,2560,4096,1536,ck,0,0,56.3199,a8w8_blockscale_1x128x128_256x128x128x128_16x16_32x32_2x2_8x32x1_8x32x1_1x32x1x8_8_1x1_intrawave_v3,571.95,553.89,0.0
gfx942,304,2624,4096,1536,ck,0,0,56.275,a8w8_blockscale_1x128x128_256x128x128x128_16x16_32x32_2x2_8x32x1_8x32x1_1x32x1x8_8_1x1_intrawave_v3,586.72,565.4,0.0
gfx942,304,2688,4096,1536,ck,0,0,56.2047,a8w8_blockscale_1x128x128_256x128x128x128_16x16_32x32_2x2_8x32x1_8x32x1_1x32x1x8_8_1x1_intrawave_v3,601.78,577.18,0.0
gfx942,304,2752,4096,1536,ck,0,0,56.5228,a8w8_blockscale_1x128x128_256x128x128x128_16x16_32x32_2x2_8x32x1_8x32x1_1x32x1x8_8_1x1_intrawave_v3,612.64,584.95,0.0
gfx942,304,2816,4096,1536,ck,0,0,56.6116,a8w8_blockscale_1x128x128_256x128x128x128_16x16_32x32_2x2_8x32x1_8x32x1_1x32x1x8_8_1x1_intrawave_v3,625.9,595.03,0.0
gfx942,304,2880,4096,1536,ck,0,0,56.7385,a8w8_blockscale_1x128x128_256x128x128x128_16x16_32x32_2x2_8x32x1_8x32x1_1x32x1x8_8_1x1_intrawave_v3,638.7,604.67,0.0
gfx942,304,2944,4096,1536,ck,0,0,56.639,a8w8_blockscale_1x128x128_256x128x128x128_16x16_32x32_2x2_8x32x1_8x32x1_1x32x1x8_8_1x1_intrawave_v3,654.04,616.73,0.0
gfx942,304,3008,4096,1536,ck,0,0,56.6354,a8w8_blockscale_1x128x128_256x128x128x128_16x16_32x32_2x2_8x32x1_8x32x1_1x32x1x8_8_1x1_intrawave_v3,668.3,627.76,0.0
gfx942,304,3072,4096,1536,ck,0,0,56.4197,a8w8_blockscale_1x128x128_256x128x128x128_16x16_32x32_2x2_8x32x1_8x32x1_1x32x1x8_8_1x1_intrawave_v3,685.13,641.19,0.0
gfx942,304,3136,4096,1536,ck,0,0,59.1348,a8w8_blockscale_1x128x128_256x128x128x128_16x16_32x32_2x2_8x32x1_8x32x1_1x32x1x8_8_1x1_intrawave_v3,667.29,622.28,0.0
gfx942,304,3200,4096,1536,ck,0,0,58.7967,a8w8_blockscale_1x128x128_256x128x128x128_16x16_32x32_2x2_8x32x1_8x32x1_1x32x1x8_8_1x1_intrawave_v3,684.82,636.45,0.0
gfx942,304,3264,4096,1536,ck,0,0,60.2192,a8w8_blockscale_1x128x128_256x128x128x128_16x16_32x32_2x2_8x32x1_8x32x1_1x32x1x8_8_1x1_intrawave_v3,682.02,631.75,0.0
gfx942,304,3328,4096,1536,ck,0,0,59.6335,a8w8_blockscale_1x128x128_256x128x128x128_16x16_32x32_2x2_8x32x1_8x32x1_1x32x1x8_8_1x1_intrawave_v3,702.22,648.4,0.0
gfx942,304,3456,4096,1536,ck,0,0,61.0652,a8w8_blockscale_1x128x128_256x128x128x128_16x16_32x32_2x2_8x32x1_8x32x1_1x32x1x8_8_1x1_intrawave_v3,712.13,653.59,0.0
gfx942,304,3648,4096,1536,ck,0,0,70.2258,a8w8_blockscale_1x128x128_256x128x128x128_16x16_32x32_2x2_8x32x1_8x32x1_1x32x1x8_8_1x1_intrawave_v3,653.64,594.93,0.0
gfx942,304,3712,4096,1536,ck,0,0,74.7482,a8w8_blockscale_1x128x128_256x128x128x128_16x16_32x32_2x2_8x32x1_8x32x1_1x32x1x8_8_1x1_intrawave_v3,624.87,567.26,0.0
gfx942,304,3840,4096,1536,ck,0,0,75.0128,a8w8_blockscale_1x128x128_256x128x128x128_16x16_32x32_2x2_8x32x1_8x32x1_1x32x1x8_8_1x1_intrawave_v3,644.14,581.86,0.0
gfx942,304,4032,4096,1536,ck,0,0,74.9171,a8w8_blockscale_1x128x128_256x128x128x128_16x16_32x32_2x2_8x32x1_8x32x1_1x32x1x8_8_1x1_intrawave_v3,677.21,607.53,0.0
gfx942,304,4224,4096,1536,ck,0,0,75.0053,a8w8_blockscale_1x128x128_256x128x128x128_16x16_32x32_2x2_8x32x1_8x32x1_1x32x1x8_8_1x1_intrawave_v3,708.62,631.72,0.0
gfx942,304,4352,4096,1536,ck,0,0,74.9339,a8w8_blockscale_1x128x128_256x128x128x128_16x16_32x32_2x2_8x32x1_8x32x1_1x32x1x8_8_1x1_intrawave_v3,730.79,648.94,0.0
gfx942,304,7296,4096,1536,ck,0,0,113.7709,a8w8_blockscale_1x128x128_256x128x128x128_16x16_32x32_2x2_8x32x1_8x32x1_1x32x1x8_8_1x1_intrawave_v3,806.93,679.15,0.0
gfx942,304,8192,4096,1536,ck,0,0,131.0624,a8w8_blockscale_1x128x128_256x128x128x128_16x16_32x32_2x2_8x32x1_8x32x1_1x32x1x8_8_1x1_intrawave_v3,786.49,656.05,0.0
gfx942,304,8320,4096,1536,ck,0,0,132.4387,a8w8_blockscale_1x128x128_256x128x128x128_16x16_32x32_2x2_8x32x1_8x32x1_1x32x1x8_8_1x1_intrawave_v3,790.48,658.63,0.0
gfx942,304,13952,4096,1536,ck,0,0,204.0764,a8w8_blockscale_1x128x128_256x128x128x128_16x16_32x32_2x2_8x32x1_8x32x1_1x32x1x8_8_1x1_intrawave_v3,860.25,695.9,0.0
gfx942,304,15488,4096,1536,ck,0,0,224.4299,a8w8_blockscale_1x128x128_256x128x128x128_16x16_32x32_2x2_8x32x1_8x32x1_1x32x1x8_8_1x1_intrawave_v3,868.35,699.37,0.0
gfx942,304,16384,4096,1536,ck,0,0,240.6017,a8w8_blockscale_1x128x128_256x128x128x128_16x16_32x32_2x2_8x32x1_8x32x1_1x32x1x8_8_1x1_intrawave_v3,856.85,688.59,0.0
gfx942,304,16,4096,3072,ck,8,0,12.4124,a8w8_blockscale_1x128x128_256x16x64x256_16x16_16x16_1x1_16x16x1_16x16x1_1x16x1x16_4_1x1_intrawave_v1,32.44,1028.26,0.0
gfx942,304,32,4096,3072,ck,8,0,12.8123,a8w8_blockscale_1x128x128_256x16x64x256_16x16_16x16_1x1_16x16x1_16x16x1_1x16x1x16_4_1x1_intrawave_v1,62.85,1010.23,0.0
gfx942,304,48,4096,3072,ck,8,0,12.3227,a8w8_blockscale_1x128x128_256x16x64x256_16x16_16x16_1x1_16x16x1_16x16x1_1x16x1x16_4_1x1_intrawave_v1,98.03,1064.99,0.0
gfx942,304,64,4096,3072,ck,8,0,12.1323,a8w8_blockscale_1x128x128_256x16x64x256_16x16_16x16_1x1_16x16x1_16x16x1_1x16x1x16_4_1x1_intrawave_v1,132.75,1096.56,0.0
gfx942,304,80,4096,3072,ck,13,0,15.3751,a8w8_blockscale_1x128x128_256x32x64x256_16x16_16x16_2x1_16x16x1_16x16x1_1x32x1x8_8_2x1_intrawave_v1,130.94,877.0,0.0
gfx942,304,96,4096,3072,ck,13,0,15.0651,a8w8_blockscale_1x128x128_256x32x64x256_16x16_16x16_2x1_16x16x1_16x16x1_1x32x1x8_8_2x1_intrawave_v1,160.37,907.01,0.0
gfx942,304,112,4096,3072,ck,13,0,14.9591,a8w8_blockscale_1x128x128_256x32x64x256_16x16_16x16_2x1_16x16x1_16x16x1_1x32x1x8_8_2x1_intrawave_v1,188.42,925.49,0.0
gfx942,304,128,4096,3072,ck,18,0,14.8092,a8w8_blockscale_1x128x128_256x64x64x256_16x16_32x32_1x1_16x16x1_16x16x1_1x32x1x8_8_1x1_intrawave_v1,217.52,947.03,0.0
gfx942,304,160,4096,3072,ck,18,0,16.0336,a8w8_blockscale_1x128x128_256x64x64x256_16x16_32x32_1x1_16x16x1_16x16x1_1x32x1x8_8_1x1_intrawave_v1,251.13,897.19,0.0
gfx942,304,176,4096,3072,ck,18,0,16.164,a8w8_blockscale_1x128x128_256x64x64x256_16x16_32x32_1x1_16x16x1_16x16x1_1x32x1x8_8_1x1_intrawave_v1,274.02,901.1,0.0
gfx942,304,192,4096,3072,ck,18,0,15.3947,a8w8_blockscale_1x128x128_256x64x64x256_16x16_32x32_1x1_16x16x1_16x16x1_1x32x1x8_8_1x1_intrawave_v1,313.86,957.84,0.0
gfx942,304,208,4096,3072,ck,18,0,16.3917,a8w8_blockscale_1x128x128_256x64x64x256_16x16_32x32_1x1_16x16x1_16x16x1_1x32x1x8_8_1x1_intrawave_v1,319.34,910.57,0.0
gfx942,304,224,4096,3072,ck,18,0,16.6896,a8w8_blockscale_1x128x128_256x64x64x256_16x16_32x32_1x1_16x16x1_16x16x1_1x32x1x8_8_1x1_intrawave_v1,337.76,905.12,0.0
gfx942,304,240,4096,3072,ck,18,0,16.6897,a8w8_blockscale_1x128x128_256x64x64x256_16x16_32x32_1x1_16x16x1_16x16x1_1x32x1x8_8_1x1_intrawave_v1,361.89,915.91,0.0
gfx942,304,256,4096,3072,ck,18,0,16.0035,a8w8_blockscale_1x128x128_256x64x64x256_16x16_32x32_1x1_16x16x1_16x16x1_1x32x1x8_8_1x1_intrawave_v1,402.57,966.44,0.0
gfx942,304,288,4096,3072,ck,12,0,19.8754,a8w8_blockscale_1x128x128_256x32x128x256_16x16_32x32_1x1_16x16x1_16x16x1_1x32x1x8_8_1x1_intrawave_v1,364.66,796.31,0.0
gfx942,304,320,4096,3072,ck,18,0,28.2484,a8w8_blockscale_1x128x128_256x64x64x256_16x16_32x32_1x1_16x16x1_16x16x1_1x32x1x8_8_1x1_intrawave_v1,285.08,573.04,0.0
gfx942,304,352,4096,3072,ck,3,0,27.3424,a8w8_blockscale_1x128x128_256x64x64x128_16x16_32x32_1x1_8x32x1_8x32x1_1x32x1x8_8_1x1_intrawave_v3,323.98,605.21,0.0
gfx942,304,384,4096,3072,ck,18,0,27.8247,a8w8_blockscale_1x128x128_256x64x64x256_16x16_32x32_1x1_16x16x1_16x16x1_1x32x1x8_8_1x1_intrawave_v1,347.31,607.67,0.0
gfx942,304,416,4096,3072,ck,3,0,28.0564,a8w8_blockscale_1x128x128_256x64x64x128_16x16_32x32_1x1_8x32x1_8x32x1_1x32x1x8_8_1x1_intrawave_v3,373.14,615.5,0.0
gfx942,304,448,4096,3072,ck,3,0,28.2164,a8w8_blockscale_1x128x128_256x64x64x128_16x16_32x32_1x1_8x32x1_8x32x1_1x32x1x8_8_1x1_intrawave_v3,399.57,624.79,0.0
gfx942,304,480,4096,3072,ck,3,0,28.6998,a8w8_blockscale_1x128x128_256x64x64x128_16x16_32x32_1x1_8x32x1_8x32x1_1x32x1x8_8_1x1_intrawave_v3,420.89,626.82,0.0
gfx942,304,512,4096,3072,ck,3,0,29.7733,a8w8_blockscale_1x128x128_256x64x64x128_16x16_32x32_1x1_8x32x1_8x32x1_1x32x1x8_8_1x1_intrawave_v3,432.77,616.33,0.0
gfx942,304,544,4096,3072,ck,3,0,30.4291,a8w8_blockscale_1x128x128_256x64x64x128_16x16_32x32_1x1_8x32x1_8x32x1_1x32x1x8_8_1x1_intrawave_v3,449.91,614.89,0.0
gfx942,304,640,4096,3072,ck,3,0,39.5707,a8w8_blockscale_1x128x128_256x64x64x128_16x16_32x32_1x1_8x32x1_8x32x1_1x32x1x8_8_1x1_intrawave_v3,407.02,500.16,0.0
gfx942,304,768,4096,3072,ck,3,0,40.6076,a8w8_blockscale_1x128x128_256x64x64x128_16x16_32x32_1x1_8x32x1_8x32x1_1x32x1x8_8_1x1_intrawave_v3,475.95,522.9,0.0
gfx942,304,800,4096,3072,ck,0,0,39.9776,a8w8_blockscale_1x128x128_256x128x128x128_16x16_32x32_2x2_8x32x1_8x32x1_1x32x1x8_8_1x1_intrawave_v3,503.6,540.16,0.0
gfx942,304,832,4096,3072,ck,0,0,40.3294,a8w8_blockscale_1x128x128_256x128x128x128_16x16_32x32_2x2_8x32x1_8x32x1_1x32x1x8_8_1x1_intrawave_v3,519.17,544.38,0.0
gfx942,304,864,4096,3072,ck,0,0,42.2569,a8w8_blockscale_1x128x128_256x128x128x128_16x16_32x32_2x2_8x32x1_8x32x1_1x32x1x8_8_1x1_intrawave_v3,514.55,528.08,0.0
gfx942,304,896,4096,3072,ck,2,0,43.9318,a8w8_blockscale_1x128x128_256x64x128x128_16x16_32x32_1x2_8x32x1_8x32x1_1x32x1x8_8_1x1_intrawave_v3,513.26,516.15,0.0
gfx942,304,928,4096,3072,ck,0,0,40.5361,a8w8_blockscale_1x128x128_256x128x128x128_16x16_32x32_2x2_8x32x1_8x32x1_1x32x1x8_8_1x1_intrawave_v3,576.13,568.28,0.0
gfx942,304,960,4096,3072,ck,0,0,41.0769,a8w8_blockscale_1x128x128_256x128x128x128_16x16_32x32_2x2_8x32x1_8x32x1_1x32x1x8_8_1x1_intrawave_v3,588.15,569.57,0.0
gfx942,304,992,4096,3072,ck,0,0,42.5291,a8w8_blockscale_1x128x128_256x128x128x128_16x16_32x32_2x2_8x32x1_8x32x1_1x32x1x8_8_1x1_intrawave_v3,587.0,558.6,0.0
gfx942,304,1024,4096,3072,ck,0,0,45.6575,a8w8_blockscale_1x128x128_256x128x128x128_16x16_32x32_2x2_8x32x1_8x32x1_1x32x1x8_8_1x1_intrawave_v3,564.42,528.22,0.0
gfx942,304,1088,4096,3072,ck,0,0,43.0652,a8w8_blockscale_1x128x128_256x128x128x128_16x16_32x32_2x2_8x32x1_8x32x1_1x32x1x8_8_1x1_intrawave_v3,635.79,576.76,0.0
gfx942,304,1152,4096,3072,ck,0,0,47.1678,a8w8_blockscale_1x128x128_256x128x128x128_16x16_32x32_2x2_8x32x1_8x32x1_1x32x1x8_8_1x1_intrawave_v3,614.64,541.87,0.0
gfx942,304,1216,4096,3072,ck,2,0,49.8436,a8w8_blockscale_1x128x128_256x64x128x128_16x16_32x32_1x2_8x32x1_8x32x1_1x32x1x8_8_1x1_intrawave_v3,613.95,527.25,0.0
gfx942,304,1280,4096,3072,ck,0,0,60.6075,a8w8_blockscale_1x128x128_256x128x128x128_16x16_32x32_2x2_8x32x1_8x32x1_1x32x1x8_8_1x1_intrawave_v3,531.49,445.5,0.0
gfx942,304,1344,4096,3072,ck,0,0,61.2539,a8w8_blockscale_1x128x128_256x128x128x128_16x16_32x32_2x2_8x32x1_8x32x1_1x32x1x8_8_1x1_intrawave_v3,552.17,452.57,0.0
gfx942,304,1408,4096,3072,ck,0,0,61.2503,a8w8_blockscale_1x128x128_256x128x128x128_16x16_32x32_2x2_8x32x1_8x32x1_1x32x1x8_8_1x1_intrawave_v3,578.5,464.37,0.0
gfx942,304,1472,4096,3072,ck,0,0,60.0182,a8w8_blockscale_1x128x128_256x128x128x128_16x16_32x32_2x2_8x32x1_8x32x1_1x32x1x8_8_1x1_intrawave_v3,617.21,485.91,0.0
gfx942,304,1536,4096,3072,ck,0,0,62.1067,a8w8_blockscale_1x128x128_256x128x128x128_16x16_32x32_2x2_8x32x1_8x32x1_1x32x1x8_8_1x1_intrawave_v3,622.39,481.18,0.0
gfx942,304,1600,4096,3072,ck,0,0,63.8361,a8w8_blockscale_1x128x128_256x128x128x128_16x16_32x32_2x2_8x32x1_8x32x1_1x32x1x8_8_1x1_intrawave_v3,630.76,479.44,0.0
gfx942,304,1664,4096,3072,ck,0,0,65.4732,a8w8_blockscale_1x128x128_256x128x128x128_16x16_32x32_2x2_8x32x1_8x32x1_1x32x1x8_8_1x1_intrawave_v3,639.59,478.46,0.0
gfx942,304,1728,4096,3072,ck,0,0,63.793,a8w8_blockscale_1x128x128_256x128x128x128_16x16_32x32_2x2_8x32x1_8x32x1_1x32x1x8_8_1x1_intrawave_v3,681.68,502.36,0.0
gfx942,304,1792,4096,3072,ck,0,0,64.9879,a8w8_blockscale_1x128x128_256x128x128x128_16x16_32x32_2x2_8x32x1_8x32x1_1x32x1x8_8_1x1_intrawave_v3,693.93,504.22,0.0
gfx942,304,1856,4096,3072,ck,0,0,67.2149,a8w8_blockscale_1x128x128_256x128x128x128_16x16_32x32_2x2_8x32x1_8x32x1_1x32x1x8_8_1x1_intrawave_v3,694.9,498.24,0.0
gfx942,304,1920,4096,3072,ck,0,0,67.2005,a8w8_blockscale_1x128x128_256x128x128x128_16x16_32x32_2x2_8x32x1_8x32x1_1x32x1x8_8_1x1_intrawave_v3,719.02,509.07,0.0
gfx942,304,1984,4096,3072,ck,0,0,70.3378,a8w8_blockscale_1x128x128_256x128x128x128_16x16_32x32_2x2_8x32x1_8x32x1_1x32x1x8_8_1x1_intrawave_v3,709.85,496.61,0.0
gfx942,304,2048,4096,3072,ck,0,0,68.9924,a8w8_blockscale_1x128x128_256x128x128x128_16x16_32x32_2x2_8x32x1_8x32x1_1x32x1x8_8_1x1_intrawave_v3,747.03,516.75,0.0
gfx942,304,2112,4096,3072,ck,0,0,71.6721,a8w8_blockscale_1x128x128_256x128x128x128_16x16_32x32_2x2_8x32x1_8x32x1_1x32x1x8_8_1x1_intrawave_v3,741.57,507.48,0.0
gfx942,304,2176,4096,3072,ck,0,0,69.5006,a8w8_blockscale_1x128x128_256x128x128x128_16x16_32x32_2x2_8x32x1_8x32x1_1x32x1x8_8_1x1_intrawave_v3,787.92,533.71,0.0
gfx942,304,2240,4096,3072,ck,0,0,75.302,a8w8_blockscale_1x128x128_256x128x128x128_16x16_32x32_2x2_8x32x1_8x32x1_1x32x1x8_8_1x1_intrawave_v3,748.6,502.17,0.0
gfx942,304,2304,4096,3072,ck,0,0,72.1632,a8w8_blockscale_1x128x128_256x128x128x128_16x16_32x32_2x2_8x32x1_8x32x1_1x32x1x8_8_1x1_intrawave_v3,803.49,534.0,0.0
gfx942,304,2368,4096,3072,ck,0,0,75.5409,a8w8_blockscale_1x128x128_256x128x128x128_16x16_32x32_2x2_8x32x1_8x32x1_1x32x1x8_8_1x1_intrawave_v3,788.88,519.67,0.0
gfx942,304,2432,4096,3072,ck,0,0,78.012,a8w8_blockscale_1x128x128_256x128x128x128_16x16_32x32_2x2_8x32x1_8x32x1_1x32x1x8_8_1x1_intrawave_v3,784.54,512.45,0.0
gfx942,304,2496,4096,3072,ck,0,0,96.8916,a8w8_blockscale_1x128x128_256x128x128x128_16x16_32x32_2x2_8x32x1_8x32x1_1x32x1x8_8_1x1_intrawave_v3,648.29,420.03,0.0
gfx942,304,2560,4096,3072,ck,0,0,97.1443,a8w8_blockscale_1x128x128_256x128x128x128_16x16_32x32_2x2_8x32x1_8x32x1_1x32x1x8_8_1x1_intrawave_v3,663.18,426.36,0.0
gfx942,304,2624,4096,3072,ck,0,0,96.5639,a8w8_blockscale_1x128x128_256x128x128x128_16x16_32x32_2x2_8x32x1_8x32x1_1x32x1x8_8_1x1_intrawave_v3,683.85,436.39,0.0
gfx942,304,2688,4096,3072,ck,0,0,96.3874,a8w8_blockscale_1x128x128_256x128x128x128_16x16_32x32_2x2_8x32x1_8x32x1_1x32x1x8_8_1x1_intrawave_v3,701.81,444.67,0.0
gfx942,304,2752,4096,3072,ck,0,0,97.4762,a8w8_blockscale_1x128x128_256x128x128x128_16x16_32x32_2x2_8x32x1_8x32x1_1x32x1x8_8_1x1_intrawave_v3,710.49,447.1,0.0
gfx942,304,2816,4096,3072,ck,0,0,99.1798,a8w8_blockscale_1x128x128_256x128x128x128_16x16_32x32_2x2_8x32x1_8x32x1_1x32x1x8_8_1x1_intrawave_v3,714.53,446.69,0.0
gfx942,304,2880,4096,3072,ck,0,0,99.2685,a8w8_blockscale_1x128x128_256x128x128x128_16x16_32x32_2x2_8x32x1_8x32x1_1x32x1x8_8_1x1_intrawave_v3,730.12,453.55,0.0
gfx942,304,2944,4096,3072,ck,0,0,99.9909,a8w8_blockscale_1x128x128_256x128x128x128_16x16_32x32_2x2_8x32x1_8x32x1_1x32x1x8_8_1x1_intrawave_v3,740.95,457.48,0.0
gfx942,304,3008,4096,3072,ck,0,0,98.7681,a8w8_blockscale_1x128x128_256x128x128x128_16x16_32x32_2x2_8x32x1_8x32x1_1x32x1x8_8_1x1_intrawave_v3,766.43,470.45,0.0
gfx942,304,3072,4096,3072,ck,0,0,97.9218,a8w8_blockscale_1x128x128_256x128x128x128_16x16_32x32_2x2_8x32x1_8x32x1_1x32x1x8_8_1x1_intrawave_v3,789.5,481.87,0.0
gfx942,304,3136,4096,3072,ck,0,0,104.2152,a8w8_blockscale_1x128x128_256x128x128x128_16x16_32x32_2x2_8x32x1_8x32x1_1x32x1x8_8_1x1_intrawave_v3,757.28,459.69,0.0
gfx942,304,3200,4096,3072,ck,0,0,105.3257,a8w8_blockscale_1x128x128_256x128x128x128_16x16_32x32_2x2_8x32x1_8x32x1_1x32x1x8_8_1x1_intrawave_v3,764.59,461.69,0.0
gfx942,304,3264,4096,3072,ck,0,0,102.4236,a8w8_blockscale_1x128x128_256x128x128x128_16x16_32x32_2x2_8x32x1_8x32x1_1x32x1x8_8_1x1_intrawave_v3,801.98,481.81,0.0
gfx942,304,3328,4096,3072,ck,0,0,103.4163,a8w8_blockscale_1x128x128_256x128x128x128_16x16_32x32_2x2_8x32x1_8x32x1_1x32x1x8_8_1x1_intrawave_v3,809.85,484.15,0.0
gfx942,304,3392,4096,3072,ck,0,0,107.5478,a8w8_blockscale_1x128x128_256x128x128x128_16x16_32x32_2x2_8x32x1_8x32x1_1x32x1x8_8_1x1_intrawave_v3,793.72,472.26,0.0
gfx942,304,3584,4096,3072,ck,0,0,107.6723,a8w8_blockscale_1x128x128_256x128x128x128_16x16_32x32_2x2_8x32x1_8x32x1_1x32x1x8_8_1x1_intrawave_v3,837.67,491.8,0.0
gfx942,304,3648,4096,3072,ck,0,0,122.3807,a8w8_blockscale_1x128x128_256x128x128x128_16x16_32x32_2x2_8x32x1_8x32x1_1x32x1x8_8_1x1_intrawave_v3,750.16,438.58,0.0
gfx942,304,3968,4096,3072,ck,0,0,126.1276,a8w8_blockscale_1x128x128_256x128x128x128_16x16_32x32_2x2_8x32x1_8x32x1_1x32x1x8_8_1x1_intrawave_v3,791.72,454.13,0.0
gfx942,304,4096,4096,3072,ck,0,0,128.0659,a8w8_blockscale_1x128x128_256x128x128x128_16x16_32x32_2x2_8x32x1_8x32x1_1x32x1x8_8_1x1_intrawave_v3,804.89,458.52,0.0
gfx942,304,4224,4096,3072,ck,0,0,133.7371,a8w8_blockscale_1x128x128_256x128x128x128_16x16_32x32_2x2_8x32x1_8x32x1_1x32x1x8_8_1x1_intrawave_v3,794.85,449.85,0.0
gfx942,304,4736,4096,3072,ck,0,0,134.7408,a8w8_blockscale_1x128x128_256x128x128x128_16x16_32x32_2x2_8x32x1_8x32x1_1x32x1x8_8_1x1_intrawave_v3,884.55,489.3,0.0
gfx942,304,5120,4096,3072,ck,0,0,157.5178,a8w8_blockscale_1x128x128_256x128x128x128_16x16_32x32_2x2_8x32x1_8x32x1_1x32x1x8_8_1x1_intrawave_v3,818.0,446.01,0.0
gfx942,304,7296,4096,3072,ck,0,0,205.6009,a8w8_blockscale_1x128x128_256x128x128x128_16x16_32x32_2x2_8x32x1_8x32x1_1x32x1x8_8_1x1_intrawave_v3,893.04,460.92,0.0
gfx942,304,8192,4096,3072,ck,0,0,227.5918,a8w8_blockscale_1x128x128_256x128x128x128_16x16_32x32_2x2_8x32x1_8x32x1_1x32x1x8_8_1x1_intrawave_v3,905.83,460.73,0.0
gfx942,304,8320,4096,3072,ck,0,0,229.639,a8w8_blockscale_1x128x128_256x128x128x128_16x16_32x32_2x2_8x32x1_8x32x1_1x32x1x8_8_1x1_intrawave_v3,911.78,462.9,0.0
gfx942,304,13952,4096,3072,ck,0,0,372.9424,a8w8_blockscale_1x128x128_256x128x128x128_16x16_32x32_2x2_8x32x1_8x32x1_1x32x1x8_8_1x1_intrawave_v3,941.47,455.13,0.0
gfx942,304,15488,4096,3072,ck,0,0,419.2389,a8w8_blockscale_1x128x128_256x128x128x128_16x16_32x32_2x2_8x32x1_8x32x1_1x32x1x8_8_1x1_intrawave_v3,929.7,446.14,0.0
gfx942,304,16384,4096,3072,ck,0,0,438.8745,a8w8_blockscale_1x128x128_256x128x128x128_16x16_32x32_2x2_8x32x1_8x32x1_1x32x1x8_8_1x1_intrawave_v3,939.49,449.18,0.0
gfx942,304,16,4096,6144,ck,8,0,21.3746,a8w8_blockscale_1x128x128_256x16x64x256_16x16_16x16_1x1_16x16x1_16x16x1_1x16x1x16_4_1x1_intrawave_v1,37.68,1188.1,0.0
gfx942,304,32,4096,6144,ck,8,0,21.3728,a8w8_blockscale_1x128x128_256x16x64x256_16x16_16x16_1x1_16x16x1_16x16x1_1x16x1x16_4_1x1_intrawave_v1,75.36,1198.93,0.0
gfx942,304,48,4096,6144,ck,8,0,21.195,a8w8_blockscale_1x128x128_256x16x64x256_16x16_16x16_1x1_16x16x1_16x16x1_1x16x1x16_4_1x1_intrawave_v1,113.99,1219.81,0.0
gfx942,304,64,4096,6144,ck,8,0,21.2612,a8w8_blockscale_1x128x128_256x16x64x256_16x16_16x16_1x1_16x16x1_16x16x1_1x16x1x16_4_1x1_intrawave_v1,151.51,1226.8,0.0
gfx942,304,80,4096,6144,ck,13,0,28.2871,a8w8_blockscale_1x128x128_256x32x64x256_16x16_16x16_2x1_16x16x1_16x16x1_1x32x1x8_8_2x1_intrawave_v1,142.35,930.2,0.0
gfx942,304,112,4096,6144,ck,13,0,28.7844,a8w8_blockscale_1x128x128_256x32x64x256_16x16_16x16_2x1_16x16x1_16x16x1_1x32x1x8_8_2x1_intrawave_v1,195.84,930.07,0.0
gfx942,304,128,4096,6144,ck,18,0,27.044,a8w8_blockscale_1x128x128_256x64x64x256_16x16_32x32_1x1_16x16x1_16x16x1_1x32x1x8_8_1x1_intrawave_v1,238.22,998.4,0.0
gfx942,304,144,4096,6144,ck,18,0,29.4896,a8w8_blockscale_1x128x128_256x64x64x256_16x16_32x32_1x1_16x16x1_16x16x1_1x32x1x8_8_1x1_intrawave_v1,245.77,923.38,0.0
gfx942,304,160,4096,6144,ck,18,0,30.9704,a8w8_blockscale_1x128x128_256x64x64x256_16x16_32x32_1x1_16x16x1_16x16x1_1x32x1x8_8_1x1_intrawave_v1,260.02,886.64,0.0
gfx942,304,176,4096,6144,ck,18,0,30.5696,a8w8_blockscale_1x128x128_256x64x64x256_16x16_32x32_1x1_16x16x1_16x16x1_1x32x1x8_8_1x1_intrawave_v1,289.78,905.77,0.0
gfx942,304,192,4096,6144,ck,18,0,28.4832,a8w8_blockscale_1x128x128_256x64x64x256_16x16_32x32_1x1_16x16x1_16x16x1_1x32x1x8_8_1x1_intrawave_v1,339.28,980.17,0.0
gfx942,304,208,4096,6144,ck,18,0,32.4004,a8w8_blockscale_1x128x128_256x64x64x256_16x16_32x32_1x1_16x16x1_16x16x1_1x32x1x8_8_1x1_intrawave_v1,323.11,868.75,0.0
gfx942,304,224,4096,6144,ck,18,0,32.3389,a8w8_blockscale_1x128x128_256x64x64x256_16x16_32x32_1x1_16x16x1_16x16x1_1x32x1x8_8_1x1_intrawave_v1,348.63,877.49,0.0
gfx942,304,240,4096,6144,ck,18,0,32.686,a8w8_blockscale_1x128x128_256x64x64x256_16x16_32x32_1x1_16x16x1_16x16x1_1x32x1x8_8_1x1_intrawave_v1,369.56,875.19,0.0
gfx942,304,256,4096,6144,ck,18,0,29.5826,a8w8_blockscale_1x128x128_256x64x64x256_16x16_32x32_1x1_16x16x1_16x16x1_1x32x1x8_8_1x1_intrawave_v1,435.56,974.76,0.0
gfx942,304,288,4096,6144,ck,12,0,39.1598,a8w8_blockscale_1x128x128_256x32x128x256_16x16_32x32_1x1_16x16x1_16x16x1_1x32x1x8_8_1x1_intrawave_v1,370.16,748.08,0.0
gfx942,304,320,4096,6144,ck,18,0,53.6371,a8w8_blockscale_1x128x128_256x64x64x256_16x16_32x32_1x1_16x16x1_16x16x1_1x32x1x8_8_1x1_intrawave_v1,300.28,554.72,0.0
gfx942,304,352,4096,6144,ck,3,0,49.7792,a8w8_blockscale_1x128x128_256x64x64x128_16x16_32x32_1x1_8x32x1_8x32x1_1x32x1x8_8_1x1_intrawave_v3,355.91,606.92,0.0
gfx942,304,384,4096,6144,ck,3,0,53.0108,a8w8_blockscale_1x128x128_256x64x64x128_16x16_32x32_1x1_8x32x1_8x32x1_1x32x1x8_8_1x1_intrawave_v3,364.59,578.58,0.0
gfx942,304,416,4096,6144,ck,3,0,51.7058,a8w8_blockscale_1x128x128_256x64x64x128_16x16_32x32_1x1_8x32x1_8x32x1_1x32x1x8_8_1x1_intrawave_v3,404.94,602.05,0.0
gfx942,304,448,4096,6144,ck,3,0,52.4945,a8w8_blockscale_1x128x128_256x64x64x128_16x16_32x32_1x1_8x32x1_8x32x1_1x32x1x8_8_1x1_intrawave_v3,429.54,601.75,0.0
gfx942,304,480,4096,6144,ck,2,0,51.8736,a8w8_blockscale_1x128x128_256x64x128x128_16x16_32x32_1x2_8x32x1_8x32x1_1x32x1x8_8_1x1_intrawave_v3,465.73,617.79,0.0
gfx942,304,512,4096,6144,ck,18,0,55.1506,a8w8_blockscale_1x128x128_256x64x64x256_16x16_32x32_1x1_16x16x1_16x16x1_1x32x1x8_8_1x1_intrawave_v1,467.26,589.4,0.0
gfx942,304,544,4096,6144,ck,2,0,55.3729,a8w8_blockscale_1x128x128_256x64x128x128_16x16_32x32_1x2_8x32x1_8x32x1_1x32x1x8_8_1x1_intrawave_v3,494.47,595.32,0.0
gfx942,304,672,4096,6144,ck,0,0,70.3298,a8w8_blockscale_1x128x128_256x128x128x128_16x16_32x32_2x2_8x32x1_8x32x1_1x32x1x8_8_1x1_intrawave_v3,480.92,494.81,0.0
gfx942,304,736,4096,6144,ck,2,0,74.0654,a8w8_blockscale_1x128x128_256x64x128x128_16x16_32x32_1x2_8x32x1_8x32x1_1x32x1x8_8_1x1_intrawave_v3,500.15,482.24,0.0
gfx942,304,768,4096,6144,ck,3,0,75.8528,a8w8_blockscale_1x128x128_256x64x64x128_16x16_32x32_1x1_8x32x1_8x32x1_1x32x1x8_8_1x1_intrawave_v3,509.6,476.92,0.0
gfx942,304,800,4096,6144,ck,0,0,72.2415,a8w8_blockscale_1x128x128_256x128x128x128_16x16_32x32_2x2_8x32x1_8x32x1_1x32x1x8_8_1x1_intrawave_v3,557.37,507.11,0.0
gfx942,304,832,4096,6144,ck,0,0,71.7268,a8w8_blockscale_1x128x128_256x128x128x128_16x16_32x32_2x2_8x32x1_8x32x1_1x32x1x8_8_1x1_intrawave_v3,583.83,517.15,0.0
gfx942,304,864,4096,6144,ck,0,0,74.829,a8w8_blockscale_1x128x128_256x128x128x128_16x16_32x32_2x2_8x32x1_8x32x1_1x32x1x8_8_1x1_intrawave_v3,581.15,501.84,0.0
gfx942,304,896,4096,6144,ck,2,0,78.9627,a8w8_blockscale_1x128x128_256x64x128x128_16x16_32x32_1x2_8x32x1_8x32x1_1x32x1x8_8_1x1_intrawave_v3,571.12,481.38,0.0
gfx942,304,928,4096,6144,ck,0,0,73.014,a8w8_blockscale_1x128x128_256x128x128x128_16x16_32x32_2x2_8x32x1_8x32x1_1x32x1x8_8_1x1_intrawave_v3,639.71,526.88,0.0
gfx942,304,960,4096,6144,ck,0,0,73.1607,a8w8_blockscale_1x128x128_256x128x128x128_16x16_32x32_2x2_8x32x1_8x32x1_1x32x1x8_8_1x1_intrawave_v3,660.44,532.09,0.0
gfx942,304,992,4096,6144,ck,0,0,76.4544,a8w8_blockscale_1x128x128_256x128x128x128_16x16_32x32_2x2_8x32x1_8x32x1_1x32x1x8_8_1x1_intrawave_v3,653.06,515.17,0.0
gfx942,304,1024,4096,6144,ck,0,0,83.4528,a8w8_blockscale_1x128x128_256x128x128x128_16x16_32x32_2x2_8x32x1_8x32x1_1x32x1x8_8_1x1_intrawave_v3,617.59,477.47,0.0
gfx942,304,1088,4096,6144,ck,0,0,77.073,a8w8_blockscale_1x128x128_256x128x128x128_16x16_32x32_2x2_8x32x1_8x32x1_1x32x1x8_8_1x1_intrawave_v3,710.51,528.89,0.0
gfx942,304,1152,4096,6144,ck,0,0,85.9973,a8w8_blockscale_1x128x128_256x128x128x128_16x16_32x32_2x2_8x32x1_8x32x1_1x32x1x8_8_1x1_intrawave_v3,674.23,484.68,0.0
gfx942,304,1216,4096,6144,ck,2,0,92.7649,a8w8_blockscale_1x128x128_256x64x128x128_16x16_32x32_1x2_8x32x1_8x32x1_1x32x1x8_8_1x1_intrawave_v3,659.77,459.21,0.0
gfx942,304,1280,4096,6144,ck,0,0,111.5167,a8w8_blockscale_1x128x128_256x128x128x128_16x16_32x32_2x2_8x32x1_8x32x1_1x32x1x8_8_1x1_intrawave_v3,577.71,390.22,0.0
gfx942,304,1344,4096,6144,ck,0,0,108.8533,a8w8_blockscale_1x128x128_256x128x128x128_16x16_32x32_2x2_8x32x1_8x32x1_1x32x1x8_8_1x1_intrawave_v3,621.44,408.2,0.0
gfx942,304,1408,4096,6144,ck,0,0,111.8206,a8w8_blockscale_1x128x128_256x128x128x128_16x16_32x32_2x2_8x32x1_8x32x1_1x32x1x8_8_1x1_intrawave_v3,633.76,405.57,0.0
gfx942,304,1472,4096,6144,ck,0,0,109.4938,a8w8_blockscale_1x128x128_256x128x128x128_16x16_32x32_2x2_8x32x1_8x32x1_1x32x1x8_8_1x1_intrawave_v3,676.64,422.57,0.0
gfx942,304,1536,4096,6144,ck,0,0,113.183,a8w8_blockscale_1x128x128_256x128x128x128_16x16_32x32_2x2_8x32x1_8x32x1_1x32x1x8_8_1x1_intrawave_v3,683.05,416.9,0.0
gfx942,304,1600,4096,6144,ck,0,0,113.122,a8w8_blockscale_1x128x128_256x128x128x128_16x16_32x32_2x2_8x32x1_8x32x1_1x32x1x8_8_1x1_intrawave_v3,711.89,425.23,0.0
gfx942,304,1664,4096,6144,ck,0,0,117.1514,a8w8_blockscale_1x128x128_256x128x128x128_16x16_32x32_2x2_8x32x1_8x32x1_1x32x1x8_8_1x1_intrawave_v3,714.9,418.44,0.0
gfx942,304,1728,4096,6144,ck,0,0,114.3947,a8w8_blockscale_1x128x128_256x128x128x128_16x16_32x32_2x2_8x32x1_8x32x1_1x32x1x8_8_1x1_intrawave_v3,760.29,436.54,0.0
gfx942,304,1792,4096,6144,ck,0,0,117.6676,a8w8_blockscale_1x128x128_256x128x128x128_16x16_32x32_2x2_8x32x1_8x32x1_1x32x1x8_8_1x1_intrawave_v3,766.52,432.2,0.0
gfx942,304,1856,4096,6144,ck,0,0,124.8475,a8w8_blockscale_1x128x128_256x128x128x128_16x16_32x32_2x2_8x32x1_8x32x1_1x32x1x8_8_1x1_intrawave_v3,748.24,414.69,0.0
gfx942,304,1920,4096,6144,ck,0,0,123.2936,a8w8_blockscale_1x128x128_256x128x128x128_16x16_32x32_2x2_8x32x1_8x32x1_1x32x1x8_8_1x1_intrawave_v3,783.79,427.36,0.0
gfx942,304,1984,4096,6144,ck,0,0,123.6781,a8w8_blockscale_1x128x128_256x128x128x128_16x16_32x32_2x2_8x32x1_8x32x1_1x32x1x8_8_1x1_intrawave_v3,807.4,433.45,0.0
gfx942,304,2048,4096,6144,ck,0,0,128.2058,a8w8_blockscale_1x128x128_256x128x128x128_16x16_32x32_2x2_8x32x1_8x32x1_1x32x1x8_8_1x1_intrawave_v3,804.01,425.3,0.0
gfx942,304,2112,4096,6144,ck,0,0,133.1675,a8w8_blockscale_1x128x128_256x128x128x128_16x16_32x32_2x2_8x32x1_8x32x1_1x32x1x8_8_1x1_intrawave_v3,798.25,416.34,0.0
gfx942,304,2176,4096,6144,ck,0,0,135.5334,a8w8_blockscale_1x128x128_256x128x128x128_16x16_32x32_2x2_8x32x1_8x32x1_1x32x1x8_8_1x1_intrawave_v3,808.08,415.85,0.0
gfx942,304,2240,4096,6144,ck,0,0,133.9584,a8w8_blockscale_1x128x128_256x128x128x128_16x16_32x32_2x2_8x32x1_8x32x1_1x32x1x8_8_1x1_intrawave_v3,841.63,427.58,0.0
gfx942,304,2304,4096,6144,ck,0,0,134.1864,a8w8_blockscale_1x128x128_256x128x128x128_16x16_32x32_2x2_8x32x1_8x32x1_1x32x1x8_8_1x1_intrawave_v3,864.2,433.69,0.0
gfx942,304,2368,4096,6144,ck,0,0,141.0092,a8w8_blockscale_1x128x128_256x128x128x128_16x16_32x32_2x2_8x32x1_8x32x1_1x32x1x8_8_1x1_intrawave_v3,845.23,419.22,0.0
gfx942,304,2432,4096,6144,ck,0,0,140.9655,a8w8_blockscale_1x128x128_256x128x128x128_16x16_32x32_2x2_8x32x1_8x32x1_1x32x1x8_8_1x1_intrawave_v3,868.34,425.86,0.0
gfx942,304,2496,4096,6144,ck,0,0,174.0889,a8w8_blockscale_1x128x128_256x128x128x128_16x16_32x32_2x2_8x32x1_8x32x1_1x32x1x8_8_1x1_intrawave_v3,721.63,350.1,0.0
gfx942,304,2560,4096,6144,ck,0,0,181.5454,a8w8_blockscale_1x128x128_256x128x128x128_16x16_32x32_2x2_8x32x1_8x32x1_1x32x1x8_8_1x1_intrawave_v3,709.73,340.77,0.0
gfx942,304,2624,4096,6144,ck,0,0,175.5692,a8w8_blockscale_1x128x128_256x128x128x128_16x16_32x32_2x2_8x32x1_8x32x1_1x32x1x8_8_1x1_intrawave_v3,752.24,357.6,0.0
gfx942,304,2688,4096,6144,ck,0,0,182.8018,a8w8_blockscale_1x128x128_256x128x128x128_16x16_32x32_2x2_8x32x1_8x32x1_1x32x1x8_8_1x1_intrawave_v3,740.1,348.47,0.0
gfx942,304,2752,4096,6144,ck,0,0,178.2029,a8w8_blockscale_1x128x128_256x128x128x128_16x16_32x32_2x2_8x32x1_8x32x1_1x32x1x8_8_1x1_intrawave_v3,777.28,362.61,0.0
gfx942,304,2816,4096,6144,ck,0,0,185.2793,a8w8_blockscale_1x128x128_256x128x128x128_16x16_32x32_2x2_8x32x1_8x32x1_1x32x1x8_8_1x1_intrawave_v3,764.97,353.71,0.0
gfx942,304,2880,4096,6144,ck,0,0,186.6516,a8w8_blockscale_1x128x128_256x128x128x128_16x16_32x32_2x2_8x32x1_8x32x1_1x32x1x8_8_1x1_intrawave_v3,776.61,356.03,0.0
gfx942,304,2944,4096,6144,ck,0,0,188.0552,a8w8_blockscale_1x128x128_256x128x128x128_16x16_32x32_2x2_8x32x1_8x32x1_1x32x1x8_8_1x1_intrawave_v3,787.94,358.25,0.0
gfx942,304,3008,4096,6144,ck,0,0,185.4916,a8w8_blockscale_1x128x128_256x128x128x128_16x16_32x32_2x2_8x32x1_8x32x1_1x32x1x8_8_1x1_intrawave_v3,816.2,368.15,0.0
gfx942,304,3072,4096,6144,ck,0,0,189.4104,a8w8_blockscale_1x128x128_256x128x128x128_16x16_32x32_2x2_8x32x1_8x32x1_1x32x1x8_8_1x1_intrawave_v3,816.32,365.38,0.0
gfx942,304,3136,4096,6144,ck,0,0,194.3839,a8w8_blockscale_1x128x128_256x128x128x128_16x16_32x32_2x2_8x32x1_8x32x1_1x32x1x8_8_1x1_intrawave_v3,812.0,360.75,0.0
gfx942,304,3264,4096,6144,ck,0,0,198.2538,a8w8_blockscale_1x128x128_256x128x128x128_16x16_32x32_2x2_8x32x1_8x32x1_1x32x1x8_8_1x1_intrawave_v3,828.65,362.96,0.0
gfx942,304,3456,4096,6144,ck,0,0,198.115,a8w8_blockscale_1x128x128_256x128x128x128_16x16_32x32_2x2_8x32x1_8x32x1_1x32x1x8_8_1x1_intrawave_v3,878.01,377.11,0.0
gfx942,304,3584,4096,6144,ck,0,0,200.0042,a8w8_blockscale_1x128x128_256x128x128x128_16x16_32x32_2x2_8x32x1_8x32x1_1x32x1x8_8_1x1_intrawave_v3,901.92,382.72,0.0
gfx942,304,3648,4096,6144,ck,0,0,224.3932,a8w8_blockscale_1x128x128_256x128x128x128_16x16_32x32_2x2_8x32x1_8x32x1_1x32x1x8_8_1x1_intrawave_v3,818.25,345.21,0.0
gfx942,304,3776,4096,6144,ck,0,0,232.6167,a8w8_blockscale_1x128x128_256x128x128x128_16x16_32x32_2x2_8x32x1_8x32x1_1x32x1x8_8_1x1_intrawave_v3,817.02,340.9,0.0
gfx942,304,3840,4096,6144,ck,0,0,232.5467,a8w8_blockscale_1x128x128_256x128x128x128_16x16_32x32_2x2_8x32x1_8x32x1_1x32x1x8_8_1x1_intrawave_v3,831.12,344.95,0.0
gfx942,304,3904,4096,6144,ck,0,0,235.1942,a8w8_blockscale_1x128x128_256x128x128x128_16x16_32x32_2x2_8x32x1_8x32x1_1x32x1x8_8_1x1_intrawave_v3,835.46,344.96,0.0
gfx942,304,3968,4096,6144,ck,0,0,242.5276,a8w8_blockscale_1x128x128_256x128x128x128_16x16_32x32_2x2_8x32x1_8x32x1_1x32x1x8_8_1x1_intrawave_v3,823.48,338.32,0.0
gfx942,304,4096,4096,6144,ck,0,0,242.0504,a8w8_blockscale_1x128x128_256x128x128x128_16x16_32x32_2x2_8x32x1_8x32x1_1x32x1x8_8_1x1_intrawave_v3,851.72,346.56,0.0
gfx942,304,5120,4096,6144,ck,0,0,296.1282,a8w8_blockscale_1x128x128_256x128x128x128_16x16_32x32_2x2_8x32x1_8x32x1_1x32x1x8_8_1x1_intrawave_v3,870.22,332.85,0.0
gfx942,304,7296,4096,6144,ck,0,0,384.3916,a8w8_blockscale_1x128x128_256x128x128x128_16x16_32x32_2x2_8x32x1_8x32x1_1x32x1x8_8_1x1_intrawave_v3,955.33,337.58,0.0
gfx942,304,8192,4096,6144,ck,0,0,427.3207,a8w8_blockscale_1x128x128_256x128x128x128_16x16_32x32_2x2_8x32x1_8x32x1_1x32x1x8_8_1x1_intrawave_v3,964.89,333.72,0.0
gfx942,304,8320,4096,6144,ck,0,0,430.1482,a8w8_blockscale_1x128x128_256x128x128x128_16x16_32x32_2x2_8x32x1_8x32x1_1x32x1x8_8_1x1_intrawave_v3,973.52,335.79,0.0
gfx942,304,13952,4096,6144,ck,0,0,719.7027,a8w8_blockscale_1x128x128_256x128x128x128_16x16_32x32_2x2_8x32x1_8x32x1_1x32x1x8_8_1x1_intrawave_v3,975.72,312.88,0.0
gfx942,304,15488,4096,6144,ck,0,0,786.3884,a8w8_blockscale_1x128x128_256x128x128x128_16x16_32x32_2x2_8x32x1_8x32x1_1x32x1x8_8_1x1_intrawave_v3,991.29,314.35,0.0
gfx942,304,16384,4096,6144,ck,0,0,846.7953,a8w8_blockscale_1x128x128_256x128x128x128_16x16_32x32_2x2_8x32x1_8x32x1_1x32x1x8_8_1x1_intrawave_v3,973.83,307.1,0.0
gfx942,304,16,6144,4096,ck,8,0,16.2755,a8w8_blockscale_1x128x128_256x16x64x256_16x16_16x16_1x1_16x16x1_16x16x1_1x16x1x16_4_1x1_intrawave_v1,49.48,1562.35,0.0
gfx942,304,32,6144,4096,ck,8,0,16.4574,a8w8_blockscale_1x128x128_256x16x64x256_16x16_16x16_1x1_16x16x1_16x16x1_1x16x1x16_4_1x1_intrawave_v1,97.87,1561.01,0.0
gfx942,304,48,6144,4096,ck,8,0,16.1116,a8w8_blockscale_1x128x128_256x16x64x256_16x16_16x16_1x1_16x16x1_16x16x1_1x16x1x16_4_1x1_intrawave_v1,149.95,1610.78,0.0
gfx942,304,64,6144,4096,ck,18,0,20.3164,a8w8_blockscale_1x128x128_256x64x64x256_16x16_32x32_1x1_16x16x1_16x16x1_1x32x1x8_8_1x1_intrawave_v1,158.55,1290.31,0.0
gfx942,304,80,6144,4096,ck,18,0,21.3602,a8w8_blockscale_1x128x128_256x64x64x256_16x16_32x32_1x1_16x16x1_16x16x1_1x32x1x8_8_1x1_intrawave_v1,188.51,1239.53,0.0
gfx942,304,96,6144,4096,ck,18,0,20.556,a8w8_blockscale_1x128x128_256x64x64x256_16x16_32x32_1x1_16x16x1_16x16x1_1x32x1x8_8_1x1_intrawave_v1,235.06,1300.77,0.0
gfx942,304,112,6144,4096,ck,18,0,21.2849,a8w8_blockscale_1x128x128_256x64x64x256_16x16_32x32_1x1_16x16x1_16x16x1_1x32x1x8_8_1x1_intrawave_v1,264.84,1268.54,0.0
gfx942,304,128,6144,4096,ck,18,0,20.4364,a8w8_blockscale_1x128x128_256x64x64x256_16x16_32x32_1x1_16x16x1_16x16x1_1x32x1x8_8_1x1_intrawave_v1,315.24,1334.04,0.0
gfx942,304,144,6144,4096,ck,18,0,22.4559,a8w8_blockscale_1x128x128_256x64x64x256_16x16_32x32_1x1_16x16x1_16x16x1_1x32x1x8_8_1x1_intrawave_v1,322.76,1225.74,0.0
gfx942,304,160,6144,4096,ck,18,0,21.7636,a8w8_blockscale_1x128x128_256x64x64x256_16x16_32x32_1x1_16x16x1_16x16x1_1x32x1x8_8_1x1_intrawave_v1,370.02,1276.78,0.0
gfx942,304,176,6144,4096,ck,18,0,23.2413,a8w8_blockscale_1x128x128_256x64x64x256_16x16_32x32_1x1_16x16x1_16x16x1_1x32x1x8_8_1x1_intrawave_v1,381.15,1206.88,0.0
gfx942,304,192,6144,4096,ck,18,0,21.3754,a8w8_blockscale_1x128x128_256x64x64x256_16x16_32x32_1x1_16x16x1_16x16x1_1x32x1x8_8_1x1_intrawave_v1,452.09,1324.49,0.0
gfx942,304,208,6144,4096,ck,3,0,35.1641,a8w8_blockscale_1x128x128_256x64x64x128_16x16_32x32_1x1_8x32x1_8x32x1_1x32x1x8_8_1x1_intrawave_v3,297.72,812.58,0.0
gfx942,304,224,6144,4096,ck,3,0,37.2166,a8w8_blockscale_1x128x128_256x64x64x128_16x16_32x32_1x1_8x32x1_8x32x1_1x32x1x8_8_1x1_intrawave_v3,302.94,774.81,0.0
gfx942,304,240,6144,4096,ck,3,0,37.0718,a8w8_blockscale_1x128x128_256x64x64x128_16x16_32x32_1x1_8x32x1_8x32x1_1x32x1x8_8_1x1_intrawave_v3,325.84,784.91,0.0
gfx942,304,256,6144,4096,ck,3,0,38.3215,a8w8_blockscale_1x128x128_256x64x64x128_16x16_32x32_1x1_8x32x1_8x32x1_1x32x1x8_8_1x1_intrawave_v3,336.23,766.15,0.0
gfx942,304,288,6144,4096,ck,3,0,39.1461,a8w8_blockscale_1x128x128_256x64x64x128_16x16_32x32_1x1_8x32x1_8x32x1_1x32x1x8_8_1x1_intrawave_v3,370.29,763.41,0.0
gfx942,304,320,6144,4096,ck,3,0,40.7529,a8w8_blockscale_1x128x128_256x64x64x128_16x16_32x32_1x1_8x32x1_8x32x1_1x32x1x8_8_1x1_intrawave_v3,395.21,746.17,0.0
gfx942,304,352,6144,4096,ck,2,0,39.1073,a8w8_blockscale_1x128x128_256x64x128x128_16x16_32x32_1x2_8x32x1_8x32x1_1x32x1x8_8_1x1_intrawave_v3,453.03,790.98,0.0
gfx942,304,384,6144,4096,ck,18,0,41.1675,a8w8_blockscale_1x128x128_256x64x64x256_16x16_32x32_1x1_16x16x1_16x16x1_1x32x1x8_8_1x1_intrawave_v1,469.48,764.13,0.0
gfx942,304,416,6144,4096,ck,0,0,49.3732,a8w8_blockscale_1x128x128_256x128x128x128_16x16_32x32_2x2_8x32x1_8x32x1_1x32x1x8_8_1x1_intrawave_v3,424.08,647.75,0.0
gfx942,304,448,6144,4096,ck,0,0,49.5363,a8w8_blockscale_1x128x128_256x128x128x128_16x16_32x32_2x2_8x32x1_8x32x1_1x32x1x8_8_1x1_intrawave_v3,455.19,656.2,0.0
gfx942,304,480,6144,4096,ck,0,0,53.2048,a8w8_blockscale_1x128x128_256x128x128x128_16x16_32x32_2x2_8x32x1_8x32x1_1x32x1x8_8_1x1_intrawave_v3,454.08,620.81,0.0
gfx942,304,512,6144,4096,ck,3,0,57.4022,a8w8_blockscale_1x128x128_256x64x64x128_16x16_32x32_1x1_8x32x1_8x32x1_1x32x1x8_8_1x1_intrawave_v3,448.93,584.55,0.0
gfx942,304,544,6144,4096,ck,0,0,53.429,a8w8_blockscale_1x128x128_256x128x128x128_16x16_32x32_2x2_8x32x1_8x32x1_1x32x1x8_8_1x1_intrawave_v3,512.46,637.83,0.0
gfx942,304,640,6144,4096,ck,0,0,62.0111,a8w8_blockscale_1x128x128_256x128x128x128_16x16_32x32_2x2_8x32x1_8x32x1_1x32x1x8_8_1x1_intrawave_v3,519.46,574.92,0.0
gfx942,304,768,6144,4096,ck,0,0,61.5318,a8w8_blockscale_1x128x128_256x128x128x128_16x16_32x32_2x2_8x32x1_8x32x1_1x32x1x8_8_1x1_intrawave_v3,628.21,613.48,0.0
gfx942,304,800,6144,4096,ck,0,0,73.4686,a8w8_blockscale_1x128x128_256x128x128x128_16x16_32x32_2x2_8x32x1_8x32x1_1x32x1x8_8_1x1_intrawave_v3,548.06,520.94,0.0
gfx942,304,832,6144,4096,ck,0,0,74.6024,a8w8_blockscale_1x128x128_256x128x128x128_16x16_32x32_2x2_8x32x1_8x32x1_1x32x1x8_8_1x1_intrawave_v3,561.32,520.05,0.0
gfx942,304,864,6144,4096,ck,0,0,77.6317,a8w8_blockscale_1x128x128_256x128x128x128_16x16_32x32_2x2_8x32x1_8x32x1_1x32x1x8_8_1x1_intrawave_v3,560.16,506.51,0.0
gfx942,304,896,6144,4096,ck,0,0,80.9416,a8w8_blockscale_1x128x128_256x128x128x128_16x16_32x32_2x2_8x32x1_8x32x1_1x32x1x8_8_1x1_intrawave_v3,557.16,492.28,0.0
gfx942,304,928,6144,4096,ck,0,0,79.9668,a8w8_blockscale_1x128x128_256x128x128x128_16x16_32x32_2x2_8x32x1_8x32x1_1x32x1x8_8_1x1_intrawave_v3,584.09,504.84,0.0
gfx942,304,960,6144,4096,ck,0,0,81.5965,a8w8_blockscale_1x128x128_256x128x128x128_16x16_32x32_2x2_8x32x1_8x32x1_1x32x1x8_8_1x1_intrawave_v3,592.16,501.18,0.0
gfx942,304,992,6144,4096,ck,0,0,81.4035,a8w8_blockscale_1x128x128_256x128x128x128_16x16_32x32_2x2_8x32x1_8x32x1_1x32x1x8_8_1x1_intrawave_v3,613.35,508.81,0.0
gfx942,304,1024,6144,4096,ck,0,0,81.8285,a8w8_blockscale_1x128x128_256x128x128x128_16x16_32x32_2x2_8x32x1_8x32x1_1x32x1x8_8_1x1_intrawave_v3,629.85,512.57,0.0
gfx942,304,1088,6144,4096,ck,0,0,84.7149,a8w8_blockscale_1x128x128_256x128x128x128_16x16_32x32_2x2_8x32x1_8x32x1_1x32x1x8_8_1x1_intrawave_v3,646.41,507.49,0.0
gfx942,304,1152,6144,4096,ck,0,0,84.546,a8w8_blockscale_1x128x128_256x128x128x128_16x16_32x32_2x2_8x32x1_8x32x1_1x32x1x8_8_1x1_intrawave_v3,685.8,520.9,0.0
gfx942,304,1216,6144,4096,ck,0,0,86.8962,a8w8_blockscale_1x128x128_256x128x128x128_16x16_32x32_2x2_8x32x1_8x32x1_1x32x1x8_8_1x1_intrawave_v3,704.33,518.88,0.0
gfx942,304,1280,6144,4096,ck,0,0,89.7453,a8w8_blockscale_1x128x128_256x128x128x128_16x16_32x32_2x2_8x32x1_8x32x1_1x32x1x8_8_1x1_intrawave_v3,717.86,514.09,0.0
gfx942,304,1344,6144,4096,ck,0,0,91.3845,a8w8_blockscale_1x128x128_256x128x128x128_16x16_32x32_2x2_8x32x1_8x32x1_1x32x1x8_8_1x1_intrawave_v3,740.23,516.34,0.0
gfx942,304,1408,6144,4096,ck,0,0,90.541,a8w8_blockscale_1x128x128_256x128x128x128_16x16_32x32_2x2_8x32x1_8x32x1_1x32x1x8_8_1x1_intrawave_v3,782.71,532.74,0.0
gfx942,304,1472,6144,4096,ck,0,0,94.5037,a8w8_blockscale_1x128x128_256x128x128x128_16x16_32x32_2x2_8x32x1_8x32x1_1x32x1x8_8_1x1_intrawave_v3,783.97,521.49,0.0
gfx942,304,1536,6144,4096,ck,0,0,94.7191,a8w8_blockscale_1x128x128_256x128x128x128_16x16_32x32_2x2_8x32x1_8x32x1_1x32x1x8_8_1x1_intrawave_v3,816.2,531.38,0.0
gfx942,304,1600,6144,4096,ck,2,0,117.0629,a8w8_blockscale_1x128x128_256x64x128x128_16x16_32x32_1x2_8x32x1_8x32x1_1x32x1x8_8_1x1_intrawave_v3,687.93,438.91,0.0
gfx942,304,1664,6144,4096,ck,0,0,125.8497,a8w8_blockscale_1x128x128_256x128x128x128_16x16_32x32_2x2_8x32x1_8x32x1_1x32x1x8_8_1x1_intrawave_v3,665.49,416.6,0.0
gfx942,304,1728,6144,4096,ck,0,0,124.8199,a8w8_blockscale_1x128x128_256x128x128x128_16x16_32x32_2x2_8x32x1_8x32x1_1x32x1x8_8_1x1_intrawave_v3,696.79,428.44,0.0
gfx942,304,1792,6144,4096,ck,0,0,127.9572,a8w8_blockscale_1x128x128_256x128x128x128_16x16_32x32_2x2_8x32x1_8x32x1_1x32x1x8_8_1x1_intrawave_v3,704.88,426.13,0.0
gfx942,304,1856,6144,4096,ck,0,0,124.846,a8w8_blockscale_1x128x128_256x128x128x128_16x16_32x32_2x2_8x32x1_8x32x1_1x32x1x8_8_1x1_intrawave_v3,748.25,445.14,0.0
gfx942,304,1920,6144,4096,ck,0,0,125.8638,a8w8_blockscale_1x128x128_256x128x128x128_16x16_32x32_2x2_8x32x1_8x32x1_1x32x1x8_8_1x1_intrawave_v3,767.79,449.88,0.0
gfx942,304,1984,6144,4096,ck,0,0,128.5564,a8w8_blockscale_1x128x128_256x128x128x128_16x16_32x32_2x2_8x32x1_8x32x1_1x32x1x8_8_1x1_intrawave_v3,776.76,448.61,0.0
gfx942,304,2048,6144,4096,ck,0,0,129.0684,a8w8_blockscale_1x128x128_256x128x128x128_16x16_32x32_2x2_8x32x1_8x32x1_1x32x1x8_8_1x1_intrawave_v3,798.64,454.95,0.0
gfx942,304,2112,6144,4096,ck,0,0,131.8633,a8w8_blockscale_1x128x128_256x128x128x128_16x16_32x32_2x2_8x32x1_8x32x1_1x32x1x8_8_1x1_intrawave_v3,806.14,453.26,0.0
gfx942,304,2176,6144,4096,ck,0,0,131.2661,a8w8_blockscale_1x128x128_256x128x128x128_16x16_32x32_2x2_8x32x1_8x32x1_1x32x1x8_8_1x1_intrawave_v3,834.35,463.31,0.0
gfx942,304,2240,6144,4096,ck,0,0,136.5028,a8w8_blockscale_1x128x128_256x128x128x128_16x16_32x32_2x2_8x32x1_8x32x1_1x32x1x8_8_1x1_intrawave_v3,825.94,453.22,0.0
gfx942,304,2304,6144,4096,ck,0,0,135.6264,a8w8_blockscale_1x128x128_256x128x128x128_16x16_32x32_2x2_8x32x1_8x32x1_1x32x1x8_8_1x1_intrawave_v3,855.03,463.88,0.0
gfx942,304,2368,6144,4096,ck,0,0,144.3467,a8w8_blockscale_1x128x128_256x128x128x128_16x16_32x32_2x2_8x32x1_8x32x1_1x32x1x8_8_1x1_intrawave_v3,825.69,443.12,0.0
gfx942,304,2432,6144,4096,ck,0,0,139.2203,a8w8_blockscale_1x128x128_256x128x128x128_16x16_32x32_2x2_8x32x1_8x32x1_1x32x1x8_8_1x1_intrawave_v3,879.23,466.97,0.0
gfx942,304,2496,6144,4096,ck,0,0,157.4027,a8w8_blockscale_1x128x128_256x128x128x128_16x16_32x32_2x2_8x32x1_8x32x1_1x32x1x8_8_1x1_intrawave_v3,798.13,419.69,0.0
gfx942,304,2560,6144,4096,ck,0,0,162.0904,a8w8_blockscale_1x128x128_256x128x128x128_16x16_32x32_2x2_8x32x1_8x32x1_1x32x1x8_8_1x1_intrawave_v3,794.92,414.02,0.0
gfx942,304,2624,6144,4096,ck,0,0,164.5465,a8w8_blockscale_1x128x128_256x128x128x128_16x16_32x32_2x2_8x32x1_8x32x1_1x32x1x8_8_1x1_intrawave_v3,802.63,414.21,0.0
gfx942,304,2688,6144,4096,ck,0,0,165.7883,a8w8_blockscale_1x128x128_256x128x128x128_16x16_32x32_2x2_8x32x1_8x32x1_1x32x1x8_8_1x1_intrawave_v3,816.05,417.44,0.0
gfx942,304,2752,6144,4096,ck,0,0,170.2372,a8w8_blockscale_1x128x128_256x128x128x128_16x16_32x32_2x2_8x32x1_8x32x1_1x32x1x8_8_1x1_intrawave_v3,813.65,412.69,0.0
gfx942,304,2816,6144,4096,ck,0,0,168.7791,a8w8_blockscale_1x128x128_256x128x128x128_16x16_32x32_2x2_8x32x1_8x32x1_1x32x1x8_8_1x1_intrawave_v3,839.76,422.46,0.0
gfx942,304,2880,6144,4096,ck,0,0,173.2087,a8w8_blockscale_1x128x128_256x128x128x128_16x16_32x32_2x2_8x32x1_8x32x1_1x32x1x8_8_1x1_intrawave_v3,836.88,417.71,0.0
gfx942,304,2944,6144,4096,ck,0,0,171.7829,a8w8_blockscale_1x128x128_256x128x128x128_16x16_32x32_2x2_8x32x1_8x32x1_1x32x1x8_8_1x1_intrawave_v3,862.58,427.29,0.0
gfx942,304,3008,6144,4096,ck,0,0,173.5975,a8w8_blockscale_1x128x128_256x128x128x128_16x16_32x32_2x2_8x32x1_8x32x1_1x32x1x8_8_1x1_intrawave_v3,872.12,428.86,0.0
gfx942,304,3072,6144,4096,ck,0,0,176.4346,a8w8_blockscale_1x128x128_256x128x128x128_16x16_32x32_2x2_8x32x1_8x32x1_1x32x1x8_8_1x1_intrawave_v3,876.35,427.91,0.0
gfx942,304,3136,6144,4096,ck,0,0,180.3868,a8w8_blockscale_1x128x128_256x128x128x128_16x16_32x32_2x2_8x32x1_8x32x1_1x32x1x8_8_1x1_intrawave_v3,875.01,424.34,0.0
gfx942,304,3200,6144,4096,ck,0,0,178.9876,a8w8_blockscale_1x128x128_256x128x128x128_16x16_32x32_2x2_8x32x1_8x32x1_1x32x1x8_8_1x1_intrawave_v3,899.85,433.52,0.0
gfx942,304,3264,6144,4096,ck,0,0,206.7255,a8w8_blockscale_1x128x128_256x128x128x128_16x16_32x32_2x2_8x32x1_8x32x1_1x32x1x8_8_1x1_intrawave_v3,794.69,380.42,0.0
gfx942,304,3328,6144,4096,ck,0,0,203.7058,a8w8_blockscale_1x128x128_256x128x128x128_16x16_32x32_2x2_8x32x1_8x32x1_1x32x1x8_8_1x1_intrawave_v3,822.28,391.21,0.0
gfx942,304,3392,6144,4096,ck,0,0,206.9586,a8w8_blockscale_1x128x128_256x128x128x128_16x16_32x32_2x2_8x32x1_8x32x1_1x32x1x8_8_1x1_intrawave_v3,824.92,390.13,0.0
gfx942,304,3584,6144,4096,ck,0,0,210.3531,a8w8_blockscale_1x128x128_256x128x128x128_16x16_32x32_2x2_8x32x1_8x32x1_1x32x1x8_8_1x1_intrawave_v3,857.55,398.79,0.0
gfx942,304,3648,6144,4096,ck,0,0,208.3111,a8w8_blockscale_1x128x128_256x128x128x128_16x16_32x32_2x2_8x32x1_8x32x1_1x32x1x8_8_1x1_intrawave_v3,881.42,407.73,0.0
gfx942,304,3968,6144,4096,ck,0,0,220.1741,a8w8_blockscale_1x128x128_256x128x128x128_16x16_32x32_2x2_8x32x1_8x32x1_1x32x1x8_8_1x1_intrawave_v3,907.08,409.57,0.0
gfx942,304,4096,6144,4096,ck,0,0,236.4305,a8w8_blockscale_1x128x128_256x128x128x128_16x16_32x32_2x2_8x32x1_8x32x1_1x32x1x8_8_1x1_intrawave_v3,871.96,390.28,0.0
gfx942,304,4224,6144,4096,ck,0,0,247.0348,a8w8_blockscale_1x128x128_256x128x128x128_16x16_32x32_2x2_8x32x1_8x32x1_1x32x1x8_8_1x1_intrawave_v3,860.61,382.02,0.0
gfx942,304,4736,6144,4096,ck,0,0,256.5904,a8w8_blockscale_1x128x128_256x128x128x128_16x16_32x32_2x2_8x32x1_8x32x1_1x32x1x8_8_1x1_intrawave_v3,928.99,400.48,0.0
gfx942,304,5120,6144,4096,ck,0,0,284.5663,a8w8_blockscale_1x128x128_256x128x128x128_16x16_32x32_2x2_8x32x1_8x32x1_1x32x1x8_8_1x1_intrawave_v3,905.58,383.22,0.0
gfx942,304,7296,6144,4096,ck,0,0,390.669,a8w8_blockscale_1x128x128_256x128x128x128_16x16_32x32_2x2_8x32x1_8x32x1_1x32x1x8_8_1x1_intrawave_v3,939.98,370.4,0.0
gfx942,304,8192,6144,4096,ck,0,0,442.3321,a8w8_blockscale_1x128x128_256x128x128x128_16x16_32x32_2x2_8x32x1_8x32x1_1x32x1x8_8_1x1_intrawave_v3,932.14,360.33,0.0
gfx942,304,8320,6144,4096,ck,0,0,449.6,a8w8_blockscale_1x128x128_256x128x128x128_16x16_32x32_2x2_8x32x1_8x32x1_1x32x1x8_8_1x1_intrawave_v3,931.4,359.17,0.0
gfx942,304,13952,6144,4096,ck,0,0,710.8514,a8w8_blockscale_1x128x128_256x128x128x128_16x16_32x32_2x2_8x32x1_8x32x1_1x32x1x8_8_1x1_intrawave_v3,987.87,356.97,0.0
gfx942,304,15488,6144,4096,ck,0,0,784.1471,a8w8_blockscale_1x128x128_256x128x128x128_16x16_32x32_2x2_8x32x1_8x32x1_1x32x1x8_8_1x1_intrawave_v3,994.12,355.7,0.0
gfx942,304,16384,6144,4096,ck,0,0,828.5464,a8w8_blockscale_1x128x128_256x128x128x128_16x16_32x32_2x2_8x32x1_8x32x1_1x32x1x8_8_1x1_intrawave_v3,995.28,354.36,0.0
gfx942,304,16,12288,4096,ck,8,0,23.3212,a8w8_blockscale_1x128x128_256x16x64x256_16x16_16x16_1x1_16x16x1_16x16x1_1x16x1x16_4_1x1_intrawave_v1,69.06,2177.86,0.0
gfx942,304,32,12288,4096,ck,18,0,26.9384,a8w8_blockscale_1x128x128_256x64x64x256_16x16_32x32_1x1_16x16x1_16x16x1_1x32x1x8_8_1x1_intrawave_v1,119.58,1902.46,0.0
gfx942,304,48,12288,4096,ck,7,0,27.0022,a8w8_blockscale_1x128x128_256x16x128x256_16x16_16x16_1x2_16x16x1_16x16x1_1x16x1x16_8_1x2_intrawave_v1,178.94,1914.95,0.0
gfx942,304,64,12288,4096,ck,18,0,27.6442,a8w8_blockscale_1x128x128_256x64x64x256_16x16_32x32_1x1_16x16x1_16x16x1_1x32x1x8_8_1x1_intrawave_v1,233.05,1887.07,0.0
gfx942,304,80,12288,4096,ck,12,0,28.8545,a8w8_blockscale_1x128x128_256x32x128x256_16x16_32x32_1x1_16x16x1_16x16x1_1x32x1x8_8_1x1_intrawave_v1,279.09,1823.82,0.0
gfx942,304,96,12288,4096,ck,12,0,28.826,a8w8_blockscale_1x128x128_256x32x128x256_16x16_32x32_1x1_16x16x1_16x16x1_1x32x1x8_8_1x1_intrawave_v1,335.24,1841.54,0.0
gfx942,304,112,12288,4096,ck,18,0,41.6246,a8w8_blockscale_1x128x128_256x64x64x256_16x16_32x32_1x1_16x16x1_16x16x1_1x32x1x8_8_1x1_intrawave_v1,270.86,1286.33,0.0
gfx942,304,128,12288,4096,ck,18,0,40.6378,a8w8_blockscale_1x128x128_256x64x64x256_16x16_32x32_1x1_16x16x1_16x16x1_1x32x1x8_8_1x1_intrawave_v1,317.07,1328.85,0.0
gfx942,304,144,12288,4096,ck,2,0,39.0271,a8w8_blockscale_1x128x128_256x64x128x128_16x16_32x32_1x2_8x32x1_8x32x1_1x32x1x8_8_1x1_intrawave_v3,371.42,1395.45,0.0
gfx942,304,160,12288,4096,ck,2,0,41.634,a8w8_blockscale_1x128x128_256x64x128x128_16x16_32x32_1x2_8x32x1_8x32x1_1x32x1x8_8_1x1_intrawave_v3,386.85,1319.09,0.0
gfx942,304,176,12288,4096,ck,3,0,43.2958,a8w8_blockscale_1x128x128_256x64x64x128_16x16_32x32_1x1_8x32x1_8x32x1_1x32x1x8_8_1x1_intrawave_v3,409.2,1279.06,0.0
gfx942,304,192,12288,4096,ck,18,0,42.9302,a8w8_blockscale_1x128x128_256x64x64x256_16x16_32x32_1x1_16x16x1_16x16x1_1x32x1x8_8_1x1_intrawave_v1,450.2,1300.64,0.0
gfx942,304,208,12288,4096,ck,0,0,54.2738,a8w8_blockscale_1x128x128_256x128x128x128_16x16_32x32_2x2_8x32x1_8x32x1_1x32x1x8_8_1x1_intrawave_v3,385.78,1037.25,0.0
gfx942,304,224,12288,4096,ck,2,0,57.496,a8w8_blockscale_1x128x128_256x64x128x128_16x16_32x32_1x2_8x32x1_8x32x1_1x32x1x8_8_1x1_intrawave_v3,392.18,987.1,0.0
gfx942,304,240,12288,4096,ck,3,0,59.273,a8w8_blockscale_1x128x128_256x64x64x128_16x16_32x32_1x1_8x32x1_8x32x1_1x32x1x8_8_1x1_intrawave_v3,407.59,965.24,0.0
gfx942,304,256,12288,4096,ck,18,0,57.5218,a8w8_blockscale_1x128x128_256x64x64x256_16x16_32x32_1x1_16x16x1_16x16x1_1x32x1x8_8_1x1_intrawave_v1,448.0,1002.61,0.0
gfx942,304,288,12288,4096,ck,0,0,52.2809,a8w8_blockscale_1x128x128_256x128x128x128_16x16_32x32_2x2_8x32x1_8x32x1_1x32x1x8_8_1x1_intrawave_v3,554.52,1120.66,0.0
gfx942,304,320,12288,4096,ck,0,0,54.0594,a8w8_blockscale_1x128x128_256x128x128x128_16x16_32x32_2x2_8x32x1_8x32x1_1x32x1x8_8_1x1_intrawave_v3,595.87,1100.76,0.0
gfx942,304,352,12288,4096,ck,0,0,59.1241,a8w8_blockscale_1x128x128_256x128x128x128_16x16_32x32_2x2_8x32x1_8x32x1_1x32x1x8_8_1x1_intrawave_v3,599.31,1021.99,0.0
gfx942,304,384,12288,4096,ck,2,0,65.3225,a8w8_blockscale_1x128x128_256x64x128x128_16x16_32x32_1x2_8x32x1_8x32x1_1x32x1x8_8_1x1_intrawave_v3,591.75,939.06,0.0
gfx942,304,416,12288,4096,ck,0,0,81.9961,a8w8_blockscale_1x128x128_256x128x128x128_16x16_32x32_2x2_8x32x1_8x32x1_1x32x1x8_8_1x1_intrawave_v3,510.71,759.29,0.0
gfx942,304,448,12288,4096,ck,0,0,82.2646,a8w8_blockscale_1x128x128_256x128x128x128_16x16_32x32_2x2_8x32x1_8x32x1_1x32x1x8_8_1x1_intrawave_v3,548.2,767.97,0.0
gfx942,304,480,12288,4096,ck,0,0,86.922,a8w8_blockscale_1x128x128_256x128x128x128_16x16_32x32_2x2_8x32x1_8x32x1_1x32x1x8_8_1x1_intrawave_v3,555.88,737.38,0.0
gfx942,304,512,12288,4096,ck,0,0,85.434,a8w8_blockscale_1x128x128_256x128x128x128_16x16_32x32_2x2_8x32x1_8x32x1_1x32x1x8_8_1x1_intrawave_v3,603.27,760.96,0.0
gfx942,304,544,12288,4096,ck,0,0,88.8955,a8w8_blockscale_1x128x128_256x128x128x128_16x16_32x32_2x2_8x32x1_8x32x1_1x32x1x8_8_1x1_intrawave_v3,616.01,741.65,0.0
gfx942,304,672,12288,4096,ck,0,0,94.2286,a8w8_blockscale_1x128x128_256x128x128x128_16x16_32x32_2x2_8x32x1_8x32x1_1x32x1x8_8_1x1_intrawave_v3,717.89,738.62,0.0
gfx942,304,736,12288,4096,ck,0,0,95.8125,a8w8_blockscale_1x128x128_256x128x128x128_16x16_32x32_2x2_8x32x1_8x32x1_1x32x1x8_8_1x1_intrawave_v3,773.26,745.56,0.0
gfx942,304,768,12288,4096,ck,0,0,97.0866,a8w8_blockscale_1x128x128_256x128x128x128_16x16_32x32_2x2_8x32x1_8x32x1_1x32x1x8_8_1x1_intrawave_v3,796.29,745.23,0.0
gfx942,304,800,12288,4096,ck,0,0,124.9666,a8w8_blockscale_1x128x128_256x128x128x128_16x16_32x32_2x2_8x32x1_8x32x1_1x32x1x8_8_1x1_intrawave_v3,644.42,586.31,0.0
gfx942,304,832,12288,4096,ck,0,0,122.9782,a8w8_blockscale_1x128x128_256x128x128x128_16x16_32x32_2x2_8x32x1_8x32x1_1x32x1x8_8_1x1_intrawave_v3,681.03,603.25,0.0
gfx942,304,864,12288,4096,ck,0,0,125.5233,a8w8_blockscale_1x128x128_256x128x128x128_16x16_32x32_2x2_8x32x1_8x32x1_1x32x1x8_8_1x1_intrawave_v3,692.88,598.33,0.0
gfx942,304,896,12288,4096,ck,0,0,124.5328,a8w8_blockscale_1x128x128_256x128x128x128_16x16_32x32_2x2_8x32x1_8x32x1_1x32x1x8_8_1x1_intrawave_v3,724.26,610.46,0.0
gfx942,304,928,12288,4096,ck,0,0,126.1653,a8w8_blockscale_1x128x128_256x128x128x128_16x16_32x32_2x2_8x32x1_8x32x1_1x32x1x8_8_1x1_intrawave_v3,740.42,609.83,0.0
gfx942,304,960,12288,4096,ck,0,0,124.7743,a8w8_blockscale_1x128x128_256x128x128x128_16x16_32x32_2x2_8x32x1_8x32x1_1x32x1x8_8_1x1_intrawave_v3,774.49,623.98,0.0
gfx942,304,992,12288,4096,ck,0,0,129.9968,a8w8_blockscale_1x128x128_256x128x128x128_16x16_32x32_2x2_8x32x1_8x32x1_1x32x1x8_8_1x1_intrawave_v3,768.16,605.97,0.0
gfx942,304,1024,12288,4096,ck,0,0,133.2954,a8w8_blockscale_1x128x128_256x128x128x128_16x16_32x32_2x2_8x32x1_8x32x1_1x32x1x8_8_1x1_intrawave_v3,773.31,597.86,0.0
gfx942,304,1088,12288,4096,ck,0,0,142.1949,a8w8_blockscale_1x128x128_256x128x128x128_16x16_32x32_2x2_8x32x1_8x32x1_1x32x1x8_8_1x1_intrawave_v3,770.22,573.35,0.0
gfx942,304,1152,12288,4096,ck,0,0,138.6754,a8w8_blockscale_1x128x128_256x128x128x128_16x16_32x32_2x2_8x32x1_8x32x1_1x32x1x8_8_1x1_intrawave_v3,836.23,601.13,0.0
gfx942,304,1216,12288,4096,ck,0,0,157.7358,a8w8_blockscale_1x128x128_256x128x128x128_16x16_32x32_2x2_8x32x1_8x32x1_1x32x1x8_8_1x1_intrawave_v3,776.02,540.12,0.0
gfx942,304,1280,12288,4096,ck,0,0,160.0847,a8w8_blockscale_1x128x128_256x128x128x128_16x16_32x32_2x2_8x32x1_8x32x1_1x32x1x8_8_1x1_intrawave_v3,804.88,543.66,0.0
gfx942,304,1344,12288,4096,ck,0,0,166.8892,a8w8_blockscale_1x128x128_256x128x128x128_16x16_32x32_2x2_8x32x1_8x32x1_1x32x1x8_8_1x1_intrawave_v3,810.67,532.49,0.0
gfx942,304,1408,12288,4096,ck,0,0,167.5614,a8w8_blockscale_1x128x128_256x128x128x128_16x16_32x32_2x2_8x32x1_8x32x1_1x32x1x8_8_1x1_intrawave_v3,845.86,541.31,0.0
gfx942,304,1472,12288,4096,ck,0,0,179.8397,a8w8_blockscale_1x128x128_256x128x128x128_16x16_32x32_2x2_8x32x1_8x32x1_1x32x1x8_8_1x1_intrawave_v3,823.94,514.55,0.0
gfx942,304,1536,12288,4096,ck,0,0,177.5411,a8w8_blockscale_1x128x128_256x128x128x128_16x16_32x32_2x2_8x32x1_8x32x1_1x32x1x8_8_1x1_intrawave_v3,870.89,531.55,0.0
gfx942,304,1600,12288,4096,ck,0,0,200.3911,a8w8_blockscale_1x128x128_256x128x128x128_16x16_32x32_2x2_8x32x1_8x32x1_1x32x1x8_8_1x1_intrawave_v3,803.73,480.1,0.0
gfx942,304,1664,12288,4096,ck,0,0,205.1251,a8w8_blockscale_1x128x128_256x128x128x128_16x16_32x32_2x2_8x32x1_8x32x1_1x32x1x8_8_1x1_intrawave_v3,816.59,477.96,0.0
gfx942,304,1728,12288,4096,ck,0,0,209.1986,a8w8_blockscale_1x128x128_256x128x128x128_16x16_32x32_2x2_8x32x1_8x32x1_1x32x1x8_8_1x1_intrawave_v3,831.49,477.43,0.0
gfx942,304,1792,12288,4096,ck,0,0,206.2426,a8w8_blockscale_1x128x128_256x128x128x128_16x16_32x32_2x2_8x32x1_8x32x1_1x32x1x8_8_1x1_intrawave_v3,874.64,493.17,0.0
gfx942,304,1856,12288,4096,ck,0,0,217.3316,a8w8_blockscale_1x128x128_256x128x128x128_16x16_32x32_2x2_8x32x1_8x32x1_1x32x1x8_8_1x1_intrawave_v3,859.66,476.45,0.0
gfx942,304,1920,12288,4096,ck,0,0,215.7542,a8w8_blockscale_1x128x128_256x128x128x128_16x16_32x32_2x2_8x32x1_8x32x1_1x32x1x8_8_1x1_intrawave_v3,895.8,488.43,0.0
gfx942,304,1984,12288,4096,ck,0,0,227.6671,a8w8_blockscale_1x128x128_256x128x128x128_16x16_32x32_2x2_8x32x1_8x32x1_1x32x1x8_8_1x1_intrawave_v3,877.23,470.94,0.0
gfx942,304,2048,12288,4096,ck,0,0,238.6325,a8w8_blockscale_1x128x128_256x128x128x128_16x16_32x32_2x2_8x32x1_8x32x1_1x32x1x8_8_1x1_intrawave_v3,863.92,456.99,0.0
gfx942,304,2112,12288,4096,ck,0,0,248.2601,a8w8_blockscale_1x128x128_256x128x128x128_16x16_32x32_2x2_8x32x1_8x32x1_1x32x1x8_8_1x1_intrawave_v3,856.36,446.66,0.0
gfx942,304,2176,12288,4096,ck,0,0,252.5934,a8w8_blockscale_1x128x128_256x128x128x128_16x16_32x32_2x2_8x32x1_8x32x1_1x32x1x8_8_1x1_intrawave_v3,867.18,446.26,0.0
gfx942,304,2240,12288,4096,ck,0,0,253.5547,a8w8_blockscale_1x128x128_256x128x128x128_16x16_32x32_2x2_8x32x1_8x32x1_1x32x1x8_8_1x1_intrawave_v3,889.3,451.8,0.0
gfx942,304,2304,12288,4096,ck,0,0,250.2892,a8w8_blockscale_1x128x128_256x128x128x128_16x16_32x32_2x2_8x32x1_8x32x1_1x32x1x8_8_1x1_intrawave_v3,926.64,465.03,0.0
gfx942,304,2368,12288,4096,ck,0,0,260.2533,a8w8_blockscale_1x128x128_256x128x128x128_16x16_32x32_2x2_8x32x1_8x32x1_1x32x1x8_8_1x1_intrawave_v3,915.92,454.28,0.0
gfx942,304,2432,12288,4096,ck,0,0,261.2809,a8w8_blockscale_1x128x128_256x128x128x128_16x16_32x32_2x2_8x32x1_8x32x1_1x32x1x8_8_1x1_intrawave_v3,936.97,459.51,0.0
gfx942,304,2496,12288,4096,ck,0,0,288.9127,a8w8_blockscale_1x128x128_256x128x128x128_16x16_32x32_2x2_8x32x1_8x32x1_1x32x1x8_8_1x1_intrawave_v3,869.66,421.92,0.0
gfx942,304,2560,12288,4096,ck,0,0,285.543,a8w8_blockscale_1x128x128_256x128x128x128_16x16_32x32_2x2_8x32x1_8x32x1_1x32x1x8_8_1x1_intrawave_v3,902.48,433.32,0.0
gfx942,304,2624,12288,4096,ck,0,0,293.9305,a8w8_blockscale_1x128x128_256x128x128x128_16x16_32x32_2x2_8x32x1_8x32x1_1x32x1x8_8_1x1_intrawave_v3,898.65,427.2,0.0
gfx942,304,2688,12288,4096,ck,0,0,298.0515,a8w8_blockscale_1x128x128_256x128x128x128_16x16_32x32_2x2_8x32x1_8x32x1_1x32x1x8_8_1x1_intrawave_v3,907.84,427.45,0.0
gfx942,304,2752,12288,4096,ck,0,0,305.1403,a8w8_blockscale_1x128x128_256x128x128x128_16x16_32x32_2x2_8x32x1_8x32x1_1x32x1x8_8_1x1_intrawave_v3,907.86,423.53,0.0
gfx942,304,2816,12288,4096,ck,0,0,302.2064,a8w8_blockscale_1x128x128_256x128x128x128_16x16_32x32_2x2_8x32x1_8x32x1_1x32x1x8_8_1x1_intrawave_v3,937.99,433.72,0.0
gfx942,304,2880,12288,4096,ck,0,0,325.2039,a8w8_blockscale_1x128x128_256x128x128x128_16x16_32x32_2x2_8x32x1_8x32x1_1x32x1x8_8_1x1_intrawave_v3,891.47,408.69,0.0
gfx942,304,2944,12288,4096,ck,0,0,321.0093,a8w8_blockscale_1x128x128_256x128x128x128_16x16_32x32_2x2_8x32x1_8x32x1_1x32x1x8_8_1x1_intrawave_v3,923.19,419.74,0.0
gfx942,304,3008,12288,4096,ck,0,0,331.7693,a8w8_blockscale_1x128x128_256x128x128x128_16x16_32x32_2x2_8x32x1_8x32x1_1x32x1x8_8_1x1_intrawave_v3,912.67,411.66,0.0
gfx942,304,3072,12288,4096,ck,0,0,326.3548,a8w8_blockscale_1x128x128_256x128x128x128_16x16_32x32_2x2_8x32x1_8x32x1_1x32x1x8_8_1x1_intrawave_v3,947.55,424.12,0.0
gfx942,304,3136,12288,4096,ck,0,0,339.0597,a8w8_blockscale_1x128x128_256x128x128x128_16x16_32x32_2x2_8x32x1_8x32x1_1x32x1x8_8_1x1_intrawave_v3,931.05,413.64,0.0
gfx942,304,3264,12288,4096,ck,0,0,367.1508,a8w8_blockscale_1x128x128_256x128x128x128_16x16_32x32_2x2_8x32x1_8x32x1_1x32x1x8_8_1x1_intrawave_v3,894.9,391.98,0.0
gfx942,304,3456,12288,4096,ck,0,0,374.7431,a8w8_blockscale_1x128x128_256x128x128x128_16x16_32x32_2x2_8x32x1_8x32x1_1x32x1x8_8_1x1_intrawave_v3,928.35,398.73,0.0
gfx942,304,3584,12288,4096,ck,0,0,376.4658,a8w8_blockscale_1x128x128_256x128x128x128_16x16_32x32_2x2_8x32x1_8x32x1_1x32x1x8_8_1x1_intrawave_v3,958.33,406.66,0.0
gfx942,304,3648,12288,4096,ck,0,0,407.9222,a8w8_blockscale_1x128x128_256x128x128x128_16x16_32x32_2x2_8x32x1_8x32x1_1x32x1x8_8_1x1_intrawave_v3,900.22,379.8,0.0
gfx942,304,3776,12288,4096,ck,0,0,411.6686,a8w8_blockscale_1x128x128_256x128x128x128_16x16_32x32_2x2_8x32x1_8x32x1_1x32x1x8_8_1x1_intrawave_v3,923.33,385.25,0.0
gfx942,304,3840,12288,4096,ck,0,0,416.082,a8w8_blockscale_1x128x128_256x128x128x128_16x16_32x32_2x2_8x32x1_8x32x1_1x32x1x8_8_1x1_intrawave_v3,929.02,385.58,0.0
gfx942,304,3904,12288,4096,ck,0,0,425.5421,a8w8_blockscale_1x128x128_256x128x128x128_16x16_32x32_2x2_8x32x1_8x32x1_1x32x1x8_8_1x1_intrawave_v3,923.5,381.32,0.0
gfx942,304,3968,12288,4096,ck,0,0,422.7208,a8w8_blockscale_1x128x128_256x128x128x128_16x16_32x32_2x2_8x32x1_8x32x1_1x32x1x8_8_1x1_intrawave_v3,944.91,388.2,0.0
gfx942,304,4096,12288,4096,ck,0,0,442.7934,a8w8_blockscale_1x128x128_256x128x128x128_16x16_32x32_2x2_8x32x1_8x32x1_1x32x1x8_8_1x1_intrawave_v3,931.17,378.89,0.0
gfx942,304,5120,12288,4096,ck,0,0,536.6205,a8w8_blockscale_1x128x128_256x128x128x128_16x16_32x32_2x2_8x32x1_8x32x1_1x32x1x8_8_1x1_intrawave_v3,960.45,367.36,0.0
gfx942,304,7296,12288,4096,ck,0,0,730.1371,a8w8_blockscale_1x128x128_256x128x128x128_16x16_32x32_2x2_8x32x1_8x32x1_1x32x1x8_8_1x1_intrawave_v3,1005.89,355.44,0.0
gfx942,304,8192,12288,4096,ck,0,0,813.2862,a8w8_blockscale_1x128x128_256x128x128x128_16x16_32x32_2x2_8x32x1_8x32x1_1x32x1x8_8_1x1_intrawave_v3,1013.95,350.69,0.0
gfx942,304,8320,12288,4096,ck,0,0,834.5338,a8w8_blockscale_1x128x128_256x128x128x128_16x16_32x32_2x2_8x32x1_8x32x1_1x32x1x8_8_1x1_intrawave_v3,1003.58,346.16,0.0
gfx942,304,13952,12288,4096,ck,0,0,1385.4873,a8w8_blockscale_1x128x128_256x128x128x128_16x16_32x32_2x2_8x32x1_8x32x1_1x32x1x8_8_1x1_intrawave_v3,1013.69,325.06,0.0
gfx942,304,15488,12288,4096,ck,0,0,1547.9216,a8w8_blockscale_1x128x128_256x128x128x128_16x16_32x32_2x2_8x32x1_8x32x1_1x32x1x8_8_1x1_intrawave_v3,1007.2,319.4,0.0
gfx942,304,16384,12288,4096,ck,0,0,1599.5226,a8w8_blockscale_1x128x128_256x128x128x128_16x16_32x32_2x2_8x32x1_8x32x1_1x32x1x8_8_1x1_intrawave_v3,1031.1,325.16,0.0
gfx942,304,1,2048,1536,ck,8,1,7.0432,a8w8_blockscale_1x128x128_256x16x64x256_16x16_16x16_1x1_16x16x1_16x16x1_1x16x1x16_4_1x1_intrawave_v1,0.89,447.43,0.0
gfx942,304,2,2048,1536,ck,11,2,6.9063,a8w8_blockscale_1x128x128_256x32x64x128_16x16_16x16_2x1_8x32x1_8x32x1_1x32x1x8_8_2x1_intrawave_v1,1.82,457.12,0.0
gfx942,304,4,2048,1536,ck,8,1,6.9794,a8w8_blockscale_1x128x128_256x16x64x256_16x16_16x16_1x1_16x16x1_16x16x1_1x16x1x16_4_1x1_intrawave_v1,3.61,453.94,0.0
gfx942,304,8,2048,1536,ck,6,2,7.3013,a8w8_blockscale_1x128x128_256x16x64x128_8x16_16x16_1x1_16x16x1_8x32x1_1x16x1x16_4_1x1_intrawave_v1,6.89,437.02,0.0
gfx942,304,16,2048,1536,ck,6,2,7.886,a8w8_blockscale_1x128x128_256x16x64x128_8x16_16x16_1x1_16x16x1_8x32x1_1x16x1x16_4_1x1_intrawave_v1,12.76,410.33,0.0
gfx942,304,32,2048,1536,ck,8,0,7.7493,a8w8_blockscale_1x128x128_256x16x64x256_16x16_16x16_1x1_16x16x1_16x16x1_1x16x1x16_4_1x1_intrawave_v1,25.98,429.19,0.0
gfx942,304,64,2048,1536,ck,8,0,8.8841,a8w8_blockscale_1x128x128_256x16x64x256_16x16_16x16_1x1_16x16x1_16x16x1_1x16x1x16_4_1x1_intrawave_v1,45.32,394.66,0.0
gfx942,304,128,2048,1536,ck,8,0,7.7679,a8w8_blockscale_1x128x128_256x16x64x256_16x16_16x16_1x1_16x16x1_16x16x1_1x16x1x16_4_1x1_intrawave_v1,103.67,497.77,0.0
gfx942,304,256,2048,1536,ck,13,0,9.1474,a8w8_blockscale_1x128x128_256x32x64x256_16x16_16x16_2x1_16x16x1_16x16x1_1x32x1x8_8_2x1_intrawave_v1,176.07,501.51,0.0
gfx942,304,512,2048,1536,ck,18,0,10.6973,a8w8_blockscale_1x128x128_256x64x64x256_16x16_32x32_1x1_16x16x1_16x16x1_1x32x1x8_8_1x1_intrawave_v1,301.13,563.63,0.0
gfx942,304,1024,2048,1536,ck,3,0,17.08,a8w8_blockscale_1x128x128_256x64x64x128_16x16_32x32_1x1_8x32x1_8x32x1_1x32x1x8_8_1x1_intrawave_v3,377.19,521.83,0.0
gfx942,304,2048,2048,1536,ck,2,0,27.1548,a8w8_blockscale_1x128x128_256x64x128x128_16x16_32x32_1x2_8x32x1_8x32x1_1x32x1x8_8_1x1_intrawave_v3,474.5,540.61,0.0
gfx942,304,4096,2048,1536,ck,0,0,39.552,a8w8_blockscale_1x128x128_256x128x128x128_16x16_32x32_2x2_8x32x1_8x32x1_1x32x1x8_8_1x1_intrawave_v3,651.54,662.78,0.0
gfx942,304,8192,2048,1536,ck,0,0,72.1332,a8w8_blockscale_1x128x128_256x128x128x128_16x16_32x32_2x2_8x32x1_8x32x1_1x32x1x8_8_1x1_intrawave_v3,714.51,683.22,0.0
gfx942,304,16384,2048,1536,ck,0,0,129.0745,a8w8_blockscale_1x128x128_256x128x128x128_16x16_32x32_2x2_8x32x1_8x32x1_1x32x1x8_8_1x1_intrawave_v3,798.6,739.27,0.0
gfx942,304,1,3072,4096,ck,13,3,11.3306,a8w8_blockscale_1x128x128_256x32x64x256_16x16_16x16_2x1_16x16x1_16x16x1_1x32x1x8_8_2x1_intrawave_v1,2.22,1111.43,0.0
gfx942,304,2,3072,4096,ck,6,3,10.9234,a8w8_blockscale_1x128x128_256x16x64x128_8x16_16x16_1x1_16x16x1_8x32x1_1x16x1x16_4_1x1_intrawave_v1,4.61,1153.8,0.0
gfx942,304,4,3072,4096,ck,8,3,10.5989,a8w8_blockscale_1x128x128_256x16x64x256_16x16_16x16_1x1_16x16x1_16x16x1_1x16x1x16_4_1x1_intrawave_v1,9.5,1191.05,0.0
gfx942,304,8,3072,4096,ck,8,2,11.0753,a8w8_blockscale_1x128x128_256x16x64x256_16x16_16x16_1x1_16x16x1_16x16x1_1x16x1x16_4_1x1_intrawave_v1,18.18,1143.52,0.0
gfx942,304,4096,3072,4096,ck,0,0,131.0761,a8w8_blockscale_1x128x128_256x128x128x128_16x16_32x32_2x2_8x32x1_8x32x1_1x32x1x8_8_1x1_intrawave_v3,786.41,415.99,0.0
gfx942,304,1,4096,1536,ck,6,2,7.7049,a8w8_blockscale_1x128x128_256x16x64x128_8x16_16x16_1x1_16x16x1_8x32x1_1x16x1x16_4_1x1_intrawave_v1,1.63,817.82,0.0
gfx942,304,2,4096,1536,ck,8,1,7.6685,a8w8_blockscale_1x128x128_256x16x64x256_16x16_16x16_1x1_16x16x1_16x16x1_1x16x1x16_4_1x1_intrawave_v1,3.28,822.97,0.0
gfx942,304,4,4096,1536,ck,8,0,7.6849,a8w8_blockscale_1x128x128_256x16x64x256_16x16_16x16_1x1_16x16x1_16x16x1_1x16x1x16_4_1x1_intrawave_v1,6.55,823.74,0.0
gfx942,304,8,4096,1536,ck,8,0,8.4768,a8w8_blockscale_1x128x128_256x16x64x256_16x16_16x16_1x1_16x16x1_16x16x1_1x16x1x16_4_1x1_intrawave_v1,11.88,751.38,0.0
gfx942,304,4096,4096,1536,ck,0,0,76.6406,a8w8_blockscale_1x128x128_256x128x128x128_16x16_32x32_2x2_8x32x1_8x32x1_1x32x1x8_8_1x1_intrawave_v3,672.48,602.0,0.0
