gfx,cu_num,M,N,K,w_scale_block,libtype,kernelId,splitK,us,kernelName,tflops,bw,errRatio
gfx950,256,1,512,5120,32x32,flydsl,bmm,4,4.387,flydsl_bmm_mxfp8_mfma_t16x16x256_w1x1_nb6_sk4_nt_xcd_sps,1.2,599.61,0.0
gfx950,256,2,512,5120,32x32,flydsl,bmm,4,4.375,flydsl_bmm_mxfp8_mfma_t16x16x256_w1x1_nb6_sk4_nt_xcd_sps,2.4,602.66,0.0029
gfx950,256,4,512,5120,32x32,flydsl,bmm,4,4.414,flydsl_bmm_mxfp8_mfma_t16x16x256_w1x1_nb6_sk4_nt_sps,4.75,600.15,0.0005
gfx950,256,8,512,5120,32x32,flydsl,bmm,4,4.382,flydsl_bmm_mxfp8_mfma_t16x16x256_w1x1_nb6_sk4_nt_sps,9.57,610.33,0.0
gfx950,256,16,512,5120,32x32,flydsl,bmm,4,4.412,flydsl_bmm_mxfp8_mfma_t16x16x256_w1x1_nb6_sk4_nt_xcd_sps,19.01,617.64,0.0007
gfx950,256,32,512,5120,32x32,flydsl,bmm,4,4.827,flydsl_bmm_mxfp8_mfma_t16x16x128_w1x1_nb9_sk4_sps,34.76,585.45,0.0009
gfx950,256,48,512,5120,32x32,flydsl,bmm,4,5.125,flydsl_bmm_mxfp8_mfma_t16x32x128_w1x2_nb6_sk4_xcd_sps,49.1,571.04,0.0008
gfx950,256,64,512,5120,32x32,flydsl,bmm,4,5.306,flydsl_bmm_mxfp8_mfma_t16x32x128_w1x2_nb6_sk4_sps,63.24,570.59,0.0007
gfx950,256,80,512,5120,32x32,flydsl,bmm,4,5.394,flydsl_bmm_mxfp8_mfma_t32x32x256_w2x2_nb4_sk4_xcd_sps,77.76,579.94,0.0007
gfx950,256,96,512,5120,32x32,flydsl,bmm,4,5.537,flydsl_bmm_mxfp8_mfma_t32x32x256_w2x2_nb4_sk4_xcd_sps,90.9,583.18,0.001
gfx950,256,112,512,5120,32x32,flydsl,bmm,4,5.749,flydsl_bmm_mxfp8_mfma_t32x32x256_w2x2_nb4_sk4_xcd_sps,102.13,579.2,0.0008
gfx950,256,128,512,5120,32x32,flydsl,bmm,4,5.828,flydsl_bmm_mxfp8_mfma_t32x32x256_w2x2_nb4_sk4_xcd_sps,115.14,588.65,0.0008
gfx950,256,144,512,5120,32x32,flydsl,bmm,4,6.349,flydsl_bmm_mxfp8_mfma_t64x32x256_w2x2_nb4_sk4,118.92,556.29,0.001
gfx950,256,160,512,5120,32x32,flydsl,bmm,4,6.405,flydsl_bmm_mxfp8_mfma_t64x32x256_w2x2_nb4_sk4,130.97,567.18,0.0005
gfx950,256,176,512,5120,32x32,flydsl,bmm,4,6.518,flydsl_bmm_mxfp8_mfma_t64x32x256_w2x2_nb4_sk4,141.57,572.81,0.0008
gfx950,256,192,512,5120,32x32,flydsl,bmm,4,6.654,flydsl_bmm_mxfp8_mfma_t64x32x256_w2x2_nb4_sk4_xcd,151.27,576.21,0.0008
gfx950,256,208,512,5120,32x32,flydsl,bmm,4,6.645,flydsl_bmm_mxfp8_mfma_t64x32x256_w4x1_nb5_sk4_xcd,164.12,592.23,0.0008
gfx950,256,224,512,5120,32x32,flydsl,bmm,4,6.716,flydsl_bmm_mxfp8_mfma_t64x32x256_w4x1_nb5_sk4,174.86,600.94,0.0009
gfx950,256,240,512,5120,32x32,flydsl,bmm,4,6.859,flydsl_bmm_mxfp8_mfma_t64x32x128_w4x1_nb5_sk4,183.46,603.17,0.0008
gfx950,256,256,512,5120,32x32,flydsl,bmm,4,6.914,flydsl_bmm_mxfp8_mfma_t64x32x128_w4x1_nb5_sk4_xcd,194.11,612.89,0.0009
gfx950,256,288,512,5120,32x32,flydsl,bmm,2,8.204,flydsl_bmm_mxfp8_mfma_t64x32x128_w4x1_nb5_sk2_xcd,184.05,541.15,0.0007
gfx950,256,320,512,5120,32x32,flydsl,bmm,1,8.075,flydsl_bmm_mxfp8_mfma_t32x32x512_w1x2_nb5_sk1_bd2,207.77,574.78,0.0008
gfx950,256,352,512,5120,32x32,flydsl,bmm,4,8.03,flydsl_bmm_mxfp8_mfma_t64x64x128_w4x2_nb5_sk4,229.81,603.08,0.0008
gfx950,256,384,512,5120,32x32,flydsl,bmm,1,8.016,flydsl_bmm_mxfp8_mfma_t32x32x512_w1x2_nb4_sk1_bd3,251.16,629.35,0.0008
gfx950,256,416,512,5120,32x32,flydsl,bmm,1,8.374,flydsl_bmm_mxfp8_mfma_t32x32x512_w1x2_nb5_sk1_bd3,260.44,626.49,0.0008
gfx950,256,448,512,5120,32x32,flydsl,bmm,1,8.009,flydsl_bmm_mxfp8_mfma_t32x32x512_w1x2_nb5_sk1_bd3,293.27,680.26,0.0007
gfx950,256,480,512,5120,32x32,flydsl,bmm,1,8.619,flydsl_bmm_mxfp8_mfma_t32x32x512_w1x2_nb5_sk1_bd3,291.97,655.5,0.0008
gfx950,256,512,512,5120,32x32,flydsl,bmm,2,8.57,flydsl_bmm_mxfp8_mfma_t32x64x256_w2x2_nb4_sk2,313.23,682.8,0.0008
gfx950,256,544,512,5120,32x32,flydsl,bmm,1,10.237,flydsl_bmm_mxfp8_mfma_t32x64x512_w1x4_nb5_sk1_bd3_xcd,278.6,591.3,0.0008
gfx950,256,576,512,5120,32x32,flydsl,bmm,1,10.102,flydsl_bmm_mxfp8_mfma_t32x64x512_w1x4_nb4_sk1_bd2,298.93,619.17,0.0008
gfx950,256,608,512,5120,32x32,flydsl,bmm,1,10.159,flydsl_bmm_mxfp8_mfma_t32x64x512_w1x4_nb6_sk1_bd2_xcd,313.78,635.57,0.0008
gfx950,256,640,512,5120,32x32,flydsl,bmm,1,10.021,flydsl_bmm_mxfp8_mfma_t32x64x512_w1x4_nb6_sk1_bd2,334.84,664.45,0.0007
gfx950,256,672,512,5120,32x32,flydsl,bmm,1,10.28,flydsl_bmm_mxfp8_mfma_t32x64x512_w1x4_nb6_sk1_bd2_xcd,342.74,667.38,0.0008
gfx950,256,704,512,5120,32x32,flydsl,bmm,1,10.202,flydsl_bmm_mxfp8_mfma_t32x64x512_w1x4_nb6_sk1_bd2,361.78,692.19,0.0009
gfx950,256,736,512,5120,32x32,flydsl,bmm,1,10.332,flydsl_bmm_mxfp8_mfma_t32x64x512_w1x4_nb6_sk1_bd2_xcd,373.49,703.06,0.0007
gfx950,256,768,512,5120,32x32,flydsl,bmm,1,10.338,flydsl_bmm_mxfp8_mfma_t32x64x512_w1x4_nb6_sk1_bd2,389.47,722.11,0.0008
gfx950,256,800,512,5120,32x32,flydsl,bmm,1,10.275,flydsl_bmm_mxfp8_mfma_t32x64x512_w1x4_nb6_sk1_bd2_xcd,408.21,746.2,0.0008
gfx950,256,832,512,5120,32x32,flydsl,bmm,1,10.378,flydsl_bmm_mxfp8_mfma_t32x64x512_w1x4_nb5_sk1_bd2,420.32,758.24,0.0007
gfx950,256,864,512,5120,32x32,flydsl,bmm,1,10.513,flydsl_bmm_mxfp8_mfma_t32x64x512_w1x4_nb4_sk1_bd2_xcd,430.87,767.66,0.0007
gfx950,256,896,512,5120,32x32,flydsl,bmm,1,10.272,flydsl_bmm_mxfp8_mfma_t32x64x512_w1x4_nb4_sk1_bd2,457.32,805.33,0.0008
gfx950,256,928,512,5120,32x32,flydsl,bmm,1,10.542,flydsl_bmm_mxfp8_mfma_t32x64x512_w1x4_nb5_sk1_bd3_xcd,461.53,803.84,0.0008
gfx950,256,960,512,5120,32x32,flydsl,bmm,1,10.461,flydsl_bmm_mxfp8_mfma_t32x64x512_w1x4_nb5_sk1_bd3,481.15,829.38,0.0007
gfx950,256,992,512,5120,32x32,flydsl,bmm,1,10.548,flydsl_bmm_mxfp8_mfma_t32x64x512_w1x4_nb5_sk1_bd3_xcd,493.07,841.63,0.0008
gfx950,256,1024,512,5120,32x32,flydsl,bmm,1,10.48,flydsl_bmm_mxfp8_mfma_t32x64x512_w1x4_nb5_sk1_bd3,512.3,866.38,0.0008
gfx950,256,1088,512,5120,32x32,flydsl,bmm,1,11.731,flydsl_bmm_mxfp8_mfma_t32x64x512_w1x2_nb4_sk1_bd3,486.24,808.33,0.0008
gfx950,256,1152,512,5120,32x32,flydsl,bmm,1,12.657,flydsl_bmm_mxfp8_mfma_t32x64x512_w1x2_nb4_sk1_bd3,477.17,781.06,0.0007
gfx950,256,1216,512,5120,32x32,flydsl,bmm,1,13.247,flydsl_bmm_mxfp8_mfma_t48x64x512_w1x2_nb4_sk1_bd3,481.26,776.74,0.0008
gfx950,256,1280,512,5120,32x32,flydsl,bmm,1,13.271,flydsl_bmm_mxfp8_mfma_t48x64x512_w1x2_nb4_sk1_bd3_xcd,505.68,805.74,0.0008
gfx950,256,1344,512,5120,32x32,flydsl,bmm,1,13.192,flydsl_bmm_mxfp8_mfma_t48x64x256_w1x4_nb4_sk1_bd3_xcd,534.13,841.14,0.0008
gfx950,256,1408,512,5120,32x32,flydsl,bmm,1,12.526,flydsl_bmm_mxfp8_mfma_t48x64x512_w1x4_nb4_sk1_bd3_xcd,589.34,918.11,0.0009
gfx950,256,1472,512,5120,32x32,flydsl,bmm,1,12.826,flydsl_bmm_mxfp8_mfma_t48x64x512_w1x4_nb4_sk1_bd3_xcd,601.71,928.08,0.0008
gfx950,256,1536,512,5120,32x32,flydsl,bmm,1,12.446,flydsl_bmm_mxfp8_mfma_t48x64x512_w1x4_nb4_sk1_bd3,647.03,988.82,0.0008
gfx950,256,1600,512,5120,32x32,flydsl,bmm,1,14.786,flydsl_bmm_mxfp8_mfma_t64x64x256_w1x4_nb6_sk1_bd2_xcd,567.34,859.63,0.0008
gfx950,256,1664,512,5120,32x32,flydsl,bmm,1,14.386,flydsl_bmm_mxfp8_mfma_t64x64x256_w1x4_nb6_sk1_bd3_xcd,606.44,911.58,0.0009
gfx950,256,1728,512,5120,32x32,flydsl,bmm,1,14.78,flydsl_bmm_mxfp8_mfma_t64x64x256_w1x4_nb6_sk1_bd3_xcd,612.96,914.56,0.0008
gfx950,256,1792,512,5120,32x32,flydsl,bmm,1,13.834,flydsl_bmm_mxfp8_mfma_t64x64x256_w1x4_nb4_sk1_bd2,679.13,1006.26,0.0009
gfx950,256,1856,512,5120,32x32,flydsl,bmm,1,13.974,flydsl_bmm_mxfp8_mfma_t64x64x256_w1x4_nb6_sk1_bd2_xcd,696.33,1025.03,0.0008
gfx950,256,1920,512,5120,32x32,flydsl,bmm,1,13.955,flydsl_bmm_mxfp8_mfma_t64x64x256_w1x4_nb4_sk1_bd2_xcd,721.33,1055.36,0.0008
gfx950,256,1984,512,5120,32x32,flydsl,bmm,1,13.95,flydsl_bmm_mxfp8_mfma_t64x64x256_w1x4_nb5_sk1_bd2_xcd,745.66,1084.68,0.0008
gfx950,256,2048,512,5120,32x32,flydsl,bmm,1,14.01,flydsl_bmm_mxfp8_mfma_t64x64x256_w1x4_nb4_sk1_bd2,766.41,1108.83,0.0008
gfx950,256,4096,512,5120,32x32,flydsl,bmm,1,19.679,flydsl_bmm_mxfp8_mfma_t64x128x256_w1x4_nb4_sk1_bd2,1091.25,1445.45,0.0008
gfx950,256,6144,512,5120,32x32,flydsl,bmm,1,26.304,flydsl_bmm_mxfp8_mfma_t96x128x256_w1x4_nb3_sk1_bd2,1224.6,1572.2,0.0008
gfx950,256,8192,512,5120,32x32,flydsl,bmm,1,32.666,flydsl_bmm_mxfp8_mfma_t128x128x128_w4x2_nb3_sk1_xcd,1314.81,1661.25,0.0008
gfx950,256,10240,512,5120,32x32,flydsl,bmm,1,42.163,flydsl_bmm_mxfp8_mfma_t128x128x128_w1x4_nb3_sk1_bd2,1273.31,1593.26,0.0008
gfx950,256,12288,512,5120,32x32,flydsl,bmm,1,46.641,flydsl_bmm_mxfp8_mfma_t128x128x128_w1x2_nb3_sk1_bd2,1381.27,1717.09,0.0008
gfx950,256,14336,512,5120,32x32,flydsl,bmm,1,49.446,flydsl_bmm_mxfp8_mfma_t128x256x128_w1x4_nb3_sk1_bd2,1520.09,1880.81,0.0008
gfx950,256,16384,512,5120,32x32,flydsl,bmm,1,51.614,flydsl_bmm_mxfp8_mfma_t128x256x128_w1x4_nb4_sk1_bd2,1664.27,2051.95,0.0008
gfx950,256,32768,512,5120,32x32,flydsl,bmm,1,93.183,flydsl_bmm_mxfp8_mfma_t128x256x128_w1x2_nb2_sk1_bd1_xcd,1843.68,2244.99,0.0008
gfx950,256,1,1152,5120,32x32,flydsl,bmm,4,4.438,flydsl_bmm_mxfp8_mfma_t16x32x128_w1x2_nb9_sk4_nt_xcd_sps,2.66,1332.09,0.0
gfx950,256,2,1152,5120,32x32,flydsl,bmm,4,4.424,flydsl_bmm_mxfp8_mfma_t16x32x128_w1x2_nb10_sk4_nt_xcd_sps,5.33,1338.06,0.0
gfx950,256,4,1152,5120,32x32,flydsl,bmm,4,4.437,flydsl_bmm_mxfp8_mfma_t16x32x128_w1x2_nb9_sk4_nt_xcd_sps,10.63,1337.47,0.0002
gfx950,256,8,1152,5120,32x32,flydsl,bmm,4,4.503,flydsl_bmm_mxfp8_mfma_t16x32x128_w1x2_nb9_sk4_nt_sps,20.96,1324.58,0.0003
gfx950,256,16,1152,5120,32x32,flydsl,bmm,5,4.76,flydsl_bmm_mxfp8_mfma_t16x32x128_w1x2_nb7_sk5_nt_xcd,39.65,1265.86,0.0007
gfx950,256,32,1152,5120,32x32,flydsl,bmm,5,5.116,flydsl_bmm_mxfp8_mfma_t32x32x256_w2x2_nb5_sk5_nt_xcd,73.79,1201.51,0.001
gfx950,256,48,1152,5120,32x32,flydsl,bmm,5,5.786,flydsl_bmm_mxfp8_mfma_t64x32x128_w4x1_nb5_sk5_nt_xcd,97.87,1083.36,0.0007
gfx950,256,64,1152,5120,32x32,flydsl,bmm,5,5.958,flydsl_bmm_mxfp8_mfma_t64x32x128_w4x1_nb5_sk5_nt,126.71,1072.36,0.001
gfx950,256,80,1152,5120,32x32,flydsl,bmm,2,6.803,flydsl_bmm_mxfp8_mfma_t32x32x512_w2x2_nb4_sk2_sps,138.71,956.97,0.0007
gfx950,256,96,1152,5120,32x32,flydsl,bmm,2,7.09,flydsl_bmm_mxfp8_mfma_t32x32x512_w2x2_nb4_sk2_xcd_sps,159.74,935.47,0.0008
gfx950,256,112,1152,5120,32x32,flydsl,bmm,1,7.842,flydsl_bmm_mxfp8_mfma_t32x32x512_w1x2_nb5_sk1_bd3,168.48,861.2,0.001
gfx950,256,128,1152,5120,32x32,flydsl,bmm,5,7.989,flydsl_bmm_mxfp8_mfma_t64x64x256_w2x2_nb3_sk5,189.0,860.53,0.0008
gfx950,256,144,1152,5120,32x32,flydsl,bmm,4,8.604,flydsl_bmm_mxfp8_mfma_t64x64x256_w2x2_nb3_sk4,197.42,813.08,0.0009
gfx950,256,160,1152,5120,32x32,flydsl,bmm,4,8.57,flydsl_bmm_mxfp8_mfma_t64x64x256_w2x2_nb4_sk4,220.23,830.49,0.0008
gfx950,256,176,1152,5120,32x32,flydsl,bmm,2,8.535,flydsl_bmm_mxfp8_mfma_t64x32x256_w4x1_nb4_sk2,243.26,848.16,0.0009
gfx950,256,192,1152,5120,32x32,flydsl,bmm,2,8.912,flydsl_bmm_mxfp8_mfma_t64x32x256_w4x1_nb4_sk2,254.14,825.85,0.0008
gfx950,256,208,1152,5120,32x32,flydsl,bmm,1,9.091,flydsl_bmm_mxfp8_mfma_t32x32x512_w1x2_nb5_sk1_bd2_xcd,269.89,822.92,0.0007
gfx950,256,224,1152,5120,32x32,flydsl,bmm,1,9.279,flydsl_bmm_mxfp8_mfma_t32x32x512_w1x2_nb5_sk1_bd2_xcd,284.76,819.31,0.0008
gfx950,256,240,1152,5120,32x32,flydsl,bmm,1,9.827,flydsl_bmm_mxfp8_mfma_t48x32x512_w1x2_nb5_sk1_bd2_xcd,288.09,785.99,0.0007
gfx950,256,256,1152,5120,32x32,flydsl,bmm,1,9.82,flydsl_bmm_mxfp8_mfma_t48x32x512_w1x2_nb5_sk1_bd2,307.52,798.93,0.0008
gfx950,256,288,1152,5120,32x32,flydsl,bmm,1,9.639,flydsl_bmm_mxfp8_mfma_t48x32x256_w1x2_nb5_sk1_bd2,352.48,839.15,0.0009
gfx950,256,320,1152,5120,32x32,flydsl,bmm,1,9.791,flydsl_bmm_mxfp8_mfma_t48x32x256_w1x2_nb5_sk1_bd2_xcd,385.55,850.87,0.0009
gfx950,256,352,1152,5120,32x32,flydsl,bmm,2,10.999,flydsl_bmm_mxfp8_mfma_t64x64x256_w4x2_nb4_sk2_xcd,377.5,779.45,0.0008
gfx950,256,384,1152,5120,32x32,flydsl,bmm,2,11.189,flydsl_bmm_mxfp8_mfma_t64x64x256_w2x4_nb4_sk2_xcd,404.85,787.95,0.0007
gfx950,256,416,1152,5120,32x32,flydsl,bmm,1,11.417,flydsl_bmm_mxfp8_mfma_t32x64x256_w2x2_nb4_sk1_xcd,429.82,793.45,0.0008
gfx950,256,448,1152,5120,32x32,flydsl,bmm,1,11.215,flydsl_bmm_mxfp8_mfma_t32x64x256_w2x2_nb4_sk1,471.25,829.43,0.0008
gfx950,256,480,1152,5120,32x32,flydsl,bmm,1,13.157,flydsl_bmm_mxfp8_mfma_t48x64x256_w1x4_nb5_sk1_bd2,430.36,725.42,0.0008
gfx950,256,512,1152,5120,32x32,flydsl,bmm,1,13.111,flydsl_bmm_mxfp8_mfma_t48x64x256_w1x4_nb5_sk1_bd2_xcd,460.65,746.44,0.0008
gfx950,256,544,1152,5120,32x32,flydsl,bmm,1,12.962,flydsl_bmm_mxfp8_mfma_t48x64x256_w1x4_nb5_sk1_bd2_xcd,495.07,773.76,0.0009
gfx950,256,576,1152,5120,32x32,flydsl,bmm,1,12.932,flydsl_bmm_mxfp8_mfma_t48x64x256_w1x4_nb5_sk1_bd2,525.43,794.34,0.0008
gfx950,256,608,1152,5120,32x32,flydsl,bmm,1,12.953,flydsl_bmm_mxfp8_mfma_t48x64x256_w1x4_nb5_sk1_bd2_xcd,553.71,811.78,0.0007
gfx950,256,640,1152,5120,32x32,flydsl,bmm,1,12.956,flydsl_bmm_mxfp8_mfma_t48x64x256_w1x4_nb6_sk1_bd2_xcd,582.73,830.34,0.0008
gfx950,256,672,1152,5120,32x32,flydsl,bmm,1,13.186,flydsl_bmm_mxfp8_mfma_t48x64x256_w1x4_nb6_sk1_bd2_xcd,601.2,834.27,0.0008
gfx950,256,704,1152,5120,32x32,flydsl,bmm,1,14.757,flydsl_bmm_mxfp8_mfma_t64x64x256_w4x2_nb4_sk1_xcd,562.76,761.88,0.0008
gfx950,256,736,1152,5120,32x32,flydsl,bmm,1,13.689,flydsl_bmm_mxfp8_mfma_t64x64x256_w1x4_nb5_sk1_bd2,634.24,839.05,0.0008
gfx950,256,768,1152,5120,32x32,flydsl,bmm,1,14.437,flydsl_bmm_mxfp8_mfma_t64x64x256_w4x2_nb4_sk1,627.55,812.41,0.0008
gfx950,256,800,1152,5120,32x32,flydsl,bmm,1,14.272,flydsl_bmm_mxfp8_mfma_t64x64x256_w1x4_nb4_sk1_bd2_xcd,661.23,838.78,0.0008
gfx950,256,832,1152,5120,32x32,flydsl,bmm,1,14.88,flydsl_bmm_mxfp8_mfma_t64x64x256_w1x4_nb4_sk1_bd2_xcd,659.57,820.81,0.0008
gfx950,256,864,1152,5120,32x32,flydsl,bmm,1,13.951,flydsl_bmm_mxfp8_mfma_t64x64x256_w1x4_nb5_sk1_bd2_xcd,730.55,892.86,0.0008
gfx950,256,896,1152,5120,32x32,flydsl,bmm,1,14.698,flydsl_bmm_mxfp8_mfma_t64x64x256_w1x4_nb4_sk1_bd2_xcd,719.13,864.02,0.0008
gfx950,256,928,1152,5120,32x32,flydsl,bmm,1,16.535,flydsl_bmm_mxfp8_mfma_t64x64x256_w1x2_nb3_sk1_bd2_xcd,662.05,782.69,0.0008
gfx950,256,960,1152,5120,32x32,flydsl,bmm,1,16.987,flydsl_bmm_mxfp8_mfma_t64x64x256_w1x2_nb3_sk1_bd2_xcd,666.66,776.15,0.0008
gfx950,256,992,1152,5120,32x32,flydsl,bmm,1,16.06,flydsl_bmm_mxfp8_mfma_t64x64x256_w1x2_nb4_sk1_bd2_xcd,728.67,836.09,0.0008
gfx950,256,1024,1152,5120,32x32,flydsl,bmm,1,16.489,flydsl_bmm_mxfp8_mfma_t64x64x256_w1x2_nb3_sk1_bd2_xcd,732.58,829.03,0.0008
gfx950,256,1088,1152,5120,32x32,flydsl,bmm,1,17.199,flydsl_bmm_mxfp8_mfma_t64x64x256_w1x2_nb3_sk1_bd2_xcd,746.23,823.03,0.0008
gfx950,256,1152,1152,5120,32x32,flydsl,bmm,1,17.415,flydsl_bmm_mxfp8_mfma_t64x64x256_w1x2_nb4_sk1_bd2_xcd,780.34,840.7,0.0008
gfx950,256,1216,1152,5120,32x32,flydsl,bmm,1,17.395,flydsl_bmm_mxfp8_mfma_t48x128x256_w1x4_nb4_sk1_bd2_xcd,824.64,869.58,0.0008
gfx950,256,1280,1152,5120,32x32,flydsl,bmm,1,17.507,flydsl_bmm_mxfp8_mfma_t48x128x256_w1x4_nb5_sk1_bd2_xcd,862.49,891.73,0.0008
gfx950,256,1344,1152,5120,32x32,flydsl,bmm,1,17.786,flydsl_bmm_mxfp8_mfma_t48x128x256_w1x4_nb5_sk1_bd2,891.41,905.04,0.0008
gfx950,256,1408,1152,5120,32x32,flydsl,bmm,1,19.759,flydsl_bmm_mxfp8_mfma_t64x128x256_w1x4_nb5_sk1_bd2_xcd,840.61,839.24,0.0008
gfx950,256,1472,1152,5120,32x32,flydsl,bmm,1,19.931,flydsl_bmm_mxfp8_mfma_t64x128x256_w1x4_nb5_sk1_bd2_xcd,871.24,856.35,0.0008
gfx950,256,1536,1152,5120,32x32,flydsl,bmm,1,19.563,flydsl_bmm_mxfp8_mfma_t64x128x256_w1x4_nb4_sk1_bd2_xcd,926.23,897.28,0.0008
gfx950,256,1600,1152,5120,32x32,flydsl,bmm,1,20.228,flydsl_bmm_mxfp8_mfma_t64x128x256_w1x4_nb3_sk1_bd2_xcd,933.09,891.77,0.0008
gfx950,256,1664,1152,5120,32x32,flydsl,bmm,1,20.008,flydsl_bmm_mxfp8_mfma_t64x128x256_w1x4_nb5_sk1_bd2_xcd,981.08,925.83,0.0008
gfx950,256,1728,1152,5120,32x32,flydsl,bmm,1,20.193,flydsl_bmm_mxfp8_mfma_t64x128x256_w1x4_nb4_sk1_bd2_xcd,1009.47,941.37,0.0008
gfx950,256,1792,1152,5120,32x32,flydsl,bmm,1,20.172,flydsl_bmm_mxfp8_mfma_t64x128x256_w1x4_nb4_sk1_bd2,1047.96,966.43,0.0008
gfx950,256,1856,1152,5120,32x32,flydsl,bmm,1,24.092,flydsl_bmm_mxfp8_mfma_t96x128x256_w1x4_nb4_sk1_bd2,908.77,829.31,0.0008
gfx950,256,1920,1152,5120,32x32,flydsl,bmm,1,24.384,flydsl_bmm_mxfp8_mfma_t96x128x256_w1x4_nb3_sk1_bd2,928.88,839.31,0.0008
gfx950,256,1984,1152,5120,32x32,flydsl,bmm,1,24.426,flydsl_bmm_mxfp8_mfma_t96x128x256_w1x4_nb3_sk1_bd2_xcd,958.17,857.72,0.0008
gfx950,256,2048,1152,5120,32x32,flydsl,bmm,1,24.588,flydsl_bmm_mxfp8_mfma_t96x128x256_w1x4_nb4_sk1_bd2_xcd,982.57,871.81,0.0008
gfx950,256,4096,1152,5120,32x32,flydsl,bmm,1,39.861,flydsl_bmm_mxfp8_mfma_t128x192x128_w1x4_nb3_sk1_bd2_xcd,1212.16,927.42,0.0008
gfx950,256,6144,1152,5120,32x32,flydsl,bmm,1,51.076,flydsl_bmm_mxfp8_mfma_t128x128x128_w1x4_nb3_sk1_bd2,1419.02,1027.89,0.0008
gfx950,256,8192,1152,5120,32x32,flydsl,bmm,1,75.073,flydsl_bmm_mxfp8_mfma_t128x192x128_w1x4_nb3_sk1_bd2,1287.24,906.22,0.0008
gfx950,256,10240,1152,5120,32x32,flydsl,bmm,1,77.19,flydsl_bmm_mxfp8_mfma_t256x192x128_w1x4_nb3_sk1_bd2,1564.93,1082.58,0.0008
gfx950,256,12288,1152,5120,32x32,flydsl,bmm,1,91.91,flydsl_bmm_mxfp8_mfma_t256x128x128_w1x2_nb2_sk1_bd1_sps,1577.15,1078.19,0.0008
gfx950,256,14336,1152,5120,32x32,flydsl,bmm,1,100.505,flydsl_bmm_mxfp8_mfma_t256x128x128_w1x2_nb2_sk1_bd1_xcd_sps,1682.65,1140.53,0.0008
gfx950,256,16384,1152,5120,32x32,flydsl,bmm,1,124.304,flydsl_bmm_mxfp8_mfma_t128x192x128_w1x4_nb3_sk1_bd2_xcd,1554.85,1047.11,0.0008
gfx950,256,32768,1152,5120,32x32,flydsl,bmm,1,213.115,flydsl_bmm_mxfp8_mfma_t128x192x128_w1x4_nb3_sk1_bd1_xcd,1813.79,1193.8,0.0008
gfx950,256,1,1536,5120,32x32,flydsl,bmm,4,4.799,flydsl_bmm_mxfp8_mfma_t16x32x128_w1x2_nb9_sk4_nt_xcd_sps,3.28,1641.92,0.0
gfx950,256,2,1536,5120,32x32,flydsl,bmm,4,4.774,flydsl_bmm_mxfp8_mfma_t16x32x128_w1x2_nb9_sk4_nt_xcd_sps,6.59,1652.28,0.0003
gfx950,256,4,1536,5120,32x32,flydsl,bmm,4,4.844,flydsl_bmm_mxfp8_mfma_t16x32x128_w1x2_nb9_sk4_nt_sps,12.99,1632.13,0.0008
gfx950,256,8,1536,5120,32x32,flydsl,bmm,4,4.881,flydsl_bmm_mxfp8_mfma_t16x32x128_w1x2_nb10_sk4_nt_sps,25.78,1626.56,0.0007
gfx950,256,16,1536,5120,32x32,flydsl,bmm,5,5.093,flydsl_bmm_mxfp8_mfma_t16x32x128_w1x2_nb7_sk5_nt,49.41,1571.74,0.0006
gfx950,256,32,1536,5120,32x32,flydsl,bmm,5,5.437,flydsl_bmm_mxfp8_mfma_t32x32x128_w2x2_nb6_sk5_nt,92.57,1496.9,0.001
gfx950,256,48,1536,5120,32x32,flydsl,bmm,5,6.104,flydsl_bmm_mxfp8_mfma_t64x32x128_w2x2_nb6_sk5_nt_xcd,123.69,1355.34,0.0007
gfx950,256,64,1536,5120,32x32,flydsl,bmm,5,6.311,flydsl_bmm_mxfp8_mfma_t64x32x128_w2x2_nb6_sk5_nt_xcd,159.5,1332.01,0.0008
gfx950,256,80,1536,5120,32x32,flydsl,bmm,5,7.122,flydsl_bmm_mxfp8_mfma_t96x32x128_w2x2_nb6_sk5_nt_xcd,176.68,1199.13,0.0009
gfx950,256,96,1536,5120,32x32,flydsl,bmm,5,7.402,flydsl_bmm_mxfp8_mfma_t96x32x128_w2x2_nb5_sk5_nt_xcd,204.0,1171.89,0.0008
gfx950,256,112,1536,5120,32x32,flydsl,bmm,5,8.12,flydsl_bmm_mxfp8_mfma_t64x64x256_w2x4_nb4_sk5,216.94,1084.62,0.0008
gfx950,256,128,1536,5120,32x32,flydsl,bmm,5,8.26,flydsl_bmm_mxfp8_mfma_t64x64x256_w4x2_nb4_sk5,243.74,1082.47,0.0008
gfx950,256,144,1536,5120,32x32,flydsl,bmm,2,10.324,flydsl_bmm_mxfp8_mfma_t64x64x256_w4x2_nb4_sk2_xcd,219.38,878.97,0.0009
gfx950,256,160,1536,5120,32x32,flydsl,bmm,2,10.288,flydsl_bmm_mxfp8_mfma_t64x64x256_w4x2_nb4_sk2_xcd,244.61,895.03,0.0007
gfx950,256,176,1536,5120,32x32,flydsl,bmm,2,10.559,flydsl_bmm_mxfp8_mfma_t64x64x256_w4x2_nb4_sk2_xcd,262.17,884.73,0.0007
gfx950,256,192,1536,5120,32x32,flydsl,bmm,2,10.823,flydsl_bmm_mxfp8_mfma_t64x64x256_w4x2_nb4_sk2,279.02,875.49,0.0008
gfx950,256,208,1536,5120,32x32,flydsl,bmm,2,10.401,flydsl_bmm_mxfp8_mfma_t64x64x256_w4x2_nb4_sk2,314.55,923.9,0.0007
gfx950,256,224,1536,5120,32x32,flydsl,bmm,2,10.463,flydsl_bmm_mxfp8_mfma_t64x64x256_w4x2_nb4_sk2_xcd,336.74,931.2,0.0009
gfx950,256,240,1536,5120,32x32,flydsl,bmm,2,10.812,flydsl_bmm_mxfp8_mfma_t64x64x256_w4x2_nb4_sk2_xcd,349.14,913.47,0.0008
gfx950,256,256,1536,5120,32x32,flydsl,bmm,2,10.993,flydsl_bmm_mxfp8_mfma_t64x64x256_w4x2_nb4_sk2,366.28,910.58,0.0008
gfx950,256,288,1536,5120,32x32,flydsl,bmm,1,11.107,flydsl_bmm_mxfp8_mfma_t64x32x256_w4x1_nb4_sk1,407.85,925.33,0.0008
gfx950,256,320,1536,5120,32x32,flydsl,bmm,1,11.343,flydsl_bmm_mxfp8_mfma_t64x32x256_w4x1_nb4_sk1_xcd,443.73,929.62,0.0008
gfx950,256,352,1536,5120,32x32,flydsl,bmm,1,14.008,flydsl_bmm_mxfp8_mfma_t64x64x256_w4x2_nb4_sk1,395.24,771.84,0.0008
gfx950,256,384,1536,5120,32x32,flydsl,bmm,1,14.609,flydsl_bmm_mxfp8_mfma_t64x64x128_w4x2_nb4_sk1,413.42,758.37,0.0008
gfx950,256,416,1536,5120,32x32,flydsl,bmm,1,13.785,flydsl_bmm_mxfp8_mfma_t64x64x256_w4x2_nb4_sk1_xcd,474.65,823.09,0.0008
gfx950,256,448,1536,5120,32x32,flydsl,bmm,1,14.788,flydsl_bmm_mxfp8_mfma_t64x64x256_w4x2_nb3_sk1_xcd,476.49,785.33,0.0009
gfx950,256,480,1536,5120,32x32,flydsl,bmm,1,14.306,flydsl_bmm_mxfp8_mfma_t64x64x256_w4x2_nb3_sk1,527.72,830.46,0.0008
gfx950,256,512,1536,5120,32x32,flydsl,bmm,1,14.831,flydsl_bmm_mxfp8_mfma_t64x64x256_w4x2_nb3_sk1,542.98,819.1,0.0008
gfx950,256,544,1536,5120,32x32,flydsl,bmm,1,14.548,flydsl_bmm_mxfp8_mfma_t64x64x256_w4x2_nb3_sk1_xcd,588.16,853.43,0.0008
gfx950,256,576,1536,5120,32x32,flydsl,bmm,1,14.986,flydsl_bmm_mxfp8_mfma_t64x64x256_w4x2_nb3_sk1_xcd,604.53,846.28,0.0008
gfx950,256,608,1536,5120,32x32,flydsl,bmm,1,14.221,flydsl_bmm_mxfp8_mfma_t64x64x256_w4x2_nb4_sk1_xcd,672.44,910.6,0.0008
gfx950,256,640,1536,5120,32x32,flydsl,bmm,1,14.621,flydsl_bmm_mxfp8_mfma_t64x64x256_w4x2_nb4_sk1_xcd,688.48,903.99,0.0008
gfx950,256,672,1536,5120,32x32,flydsl,bmm,1,16.447,flydsl_bmm_mxfp8_mfma_t32x128x256_w1x4_nb4_sk1_bd2_xcd,642.65,819.88,0.0009
gfx950,256,704,1536,5120,32x32,flydsl,bmm,1,17.481,flydsl_bmm_mxfp8_mfma_t48x128x256_w1x4_nb4_sk1_bd2_xcd,633.44,786.69,0.0008
gfx950,256,736,1536,5120,32x32,flydsl,bmm,1,16.861,flydsl_bmm_mxfp8_mfma_t48x128x256_w1x4_nb5_sk1_bd2,686.58,831.46,0.0008
gfx950,256,768,1536,5120,32x32,flydsl,bmm,1,17.33,flydsl_bmm_mxfp8_mfma_t48x128x256_w1x4_nb6_sk1_bd2,697.02,824.35,0.0008
gfx950,256,800,1536,5120,32x32,flydsl,bmm,1,17.324,flydsl_bmm_mxfp8_mfma_t48x128x256_w1x4_nb6_sk1_bd2_xcd,726.33,840.08,0.0008
gfx950,256,832,1536,5120,32x32,flydsl,bmm,1,16.757,flydsl_bmm_mxfp8_mfma_t48x128x256_w1x4_nb7_sk1_bd2_xcd,780.93,884.45,0.0008
gfx950,256,864,1536,5120,32x32,flydsl,bmm,1,17.714,flydsl_bmm_mxfp8_mfma_t48x128x256_w1x4_nb6_sk1_bd2_xcd,767.18,851.78,0.0009
gfx950,256,896,1536,5120,32x32,flydsl,bmm,1,17.447,flydsl_bmm_mxfp8_mfma_t48x128x256_w1x4_nb6_sk1_bd2_xcd,807.73,880.1,0.0008
gfx950,256,928,1536,5120,32x32,flydsl,bmm,1,16.953,flydsl_bmm_mxfp8_mfma_t48x128x256_w1x4_nb6_sk1_bd2,860.98,921.53,0.0008
gfx950,256,960,1536,5120,32x32,flydsl,bmm,1,17.734,flydsl_bmm_mxfp8_mfma_t48x128x256_w1x4_nb6_sk1_bd2,851.44,896.01,0.0008
gfx950,256,992,1536,5120,32x32,flydsl,bmm,1,17.519,flydsl_bmm_mxfp8_mfma_t48x128x256_w1x4_nb6_sk1_bd2_xcd,890.62,922.26,0.0008
gfx950,256,1024,1536,5120,32x32,flydsl,bmm,1,19.279,flydsl_bmm_mxfp8_mfma_t64x128x256_w1x4_nb4_sk1_bd2,835.42,851.93,0.0008
gfx950,256,1088,1536,5120,32x32,flydsl,bmm,1,20.163,flydsl_bmm_mxfp8_mfma_t64x128x256_w1x4_nb5_sk1_bd2_xcd,848.7,841.07,0.0008
gfx950,256,1152,1536,5120,32x32,flydsl,bmm,1,20.084,flydsl_bmm_mxfp8_mfma_t64x128x256_w1x4_nb4_sk1_bd2_xcd,902.18,871.02,0.0008
gfx950,256,1216,1536,5120,32x32,flydsl,bmm,1,20.199,flydsl_bmm_mxfp8_mfma_t64x128x256_w1x4_nb3_sk1_bd2_xcd,946.89,892.54,0.0008
gfx950,256,1280,1536,5120,32x32,flydsl,bmm,1,20.032,flydsl_bmm_mxfp8_mfma_t64x128x256_w1x4_nb4_sk1_bd2_xcd,1005.01,926.63,0.0008
gfx950,256,1344,1536,5120,32x32,flydsl,bmm,1,20.203,flydsl_bmm_mxfp8_mfma_t64x128x256_w1x4_nb4_sk1_bd2_xcd,1046.32,945.24,0.0008
gfx950,256,1408,1536,5120,32x32,flydsl,bmm,1,24.21,flydsl_bmm_mxfp8_mfma_t96x128x256_w1x4_nb4_sk1_bd2_xcd,914.73,810.88,0.0008
gfx950,256,1472,1536,5120,32x32,flydsl,bmm,1,24.035,flydsl_bmm_mxfp8_mfma_t96x128x256_w1x4_nb4_sk1_bd2,963.28,839.03,0.0008
gfx950,256,1536,1536,5120,32x32,flydsl,bmm,1,24.43,flydsl_bmm_mxfp8_mfma_t96x128x256_w1x4_nb3_sk1_bd2_xcd,988.91,847.34,0.0008
gfx950,256,1600,1536,5120,32x32,flydsl,bmm,1,24.668,flydsl_bmm_mxfp8_mfma_t96x128x256_w1x4_nb3_sk1_bd2_xcd,1020.2,860.85,0.0008
gfx950,256,1664,1536,5120,32x32,flydsl,bmm,1,24.526,flydsl_bmm_mxfp8_mfma_t96x128x256_w1x4_nb4_sk1_bd2_xcd,1067.15,887.63,0.0008
gfx950,256,1728,1536,5120,32x32,flydsl,bmm,1,25.452,flydsl_bmm_mxfp8_mfma_t96x128x256_w1x4_nb3_sk1_bd2_xcd,1067.87,876.34,0.0008
gfx950,256,1792,1536,5120,32x32,flydsl,bmm,1,24.801,flydsl_bmm_mxfp8_mfma_t96x128x256_w1x4_nb3_sk1_bd2_xcd,1136.48,920.89,0.0008
gfx950,256,1856,1536,5120,32x32,flydsl,bmm,1,25.684,flydsl_bmm_mxfp8_mfma_t96x128x256_w1x4_nb3_sk1_bd2,1136.62,910.05,0.0008
gfx950,256,1920,1536,5120,32x32,flydsl,bmm,1,25.576,flydsl_bmm_mxfp8_mfma_t96x128x256_w1x4_nb3_sk1_bd2_xcd,1180.74,934.76,0.0008
gfx950,256,1984,1536,5120,32x32,flydsl,bmm,1,25.84,flydsl_bmm_mxfp8_mfma_t96x128x256_w1x4_nb3_sk1_bd2_xcd,1207.65,945.91,0.0008
gfx950,256,2048,1536,5120,32x32,flydsl,bmm,1,29.328,flydsl_bmm_mxfp8_mfma_t128x128x128_w4x2_nb3_sk1_xcd,1098.36,851.65,0.0008
gfx950,256,4096,1536,5120,32x32,flydsl,bmm,1,44.528,flydsl_bmm_mxfp8_mfma_t128x192x128_w1x4_nb4_sk1_bd3,1446.83,945.06,0.0008
gfx950,256,6144,1536,5120,32x32,flydsl,bmm,1,60.212,flydsl_bmm_mxfp8_mfma_t192x192x128_w1x4_nb4_sk1_bd3,1604.94,982.97,0.0008
gfx950,256,8192,1536,5120,32x32,flydsl,bmm,1,82.23,flydsl_bmm_mxfp8_mfma_t128x128x128_w1x4_nb3_sk1_bd2_xcd,1566.93,927.78,0.0008
gfx950,256,10240,1536,5120,32x32,flydsl,bmm,1,90.568,flydsl_bmm_mxfp8_mfma_t256x256x128_w1x4_nb2_sk1_bd1,1778.34,1031.23,0.0008
gfx950,256,12288,1536,5120,32x32,flydsl,bmm,1,116.547,flydsl_bmm_mxfp8_mfma_t128x192x128_w1x4_nb3_sk1_bd2,1658.33,948.13,0.0008
gfx950,256,14336,1536,5120,32x32,flydsl,bmm,1,130.331,flydsl_bmm_mxfp8_mfma_t128x192x128_w1x4_nb3_sk1_bd1,1730.1,979.1,0.0008
gfx950,256,16384,1536,5120,32x32,flydsl,bmm,1,135.08,flydsl_bmm_mxfp8_mfma_t128x192x128_w1x4_nb2_sk1_bd1,1907.74,1071.3,0.0008
gfx950,256,32768,1536,5120,32x32,flydsl,bmm,1,249.439,flydsl_bmm_mxfp8_mfma_t128x256x128_w1x2_nb2_sk1_bd1_xcd_sps,2066.22,1128.74,0.0008
gfx950,256,1,1792,5120,32x32,flydsl,bmm,1,5.214,flydsl_bmm_mxfp8_mfma_t16x16x512_w1x1_nb8_sk1_bd3_nt_sps,3.52,1762.99,0.0022
gfx950,256,2,1792,5120,32x32,flydsl,bmm,4,5.286,flydsl_bmm_mxfp8_mfma_t16x32x128_w1x2_nb9_sk4_nt_sps,6.94,1740.67,0.0011
gfx950,256,4,1792,5120,32x32,flydsl,bmm,1,5.361,flydsl_bmm_mxfp8_mfma_t16x16x512_w1x1_nb7_sk1_bd3_nt_sps,13.69,1719.83,0.0006
gfx950,256,8,1792,5120,32x32,flydsl,bmm,4,5.439,flydsl_bmm_mxfp8_mfma_t16x32x256_w1x2_nb5_sk4_nt_sps,26.99,1701.57,0.0008
gfx950,256,16,1792,5120,32x32,flydsl,bmm,4,5.639,flydsl_bmm_mxfp8_mfma_t16x32x256_w1x2_nb5_sk4_nt_xcd_sps,52.07,1653.8,0.0008
gfx950,256,32,1792,5120,32x32,flydsl,bmm,4,6.279,flydsl_bmm_mxfp8_mfma_t32x32x256_w2x2_nb4_sk4_nt_xcd,93.51,1507.71,0.0008
gfx950,256,48,1792,5120,32x32,flydsl,bmm,4,7.005,flydsl_bmm_mxfp8_mfma_t64x32x256_w2x2_nb4_sk4_nt_xcd,125.75,1371.9,0.0009
gfx950,256,64,1792,5120,32x32,flydsl,bmm,4,7.377,flydsl_bmm_mxfp8_mfma_t64x32x256_w2x2_nb4_sk4_nt_xcd,159.2,1321.87,0.0008
gfx950,256,80,1792,5120,32x32,flydsl,bmm,4,8.134,flydsl_bmm_mxfp8_mfma_t96x32x256_w2x2_nb4_sk4_nt_xcd,180.47,1216.24,0.0008
gfx950,256,96,1792,5120,32x32,flydsl,bmm,4,8.25,flydsl_bmm_mxfp8_mfma_t96x32x256_w2x2_nb4_sk4_nt,213.53,1216.38,0.0006
gfx950,256,112,1792,5120,32x32,flydsl,bmm,2,8.603,flydsl_bmm_mxfp8_mfma_t64x32x512_w4x1_nb3_sk2_xcd_sps,238.89,1182.92,0.0007
gfx950,256,128,1792,5120,32x32,flydsl,bmm,2,8.65,flydsl_bmm_mxfp8_mfma_t64x32x512_w4x1_nb3_sk2_xcd_sps,271.54,1192.91,0.0008
gfx950,256,144,1792,5120,32x32,flydsl,bmm,1,10.577,flydsl_bmm_mxfp8_mfma_t64x32x256_w4x1_nb4_sk1,249.82,988.96,0.0007
gfx950,256,160,1792,5120,32x32,flydsl,bmm,2,10.603,flydsl_bmm_mxfp8_mfma_t64x64x256_w2x2_nb4_sk2,276.92,999.97,0.0008
gfx950,256,176,1792,5120,32x32,flydsl,bmm,2,10.526,flydsl_bmm_mxfp8_mfma_t64x64x256_w4x2_nb4_sk2,306.83,1020.75,0.0008
gfx950,256,192,1792,5120,32x32,flydsl,bmm,2,10.774,flydsl_bmm_mxfp8_mfma_t64x64x256_w4x2_nb4_sk2,327.02,1010.43,0.0008
gfx950,256,208,1792,5120,32x32,flydsl,bmm,1,10.671,flydsl_bmm_mxfp8_mfma_t64x32x256_w4x1_nb4_sk1,357.69,1033.45,0.0007
gfx950,256,224,1792,5120,32x32,flydsl,bmm,1,10.706,flydsl_bmm_mxfp8_mfma_t64x32x256_w4x1_nb5_sk1,383.92,1043.25,0.0008
gfx950,256,240,1792,5120,32x32,flydsl,bmm,1,10.883,flydsl_bmm_mxfp8_mfma_t64x32x256_w4x1_nb4_sk1,404.65,1039.32,0.0008
gfx950,256,256,1792,5120,32x32,flydsl,bmm,1,11.316,flydsl_bmm_mxfp8_mfma_t64x32x256_w4x1_nb5_sk1,415.13,1012.12,0.0008
gfx950,256,288,1792,5120,32x32,flydsl,bmm,1,14.454,flydsl_bmm_mxfp8_mfma_t64x64x256_w1x4_nb5_sk1_bd2_xcd,365.64,812.04,0.0009
gfx950,256,320,1792,5120,32x32,flydsl,bmm,1,13.433,flydsl_bmm_mxfp8_mfma_t48x64x256_w1x4_nb5_sk1_bd2_xcd,437.13,894.84,0.0008
gfx950,256,352,1792,5120,32x32,flydsl,bmm,1,14.118,flydsl_bmm_mxfp8_mfma_t64x64x256_w1x4_nb6_sk1_bd2,457.53,871.55,0.0008
gfx950,256,384,1792,5120,32x32,flydsl,bmm,1,14.836,flydsl_bmm_mxfp8_mfma_t48x64x256_w1x4_nb6_sk1_bd2,474.96,848.47,0.0008
gfx950,256,416,1792,5120,32x32,flydsl,bmm,1,14.681,flydsl_bmm_mxfp8_mfma_t48x64x256_w1x4_nb6_sk1_bd2_xcd,519.98,876.76,0.0008
gfx950,256,448,1792,5120,32x32,flydsl,bmm,1,14.606,flydsl_bmm_mxfp8_mfma_t64x64x256_w4x2_nb4_sk1_xcd,562.83,900.65,0.0008
gfx950,256,480,1792,5120,32x32,flydsl,bmm,1,14.537,flydsl_bmm_mxfp8_mfma_t64x64x256_w4x2_nb4_sk1,605.91,924.46,0.0008
gfx950,256,512,1792,5120,32x32,flydsl,bmm,1,14.796,flydsl_bmm_mxfp8_mfma_t64x64x256_w4x2_nb4_sk1,634.98,927.43,0.0008
gfx950,256,544,1792,5120,32x32,flydsl,bmm,1,14.739,flydsl_bmm_mxfp8_mfma_t64x64x256_w1x4_nb5_sk1_bd2_xcd,677.28,950.26,0.0008
gfx950,256,576,1792,5120,32x32,flydsl,bmm,1,15.419,flydsl_bmm_mxfp8_mfma_t64x64x256_w4x2_nb4_sk1_xcd,685.49,926.75,0.0008
gfx950,256,608,1792,5120,32x32,flydsl,bmm,1,18.275,flydsl_bmm_mxfp8_mfma_t48x128x256_w1x4_nb5_sk1_bd2,610.49,797.44,0.0008
gfx950,256,640,1792,5120,32x32,flydsl,bmm,1,17.207,flydsl_bmm_mxfp8_mfma_t48x128x256_w1x4_nb6_sk1_bd2,682.53,863.44,0.0008
gfx950,256,672,1792,5120,32x32,flydsl,bmm,1,17.906,flydsl_bmm_mxfp8_mfma_t48x128x256_w1x4_nb6_sk1_bd2_xcd,688.67,845.56,0.0009
gfx950,256,704,1792,5120,32x32,flydsl,bmm,1,17.584,flydsl_bmm_mxfp8_mfma_t48x128x256_w1x4_nb7_sk1_bd2_xcd,734.68,877.18,0.0008
gfx950,256,736,1792,5120,32x32,flydsl,bmm,1,17.009,flydsl_bmm_mxfp8_mfma_t48x128x256_w1x4_nb7_sk1_bd2,794.02,923.49,0.0008
gfx950,256,768,1792,5120,32x32,flydsl,bmm,1,17.811,flydsl_bmm_mxfp8_mfma_t48x128x256_w1x4_nb8_sk1_bd2,791.26,897.87,0.0008
gfx950,256,800,1792,5120,32x32,flydsl,bmm,1,17.576,flydsl_bmm_mxfp8_mfma_t48x128x256_w1x4_nb8_sk1_bd2_xcd,835.25,926.0,0.0008
gfx950,256,832,1792,5120,32x32,flydsl,bmm,1,17.288,flydsl_bmm_mxfp8_mfma_t48x128x256_w1x4_nb7_sk1_bd2_xcd,883.14,957.85,0.0008
gfx950,256,864,1792,5120,32x32,flydsl,bmm,1,18.287,flydsl_bmm_mxfp8_mfma_t48x128x256_w1x4_nb6_sk1_bd2_xcd,866.96,920.99,0.0008
gfx950,256,896,1792,5120,32x32,flydsl,bmm,1,19.889,flydsl_bmm_mxfp8_mfma_t64x128x256_w1x4_nb4_sk1_bd2_xcd,826.68,861.1,0.0008
gfx950,256,928,1792,5120,32x32,flydsl,bmm,1,19.166,flydsl_bmm_mxfp8_mfma_t64x128x256_w1x4_nb5_sk1_bd2_xcd,888.51,908.38,0.0008
gfx950,256,960,1792,5120,32x32,flydsl,bmm,1,20.24,flydsl_bmm_mxfp8_mfma_t64x128x256_w1x4_nb4_sk1_bd2_xcd,870.38,874.2,0.0008
gfx950,256,992,1792,5120,32x32,flydsl,bmm,1,19.375,flydsl_bmm_mxfp8_mfma_t64x128x256_w1x4_nb5_sk1_bd2,939.54,927.87,0.0008
gfx950,256,1024,1792,5120,32x32,flydsl,bmm,1,19.921,flydsl_bmm_mxfp8_mfma_t64x128x256_w1x4_nb4_sk1_bd2,943.25,916.66,0.0008
gfx950,256,1088,1792,5120,32x32,flydsl,bmm,1,20.898,flydsl_bmm_mxfp8_mfma_t64x128x256_w1x4_nb4_sk1_bd2_xcd,955.35,900.95,0.0008
gfx950,256,1152,1792,5120,32x32,flydsl,bmm,1,20.567,flydsl_bmm_mxfp8_mfma_t64x128x256_w1x4_nb5_sk1_bd2_xcd,1027.81,943.02,0.0008
gfx950,256,1216,1792,5120,32x32,flydsl,bmm,1,24.157,flydsl_bmm_mxfp8_mfma_t96x128x256_w1x4_nb5_sk1_bd2_xcd,923.69,826.36,0.0008
gfx950,256,1280,1792,5120,32x32,flydsl,bmm,1,24.16,flydsl_bmm_mxfp8_mfma_t96x128x256_w1x4_nb4_sk1_bd2_xcd,972.19,849.75,0.0008
gfx950,256,1344,1792,5120,32x32,flydsl,bmm,1,24.71,flydsl_bmm_mxfp8_mfma_t96x128x256_w1x4_nb3_sk1_bd2_xcd,998.08,853.79,0.0008
gfx950,256,1408,1792,5120,32x32,flydsl,bmm,1,24.673,flydsl_bmm_mxfp8_mfma_t96x128x256_w1x4_nb3_sk1_bd2_xcd,1047.18,878.07,0.0008
gfx950,256,1472,1792,5120,32x32,flydsl,bmm,1,24.772,flydsl_bmm_mxfp8_mfma_t96x128x256_w1x4_nb4_sk1_bd2_xcd,1090.4,897.46,0.0008
gfx950,256,1536,1792,5120,32x32,flydsl,bmm,1,25.363,flydsl_bmm_mxfp8_mfma_t96x128x128_w1x4_nb4_sk1_bd2_xcd,1111.28,898.91,0.0008
gfx950,256,1600,1792,5120,32x32,flydsl,bmm,1,25.725,flydsl_bmm_mxfp8_mfma_t96x128x128_w1x4_nb4_sk1_bd3_xcd,1141.32,908.32,0.0008
gfx950,256,1664,1792,5120,32x32,flydsl,bmm,1,25.45,flydsl_bmm_mxfp8_mfma_t96x128x128_w1x4_nb4_sk1_bd2_xcd,1199.79,940.42,0.0008
gfx950,256,1728,1792,5120,32x32,flydsl,bmm,1,26.122,flydsl_bmm_mxfp8_mfma_t96x128x128_w1x4_nb5_sk1_bd2_xcd,1213.9,937.96,0.0008
gfx950,256,1792,1792,5120,32x32,flydsl,bmm,1,30.091,flydsl_bmm_mxfp8_mfma_t128x128x128_w4x2_nb3_sk1_xcd,1092.81,833.1,0.0008
gfx950,256,1856,1792,5120,32x32,flydsl,bmm,1,29.868,flydsl_bmm_mxfp8_mfma_t128x128x128_w4x2_nb3_sk1_xcd,1140.29,858.31,0.0008
gfx950,256,1920,1792,5120,32x32,flydsl,bmm,1,30.305,flydsl_bmm_mxfp8_mfma_t128x128x128_w4x2_nb3_sk1_xcd,1162.59,864.64,0.0008
gfx950,256,1984,1792,5120,32x32,flydsl,bmm,1,30.64,flydsl_bmm_mxfp8_mfma_t128x128x128_w4x2_nb3_sk1,1188.19,873.69,0.0008
gfx950,256,2048,1792,5120,32x32,flydsl,bmm,1,30.493,flydsl_bmm_mxfp8_mfma_t128x128x128_w4x2_nb3_sk1,1232.44,896.51,0.0008
gfx950,256,4096,1792,5120,32x32,flydsl,bmm,1,49.161,flydsl_bmm_mxfp8_mfma_t128x256x128_w1x4_nb4_sk1_bd3_xcd,1528.88,925.34,0.0008
gfx950,256,6144,1792,5120,32x32,flydsl,bmm,1,68.768,flydsl_bmm_mxfp8_mfma_t192x256x128_w1x4_nb4_sk1_bd3_xcd,1639.46,925.49,0.0008
gfx950,256,8192,1792,5120,32x32,flydsl,bmm,1,88.787,flydsl_bmm_mxfp8_mfma_t256x256x128_w1x4_nb2_sk1_bd1_xcd,1693.09,921.28,0.0008
gfx950,256,10240,1792,5120,32x32,flydsl,bmm,1,126.433,flydsl_bmm_mxfp8_mfma_t192x256x128_w1x4_nb2_sk1_bd1_xcd,1486.2,790.55,0.0008
gfx950,256,12288,1792,5120,32x32,flydsl,bmm,1,130.658,flydsl_bmm_mxfp8_mfma_t192x256x128_w1x4_nb2_sk1_bd1_xcd,1725.77,903.92,0.0008
gfx950,256,14336,1792,5120,32x32,flydsl,bmm,1,148.149,flydsl_bmm_mxfp8_mfma_t112x256x128_w1x2_nb2_sk1_bd1_xcd_sps,1775.69,919.74,0.0008
gfx950,256,16384,1792,5120,32x32,flydsl,bmm,1,158.885,flydsl_bmm_mxfp8_mfma_t128x224x128_w1x2_nb2_sk1_bd1_sps,1892.23,971.85,0.0008
gfx950,256,32768,1792,5120,32x32,flydsl,bmm,1,301.047,flydsl_bmm_mxfp8_mfma_t128x224x128_w1x2_nb2_sk1_bd1_xcd_sps,1997.34,995.32,0.0008
gfx950,256,1,2304,5120,32x32,flydsl,bmm,1,5.443,flydsl_bmm_mxfp8_mfma_t16x16x512_w1x1_nb7_sk1_bd3_xcd_sps,4.33,2171.15,0.0009
gfx950,256,2,2304,5120,32x32,flydsl,bmm,1,5.481,flydsl_bmm_mxfp8_mfma_t16x16x512_w1x1_nb7_sk1_bd3_sps,8.61,2157.93,0.0011
gfx950,256,4,2304,5120,32x32,flydsl,bmm,1,5.524,flydsl_bmm_mxfp8_mfma_t16x16x512_w1x1_nb8_sk1_bd3_sps,17.09,2144.91,0.0012
gfx950,256,8,2304,5120,32x32,flydsl,bmm,1,5.637,flydsl_bmm_mxfp8_mfma_t16x16x512_w1x1_nb8_sk1_bd4_sps,33.49,2108.94,0.0009
gfx950,256,16,2304,5120,32x32,flydsl,bmm,1,5.999,flydsl_bmm_mxfp8_mfma_t16x16x512_w1x1_nb9_sk1_bd4_sps,62.93,1994.86,0.0006
gfx950,256,32,2304,5120,32x32,flydsl,bmm,5,6.616,flydsl_bmm_mxfp8_mfma_t32x64x128_w1x4_nb7_sk5_xcd,114.11,1832.51,0.0009
gfx950,256,48,2304,5120,32x32,flydsl,bmm,1,7.55,flydsl_bmm_mxfp8_mfma_t32x32x512_w1x2_nb6_sk1_bd2,150.0,1626.85,0.0008
gfx950,256,64,2304,5120,32x32,flydsl,bmm,5,7.963,flydsl_bmm_mxfp8_mfma_t64x64x128_w4x2_nb5_sk5_xcd,189.61,1562.27,0.0007
gfx950,256,80,2304,5120,32x32,flydsl,bmm,1,8.556,flydsl_bmm_mxfp8_mfma_t32x32x512_w1x2_nb4_sk1_bd2_sps,220.6,1472.53,0.0008
gfx950,256,96,2304,5120,32x32,flydsl,bmm,1,8.92,flydsl_bmm_mxfp8_mfma_t32x32x512_w1x2_nb4_sk1_bd2_xcd,253.92,1430.19,0.0008
gfx950,256,112,2304,5120,32x32,flydsl,bmm,1,10.334,flydsl_bmm_mxfp8_mfma_t48x32x512_w1x2_nb4_sk1_bd2_xcd,255.7,1249.8,0.0008
gfx950,256,128,2304,5120,32x32,flydsl,bmm,1,10.175,flydsl_bmm_mxfp8_mfma_t48x32x512_w1x2_nb4_sk1_bd2,296.8,1284.91,0.0008
gfx950,256,144,2304,5120,32x32,flydsl,bmm,1,10.365,flydsl_bmm_mxfp8_mfma_t48x32x512_w1x2_nb5_sk1_bd2,327.79,1276.64,0.0008
gfx950,256,160,2304,5120,32x32,flydsl,bmm,1,10.401,flydsl_bmm_mxfp8_mfma_t64x32x256_w4x1_nb4_sk1,362.93,1287.37,0.0008
gfx950,256,176,2304,5120,32x32,flydsl,bmm,1,10.746,flydsl_bmm_mxfp8_mfma_t64x32x256_w4x1_nb5_sk1,386.43,1260.83,0.0008
gfx950,256,192,2304,5120,32x32,flydsl,bmm,2,11.337,flydsl_bmm_mxfp8_mfma_t64x64x256_w4x2_nb4_sk2_xcd,399.56,1209.01,0.0008
gfx950,256,208,2304,5120,32x32,flydsl,bmm,1,13.943,flydsl_bmm_mxfp8_mfma_t48x64x256_w1x4_nb4_sk1_bd2,351.95,994.37,0.0007
gfx950,256,224,2304,5120,32x32,flydsl,bmm,1,13.968,flydsl_bmm_mxfp8_mfma_t64x64x256_w1x4_nb5_sk1_bd2,378.37,1003.97,0.0008
gfx950,256,240,2304,5120,32x32,flydsl,bmm,1,14.208,flydsl_bmm_mxfp8_mfma_t64x64x256_w1x4_nb5_sk1_bd2,398.53,998.11,0.0008
gfx950,256,256,2304,5120,32x32,flydsl,bmm,1,14.061,flydsl_bmm_mxfp8_mfma_t64x64x256_w1x4_nb5_sk1_bd2,429.53,1019.77,0.0009
gfx950,256,288,2304,5120,32x32,flydsl,bmm,1,13.967,flydsl_bmm_mxfp8_mfma_t64x64x256_w4x2_nb4_sk1,486.5,1049.35,0.0008
gfx950,256,320,2304,5120,32x32,flydsl,bmm,1,14.399,flydsl_bmm_mxfp8_mfma_t64x64x256_w4x2_nb4_sk1_xcd,524.32,1039.8,0.0008
gfx950,256,352,2304,5120,32x32,flydsl,bmm,1,14.24,flydsl_bmm_mxfp8_mfma_t64x64x256_w4x2_nb4_sk1,583.21,1073.67,0.0008
gfx950,256,384,2304,5120,32x32,flydsl,bmm,1,14.64,flydsl_bmm_mxfp8_mfma_t64x64x256_w4x2_nb4_sk1,618.85,1065.94,0.0008
gfx950,256,416,2304,5120,32x32,flydsl,bmm,1,15.288,flydsl_bmm_mxfp8_mfma_t64x64x256_w4x2_nb4_sk1_xcd,641.98,1041.43,0.0008
gfx950,256,448,2304,5120,32x32,flydsl,bmm,1,16.002,flydsl_bmm_mxfp8_mfma_t64x64x256_w4x2_nb4_sk1_xcd,660.5,1014.71,0.0008
gfx950,256,480,2304,5120,32x32,flydsl,bmm,1,19.164,flydsl_bmm_mxfp8_mfma_t64x128x256_w1x4_nb4_sk1_bd2,590.93,863.82,0.0008
gfx950,256,512,2304,5120,32x32,flydsl,bmm,1,19.689,flydsl_bmm_mxfp8_mfma_t48x128x256_w1x4_nb4_sk1_bd2,613.53,856.86,0.0008
gfx950,256,544,2304,5120,32x32,flydsl,bmm,1,18.335,flydsl_bmm_mxfp8_mfma_t48x128x256_w1x4_nb4_sk1_bd2,700.02,937.41,0.0008
gfx950,256,576,2304,5120,32x32,flydsl,bmm,1,18.849,flydsl_bmm_mxfp8_mfma_t48x128x256_w1x4_nb5_sk1_bd2,720.97,928.62,0.0008
gfx950,256,608,2304,5120,32x32,flydsl,bmm,1,18.941,flydsl_bmm_mxfp8_mfma_t48x128x256_w1x4_nb5_sk1_bd2_xcd,757.33,940.81,0.0008
gfx950,256,640,2304,5120,32x32,flydsl,bmm,1,18.337,flydsl_bmm_mxfp8_mfma_t48x128x256_w1x4_nb6_sk1_bd2_xcd,823.45,989.06,0.0008
gfx950,256,672,2304,5120,32x32,flydsl,bmm,1,19.016,flydsl_bmm_mxfp8_mfma_t48x128x256_w1x4_nb7_sk1_bd2_xcd,833.75,970.39,0.0008
gfx950,256,704,2304,5120,32x32,flydsl,bmm,1,20.666,flydsl_bmm_mxfp8_mfma_t64x128x256_w1x4_nb5_sk1_bd2_xcd,803.69,908.19,0.0008
gfx950,256,736,2304,5120,32x32,flydsl,bmm,1,19.88,flydsl_bmm_mxfp8_mfma_t64x128x256_w1x4_nb6_sk1_bd2_xcd,873.44,960.02,0.0008
gfx950,256,768,2304,5120,32x32,flydsl,bmm,1,20.696,flydsl_bmm_mxfp8_mfma_t64x128x128_w1x4_nb6_sk1_bd2_xcd,875.51,937.49,0.0008
gfx950,256,800,2304,5120,32x32,flydsl,bmm,1,19.795,flydsl_bmm_mxfp8_mfma_t64x128x128_w1x4_nb6_sk1_bd2_xcd,953.48,996.12,0.0008
gfx950,256,832,2304,5120,32x32,flydsl,bmm,1,20.828,flydsl_bmm_mxfp8_mfma_t64x128x128_w1x4_nb5_sk1_bd2_xcd,942.44,961.91,0.0008
gfx950,256,864,2304,5120,32x32,flydsl,bmm,1,20.089,flydsl_bmm_mxfp8_mfma_t64x128x128_w1x4_nb6_sk1_bd2_xcd,1014.7,1013.06,0.0008
gfx950,256,896,2304,5120,32x32,flydsl,bmm,1,20.893,flydsl_bmm_mxfp8_mfma_t64x128x128_w1x4_nb7_sk1_bd2_xcd,1011.77,989.2,0.0008
gfx950,256,928,2304,5120,32x32,flydsl,bmm,1,24.895,flydsl_bmm_mxfp8_mfma_t96x128x256_w1x4_nb3_sk1_bd2_xcd,879.46,842.9,0.0008
gfx950,256,960,2304,5120,32x32,flydsl,bmm,1,25.337,flydsl_bmm_mxfp8_mfma_t96x128x256_w1x4_nb3_sk1_bd2_xcd,893.91,840.68,0.0008
gfx950,256,992,2304,5120,32x32,flydsl,bmm,1,24.44,flydsl_bmm_mxfp8_mfma_t96x128x256_w1x4_nb4_sk1_bd2_xcd,957.64,884.5,0.0008
gfx950,256,1024,2304,5120,32x32,flydsl,bmm,1,24.946,flydsl_bmm_mxfp8_mfma_t96x128x256_w1x4_nb4_sk1_bd2_xcd,968.46,879.24,0.0008
gfx950,256,1088,2304,5120,32x32,flydsl,bmm,1,25.008,flydsl_bmm_mxfp8_mfma_t96x128x128_w1x4_nb4_sk1_bd2_xcd,1026.42,902.34,0.0008
gfx950,256,1152,2304,5120,32x32,flydsl,bmm,1,25.719,flydsl_bmm_mxfp8_mfma_t96x128x128_w1x4_nb4_sk1_bd2,1056.78,902.02,0.0008
gfx950,256,1216,2304,5120,32x32,flydsl,bmm,1,25.822,flydsl_bmm_mxfp8_mfma_t96x128x128_w1x4_nb4_sk1_bd2_xcd,1111.03,922.93,0.0008
gfx950,256,1280,2304,5120,32x32,flydsl,bmm,1,26.057,flydsl_bmm_mxfp8_mfma_t96x128x128_w1x4_nb4_sk1_bd3_xcd,1158.95,938.88,0.0008
gfx950,256,1344,2304,5120,32x32,flydsl,bmm,1,26.586,flydsl_bmm_mxfp8_mfma_t96x128x128_w1x4_nb4_sk1_bd2_xcd,1192.71,944.02,0.0008
gfx950,256,1408,2304,5120,32x32,flydsl,bmm,1,30.573,flydsl_bmm_mxfp8_mfma_t128x128x128_w4x2_nb3_sk1_xcd,1086.54,841.6,0.0008
gfx950,256,1472,2304,5120,32x32,flydsl,bmm,1,30.134,flydsl_bmm_mxfp8_mfma_t128x128x128_w4x2_nb3_sk1,1152.49,874.87,0.0008
gfx950,256,1536,2304,5120,32x32,flydsl,bmm,1,30.833,flydsl_bmm_mxfp8_mfma_t128x128x128_w4x2_nb4_sk1,1175.32,875.55,0.0008
gfx950,256,1600,2304,5120,32x32,flydsl,bmm,1,31.932,flydsl_bmm_mxfp8_mfma_t128x128x128_w4x2_nb3_sk1_xcd,1182.16,865.24,0.0008
gfx950,256,1664,2304,5120,32x32,flydsl,bmm,1,31.371,flydsl_bmm_mxfp8_mfma_t128x128x128_w4x2_nb3_sk1_xcd,1251.42,900.88,0.0008
gfx950,256,1728,2304,5120,32x32,flydsl,bmm,1,32.29,flydsl_bmm_mxfp8_mfma_t128x128x128_w4x2_nb3_sk1,1262.59,894.85,0.0008
gfx950,256,1792,2304,5120,32x32,flydsl,bmm,1,33.076,flydsl_bmm_mxfp8_mfma_t128x128x128_w4x2_nb3_sk1,1278.22,892.71,0.0008
gfx950,256,1856,2304,5120,32x32,flydsl,bmm,1,37.792,flydsl_bmm_mxfp8_mfma_t128x192x128_w1x4_nb3_sk1_bd2_xcd,1158.66,798.05,0.0008
gfx950,256,1920,2304,5120,32x32,flydsl,bmm,1,35.325,flydsl_bmm_mxfp8_mfma_t96x192x128_w1x4_nb3_sk1_bd2_xcd,1282.34,871.71,0.0008
gfx950,256,1984,2304,5120,32x32,flydsl,bmm,1,34.201,flydsl_bmm_mxfp8_mfma_t96x192x128_w1x4_nb4_sk1_bd2_xcd,1368.63,918.86,0.0008
gfx950,256,2048,2304,5120,32x32,flydsl,bmm,1,38.654,flydsl_bmm_mxfp8_mfma_t128x128x128_w1x4_nb3_sk1_bd2_xcd,1250.04,829.38,0.0008
gfx950,256,4096,2304,5120,32x32,flydsl,bmm,1,73.708,flydsl_bmm_mxfp8_mfma_t128x128x128_w1x4_nb3_sk1_bd2_xcd,1311.08,709.68,0.0008
gfx950,256,6144,2304,5120,32x32,flydsl,bmm,1,82.876,flydsl_bmm_mxfp8_mfma_t224x256x128_w1x4_nb2_sk1_bd1,1749.06,875.52,0.0008
gfx950,256,8192,2304,5120,32x32,flydsl,bmm,1,116.176,flydsl_bmm_mxfp8_mfma_t128x192x128_w1x4_nb3_sk1_bd2,1663.63,798.88,0.0008
gfx950,256,10240,2304,5120,32x32,flydsl,bmm,1,134.624,flydsl_bmm_mxfp8_mfma_t192x256x128_w1x4_nb4_sk1_bd3,1794.57,839.83,0.0008
gfx950,256,12288,2304,5120,32x32,flydsl,bmm,1,158.283,flydsl_bmm_mxfp8_mfma_t192x192x128_w1x4_nb4_sk1_bd3,1831.59,842.24,0.0008
gfx950,256,14336,2304,5120,32x32,flydsl,bmm,1,170.657,flydsl_bmm_mxfp8_mfma_t256x256x128_w1x4_nb2_sk1_bd1,1981.92,899.83,0.0008
gfx950,256,16384,2304,5120,32x32,flydsl,bmm,1,208.767,flydsl_bmm_mxfp8_mfma_t256x192x128_w1x4_nb2_sk1_bd1,1851.58,832.57,0.0008
gfx950,256,32768,2304,5120,32x32,flydsl,bmm,1,380.091,flydsl_bmm_mxfp8_mfma_t128x256x128_w1x2_nb2_sk1_bd1_xcd_sps,2033.97,883.52,0.0008
gfx950,256,1,4096,1280,32x32,flydsl,bmm,1,3.774,flydsl_bmm_mxfp8_mfma_t16x16x256_w1x1_nb6_sk1_nt_sps,2.78,1393.24,0.0005
gfx950,256,2,4096,1280,32x32,flydsl,bmm,1,3.757,flydsl_bmm_mxfp8_mfma_t16x16x256_w1x1_nb6_sk1_nt_sps,5.58,1401.92,0.0001
gfx950,256,4,4096,1280,32x32,flydsl,bmm,1,3.794,flydsl_bmm_mxfp8_mfma_t16x16x256_w1x1_nb6_sk1_nt_sps,11.06,1393.35,0.0008
gfx950,256,8,4096,1280,32x32,flydsl,bmm,1,3.831,flydsl_bmm_mxfp8_mfma_t16x16x256_w1x1_nb6_sk1_nt_sps,21.9,1389.87,0.0007
gfx950,256,16,4096,1280,32x32,flydsl,bmm,1,3.986,flydsl_bmm_mxfp8_mfma_t16x16x256_w1x1_nb6_sk1_nt_sps,42.09,1354.8,0.0007
gfx950,256,32,4096,1280,32x32,flydsl,bmm,1,4.343,flydsl_bmm_mxfp8_mfma_t32x32x256_w1x2_nb6_sk1_bd3_nt_sps,77.27,1278.57,0.0006
gfx950,256,48,4096,1280,32x32,flydsl,bmm,1,4.489,flydsl_bmm_mxfp8_mfma_t32x32x128_w1x2_nb8_sk1_xcd_sps,112.11,1270.69,0.0007
gfx950,256,64,4096,1280,32x32,flydsl,bmm,1,4.708,flydsl_bmm_mxfp8_mfma_t32x32x128_w2x2_nb6_sk1_xcd_sps,142.55,1244.08,0.0007
gfx950,256,80,4096,1280,32x32,flydsl,bmm,1,5.016,flydsl_bmm_mxfp8_mfma_t64x32x128_w2x2_nb6_sk1_xcd_sps,167.23,1197.93,0.0007
gfx950,256,96,4096,1280,32x32,flydsl,bmm,1,5.057,flydsl_bmm_mxfp8_mfma_t64x32x128_w2x2_nb6_sk1_xcd_sps,199.06,1218.38,0.0007
gfx950,256,112,4096,1280,32x32,flydsl,bmm,1,5.288,flydsl_bmm_mxfp8_mfma_t64x32x128_w2x2_nb6_sk1_xcd_sps,222.09,1193.92,0.0007
gfx950,256,128,4096,1280,32x32,flydsl,bmm,1,5.506,flydsl_bmm_mxfp8_mfma_t64x32x128_w2x2_nb6_sk1_xcd,243.77,1174.3,0.0007
gfx950,256,144,4096,1280,32x32,flydsl,bmm,1,5.893,flydsl_bmm_mxfp8_mfma_t96x32x128_w2x2_nb6_sk1_xcd,256.22,1122.94,0.0006
gfx950,256,160,4096,1280,32x32,flydsl,bmm,1,6.075,flydsl_bmm_mxfp8_mfma_t96x32x128_w2x2_nb6_sk1_xcd,276.17,1114.38,0.0007
gfx950,256,176,4096,1280,32x32,flydsl,bmm,1,6.258,flydsl_bmm_mxfp8_mfma_t64x64x256_w1x4_nb5_sk1_bd2_sps,294.89,1106.08,0.0007
gfx950,256,192,4096,1280,32x32,flydsl,bmm,1,6.269,flydsl_bmm_mxfp8_mfma_t64x64x256_w1x4_nb6_sk1_bd2_sps,321.13,1128.41,0.0007
gfx950,256,208,4096,1280,32x32,flydsl,bmm,1,6.443,flydsl_bmm_mxfp8_mfma_t64x64x128_w1x4_nb6_sk1_bd2_sps,338.5,1121.56,0.0006
gfx950,256,224,4096,1280,32x32,flydsl,bmm,1,6.477,flydsl_bmm_mxfp8_mfma_t64x64x128_w1x4_nb5_sk1_bd2_sps,362.66,1139.28,0.0007
gfx950,256,240,4096,1280,32x32,flydsl,bmm,1,6.654,flydsl_bmm_mxfp8_mfma_t64x64x128_w1x4_nb5_sk1_bd2_sps,378.19,1131.74,0.0007
gfx950,256,256,4096,1280,32x32,flydsl,bmm,1,6.739,flydsl_bmm_mxfp8_mfma_t64x64x128_w1x4_nb5_sk1_bd2_sps,398.33,1140.08,0.0007
gfx950,256,288,4096,1280,32x32,flydsl,bmm,1,7.654,flydsl_bmm_mxfp8_mfma_t96x64x128_w1x4_nb5_sk1_bd2_sps,394.53,1043.51,0.0007
gfx950,256,320,4096,1280,32x32,flydsl,bmm,1,7.509,flydsl_bmm_mxfp8_mfma_t96x64x128_w1x4_nb5_sk1_bd2_sps,446.85,1104.23,0.0007
gfx950,256,352,4096,1280,32x32,flydsl,bmm,1,7.594,flydsl_bmm_mxfp8_mfma_t96x64x128_w1x4_nb5_sk1_bd3,486.05,1132.0,0.0007
gfx950,256,384,4096,1280,32x32,flydsl,bmm,1,7.714,flydsl_bmm_mxfp8_mfma_t96x64x128_w1x4_nb5_sk1_bd3,521.96,1153.8,0.0007
gfx950,256,416,4096,1280,32x32,flydsl,bmm,1,8.403,flydsl_bmm_mxfp8_mfma_t128x64x128_w4x2_nb4_sk1,519.1,1095.43,0.0007
gfx950,256,448,4096,1280,32x32,flydsl,bmm,1,8.455,flydsl_bmm_mxfp8_mfma_t128x64x128_w4x2_nb5_sk1,555.6,1124.7,0.0007
gfx950,256,480,4096,1280,32x32,flydsl,bmm,1,8.684,flydsl_bmm_mxfp8_mfma_t128x64x128_w4x2_nb4_sk1,579.57,1130.05,0.0007
gfx950,256,512,4096,1280,32x32,flydsl,bmm,1,8.829,flydsl_bmm_mxfp8_mfma_t128x64x128_w1x4_nb5_sk1_bd3,608.04,1145.95,0.0007
gfx950,256,544,4096,1280,32x32,flydsl,bmm,1,9.556,flydsl_bmm_mxfp8_mfma_t96x128x128_w1x4_nb4_sk1_bd2,596.94,1090.7,0.0007
gfx950,256,576,4096,1280,32x32,flydsl,bmm,1,9.653,flydsl_bmm_mxfp8_mfma_t96x128x128_w1x4_nb5_sk1_bd2,625.67,1111.21,0.0007
gfx950,256,608,4096,1280,32x32,flydsl,bmm,1,10.061,flydsl_bmm_mxfp8_mfma_t96x128x128_w1x4_nb5_sk1_bd2,633.69,1096.48,0.0007
gfx950,256,640,4096,1280,32x32,flydsl,bmm,1,10.161,flydsl_bmm_mxfp8_mfma_t96x128x128_w1x4_nb5_sk1_bd2,660.47,1115.63,0.0007
gfx950,256,672,4096,1280,32x32,flydsl,bmm,1,10.221,flydsl_bmm_mxfp8_mfma_t96x128x128_w1x4_nb5_sk1_bd2,689.38,1138.79,0.0006
gfx950,256,704,4096,1280,32x32,flydsl,bmm,1,10.698,flydsl_bmm_mxfp8_mfma_t96x128x128_w1x4_nb5_sk1_bd2,690.01,1116.47,0.0007
gfx950,256,736,4096,1280,32x32,flydsl,bmm,1,10.682,flydsl_bmm_mxfp8_mfma_t96x128x128_w1x4_nb5_sk1_bd2,722.51,1146.72,0.0007
gfx950,256,768,4096,1280,32x32,flydsl,bmm,1,10.729,flydsl_bmm_mxfp8_mfma_t96x128x128_w1x4_nb5_sk1_bd2,750.57,1170.01,0.0007
gfx950,256,800,4096,1280,32x32,flydsl,bmm,1,11.102,flydsl_bmm_mxfp8_mfma_t128x128x128_w4x2_nb3_sk1,755.57,1158.1,0.0007
gfx950,256,832,4096,1280,32x32,flydsl,bmm,1,11.029,flydsl_bmm_mxfp8_mfma_t128x128x128_w4x2_nb3_sk1,791.01,1193.38,0.0007
gfx950,256,864,4096,1280,32x32,flydsl,bmm,1,11.139,flydsl_bmm_mxfp8_mfma_t128x128x128_w4x2_nb4_sk1,813.35,1208.97,0.0007
gfx950,256,896,4096,1280,32x32,flydsl,bmm,1,11.226,flydsl_bmm_mxfp8_mfma_t128x128x128_w4x2_nb3_sk1,836.91,1226.67,0.0007
gfx950,256,928,4096,1280,32x32,flydsl,bmm,1,11.699,flydsl_bmm_mxfp8_mfma_t64x128x256_w1x4_nb3_sk1_bd1_sps,831.77,1203.12,0.0007
gfx950,256,960,4096,1280,32x32,flydsl,bmm,1,11.964,flydsl_bmm_mxfp8_mfma_t64x128x256_w1x4_nb3_sk1_bd1_sps,841.41,1201.94,0.0007
gfx950,256,992,4096,1280,32x32,flydsl,bmm,1,11.805,flydsl_bmm_mxfp8_mfma_t128x128x128_w1x4_nb4_sk1_bd2,881.13,1243.86,0.0007
gfx950,256,1024,4096,1280,32x32,flydsl,bmm,1,11.833,flydsl_bmm_mxfp8_mfma_t128x128x128_w1x4_nb4_sk1_bd2,907.39,1266.62,0.0007
gfx950,256,1088,4096,1280,32x32,flydsl,bmm,1,14.58,flydsl_bmm_mxfp8_mfma_t96x256x128_w1x4_nb3_sk1_bd2,782.48,1069.76,0.0007
gfx950,256,1152,4096,1280,32x32,flydsl,bmm,1,14.66,flydsl_bmm_mxfp8_mfma_t96x256x128_w1x4_nb4_sk1_bd2,824.01,1105.48,0.0007
gfx950,256,1216,4096,1280,32x32,flydsl,bmm,1,14.656,flydsl_bmm_mxfp8_mfma_t96x256x128_w1x4_nb4_sk1_bd2_xcd,870.01,1147.3,0.0007
gfx950,256,1280,4096,1280,32x32,flydsl,bmm,1,14.774,flydsl_bmm_mxfp8_mfma_t96x256x128_w1x4_nb4_sk1_bd2_xcd,908.49,1179.34,0.0007
gfx950,256,1344,4096,1280,32x32,flydsl,bmm,1,14.576,flydsl_bmm_mxfp8_mfma_t96x256x128_w1x4_nb3_sk1_bd2,966.85,1237.1,0.0007
gfx950,256,1408,4096,1280,32x32,flydsl,bmm,1,14.734,flydsl_bmm_mxfp8_mfma_t96x256x128_w1x4_nb3_sk1_bd2_xcd,1002.05,1265.18,0.0007
gfx950,256,1472,4096,1280,32x32,flydsl,bmm,1,14.624,flydsl_bmm_mxfp8_mfma_t96x256x128_w1x4_nb3_sk1_bd2,1055.46,1316.31,0.0007
gfx950,256,1536,4096,1280,32x32,flydsl,bmm,1,14.869,flydsl_bmm_mxfp8_mfma_t96x256x128_w1x4_nb3_sk1_bd2,1083.19,1335.55,0.0007
gfx950,256,1600,4096,1280,32x32,flydsl,bmm,1,16.346,flydsl_bmm_mxfp8_mfma_t128x256x128_w1x4_nb3_sk1_bd2,1026.39,1252.14,0.0007
gfx950,256,1664,4096,1280,32x32,flydsl,bmm,1,16.706,flydsl_bmm_mxfp8_mfma_t128x256x128_w1x4_nb3_sk1_bd2,1044.45,1261.6,0.0007
gfx950,256,1728,4096,1280,32x32,flydsl,bmm,1,16.725,flydsl_bmm_mxfp8_mfma_t128x256x128_w1x4_nb3_sk1_bd2,1083.39,1296.56,0.0007
gfx950,256,1792,4096,1280,32x32,flydsl,bmm,1,17.015,flydsl_bmm_mxfp8_mfma_t128x256x128_w1x4_nb3_sk1_bd2,1104.35,1310.23,0.0007
gfx950,256,1856,4096,1280,32x32,flydsl,bmm,1,17.065,flydsl_bmm_mxfp8_mfma_t128x256x128_w1x4_nb3_sk1_bd2_sps,1140.41,1342.03,0.0007
gfx950,256,1920,4096,1280,32x32,flydsl,bmm,1,17.026,flydsl_bmm_mxfp8_mfma_t128x256x128_w1x4_nb3_sk1_bd2,1182.49,1380.92,0.0007
gfx950,256,1984,4096,1280,32x32,flydsl,bmm,1,17.379,flydsl_bmm_mxfp8_mfma_t128x256x128_w1x4_nb3_sk1_bd2,1197.08,1387.89,0.0007
gfx950,256,2048,4096,1280,32x32,flydsl,bmm,1,17.441,flydsl_bmm_mxfp8_mfma_t128x256x128_w1x4_nb3_sk1_bd2,1231.27,1417.83,0.0007
gfx950,256,4096,4096,1280,32x32,flydsl,bmm,1,31.671,flydsl_bmm_mxfp8_mfma_t128x256x128_w1x2_nb2_sk1_bd1_xcd_sps,1356.13,1395.89,0.0007
gfx950,256,6144,4096,1280,32x32,flydsl,bmm,1,48.277,flydsl_bmm_mxfp8_mfma_t96x256x128_w1x2_nb2_sk1_bd1_xcd_sps,1334.49,1319.27,0.0007
gfx950,256,8192,4096,1280,32x32,flydsl,bmm,1,58.559,flydsl_bmm_mxfp8_mfma_t128x256x128_w1x2_nb2_sk1_bd1_sps,1466.89,1420.29,0.0007
gfx950,256,10240,4096,1280,32x32,flydsl,bmm,1,77.892,flydsl_bmm_mxfp8_mfma_t128x256x128_w1x2_nb2_sk1_bd1_xcd_sps,1378.49,1317.85,0.0007
gfx950,256,12288,4096,1280,32x32,flydsl,bmm,1,83.577,flydsl_bmm_mxfp8_mfma_t128x256x128_w1x2_nb2_sk1_bd1_xcd_sps,1541.69,1461.31,0.0007
gfx950,256,14336,4096,1280,32x32,flydsl,bmm,1,99.972,flydsl_bmm_mxfp8_mfma_t112x256x128_w1x2_nb2_sk1_bd1_xcd_sps,1503.66,1416.52,0.0007
gfx950,256,16384,4096,1280,32x32,flydsl,bmm,1,107.649,flydsl_bmm_mxfp8_mfma_t128x256x128_w1x2_nb2_sk1_bd1_xcd_sps,1595.92,1496.47,0.0007
gfx950,256,32768,4096,1280,32x32,flydsl,bmm,1,205.602,flydsl_bmm_mxfp8_mfma_t128x256x128_w1x2_nb2_sk1_bd1_xcd_sps,1671.18,1541.51,0.0007
gfx950,256,1,4608,5120,32x32,flydsl,bmm,1,6.468,flydsl_bmm_mxfp8_mfma_t16x32x512_w1x2_nb4_sk1_sps,7.3,3653.55,0.0011
gfx950,256,2,4608,5120,32x32,flydsl,bmm,1,6.53,flydsl_bmm_mxfp8_mfma_t16x32x512_w1x2_nb4_sk1_nt_sps,14.45,3621.13,0.0002
gfx950,256,4,4608,5120,32x32,flydsl,bmm,1,6.576,flydsl_bmm_mxfp8_mfma_t16x32x512_w1x2_nb8_sk1_bd3_nt,28.7,3600.17,0.001
gfx950,256,8,4608,5120,32x32,flydsl,bmm,1,6.738,flydsl_bmm_mxfp8_mfma_t16x32x512_w1x2_nb9_sk1_bd2_nt,56.02,3522.13,0.0009
gfx950,256,16,4608,5120,32x32,flydsl,bmm,1,6.97,flydsl_bmm_mxfp8_mfma_t16x32x512_w1x2_nb10_sk1_bd2_nt,108.31,3421.4,0.0007
gfx950,256,32,4608,5120,32x32,flydsl,bmm,1,8.341,flydsl_bmm_mxfp8_mfma_t32x32x512_w1x2_nb8_sk1_bd2,181.04,2887.1,0.0008
gfx950,256,48,4608,5120,32x32,flydsl,bmm,5,10.49,flydsl_bmm_mxfp8_mfma_t64x128x128_w2x4_nb4_sk5_nt,215.92,2317.68,0.0009
gfx950,256,64,4608,5120,32x32,flydsl,bmm,5,10.645,flydsl_bmm_mxfp8_mfma_t64x128x128_w2x4_nb4_sk5_nt,283.69,2305.67,0.0008
gfx950,256,80,4608,5120,32x32,flydsl,bmm,1,12.477,flydsl_bmm_mxfp8_mfma_t48x64x256_w1x4_nb4_sk1_bd2_xcd,302.54,1985.67,0.0008
gfx950,256,96,4608,5120,32x32,flydsl,bmm,1,12.856,flydsl_bmm_mxfp8_mfma_t48x64x512_w1x4_nb4_sk1_bd2_xcd,352.36,1945.26,0.0008
gfx950,256,112,4608,5120,32x32,flydsl,bmm,1,13.731,flydsl_bmm_mxfp8_mfma_t64x64x256_w1x4_nb5_sk1_bd2_xcd,384.88,1838.12,0.0009
gfx950,256,128,4608,5120,32x32,flydsl,bmm,1,13.262,flydsl_bmm_mxfp8_mfma_t48x64x256_w1x4_nb5_sk1_bd2_xcd,455.43,1920.66,0.0008
gfx950,256,144,4608,5120,32x32,flydsl,bmm,1,14.267,flydsl_bmm_mxfp8_mfma_t48x64x256_w1x4_nb4_sk1_bd2_xcd,476.25,1801.56,0.0008
gfx950,256,160,4608,5120,32x32,flydsl,bmm,1,14.383,flydsl_bmm_mxfp8_mfma_t64x64x256_w1x4_nb5_sk1_bd2,524.92,1803.23,0.0009
gfx950,256,176,4608,5120,32x32,flydsl,bmm,1,14.673,flydsl_bmm_mxfp8_mfma_t64x64x256_w1x4_nb5_sk1_bd2_xcd,566.0,1783.41,0.0008
gfx950,256,192,4608,5120,32x32,flydsl,bmm,1,15.477,flydsl_bmm_mxfp8_mfma_t64x64x256_w1x4_nb5_sk1_bd2_xcd,585.36,1705.68,0.0008
gfx950,256,208,4608,5120,32x32,flydsl,bmm,1,18.505,flydsl_bmm_mxfp8_mfma_t96x64x256_w2x2_nb3_sk1_bd2_xcd,530.38,1439.13,0.0008
gfx950,256,224,4608,5120,32x32,flydsl,bmm,1,18.283,flydsl_bmm_mxfp8_mfma_t96x64x256_w2x2_nb3_sk1_bd2,578.1,1469.27,0.0008
gfx950,256,240,4608,5120,32x32,flydsl,bmm,1,18.508,flydsl_bmm_mxfp8_mfma_t96x64x256_w2x2_nb3_sk1_bd2_xcd,611.89,1463.99,0.0008
gfx950,256,256,4608,5120,32x32,flydsl,bmm,1,18.627,flydsl_bmm_mxfp8_mfma_t96x64x256_w2x2_nb4_sk1_bd2_xcd,648.5,1467.06,0.0007
gfx950,256,288,4608,5120,32x32,flydsl,bmm,1,19.741,flydsl_bmm_mxfp8_mfma_t96x64x256_w2x2_nb3_sk1_bd2_xcd,688.41,1407.81,0.0008
gfx950,256,320,4608,5120,32x32,flydsl,bmm,2,22.164,flydsl_bmm_mxfp8_mfma_t128x128x128_w2x4_nb4_sk2_xcd,681.25,1274.78,0.0008
gfx950,256,352,4608,5120,32x32,flydsl,bmm,1,21.825,flydsl_bmm_mxfp8_mfma_t128x64x128_w4x2_nb4_sk1_xcd,761.04,1315.87,0.0008
gfx950,256,384,4608,5120,32x32,flydsl,bmm,1,22.369,flydsl_bmm_mxfp8_mfma_t128x64x128_w4x2_nb4_sk1_xcd,810.03,1304.6,0.0008
gfx950,256,416,4608,5120,32x32,flydsl,bmm,1,27.315,flydsl_bmm_mxfp8_mfma_t128x128x128_w4x2_nb3_sk1,718.63,1085.35,0.0009
gfx950,256,448,4608,5120,32x32,flydsl,bmm,1,27.591,flydsl_bmm_mxfp8_mfma_t128x128x128_w4x2_nb3_sk1,766.15,1091.29,0.0008
gfx950,256,480,4608,5120,32x32,flydsl,bmm,1,27.966,flydsl_bmm_mxfp8_mfma_t128x128x128_w4x2_nb3_sk1_xcd,809.89,1093.26,0.0008
gfx950,256,512,4608,5120,32x32,flydsl,bmm,1,28.77,flydsl_bmm_mxfp8_mfma_t128x128x128_w4x2_nb3_sk1_xcd,839.73,1078.83,0.0008
gfx950,256,544,4608,5120,32x32,flydsl,bmm,1,29.789,flydsl_bmm_mxfp8_mfma_t128x128x128_w4x2_nb3_sk1,861.7,1057.5,0.0008
gfx950,256,576,4608,5120,32x32,flydsl,bmm,1,30.37,flydsl_bmm_mxfp8_mfma_t128x128x128_w4x2_nb3_sk1_xcd,894.92,1052.53,0.0008
gfx950,256,608,4608,5120,32x32,flydsl,bmm,1,30.474,flydsl_bmm_mxfp8_mfma_t128x128x128_w4x2_nb3_sk1_xcd,941.43,1064.17,0.0008
gfx950,256,640,4608,5120,32x32,flydsl,bmm,1,31.178,flydsl_bmm_mxfp8_mfma_t128x128x128_w4x2_nb3_sk1,968.59,1055.01,0.0008
gfx950,256,672,4608,5120,32x32,flydsl,bmm,1,31.319,flydsl_bmm_mxfp8_mfma_t128x128x128_w4x2_nb3_sk1,1012.46,1065.09,0.0008
gfx950,256,704,4608,5120,32x32,flydsl,bmm,1,31.013,flydsl_bmm_mxfp8_mfma_t128x128x128_w4x2_nb3_sk1,1071.13,1090.55,0.0008
gfx950,256,736,4608,5120,32x32,flydsl,bmm,1,31.41,flydsl_bmm_mxfp8_mfma_t128x128x128_w4x2_nb3_sk1,1105.66,1091.53,0.0008
gfx950,256,768,4608,5120,32x32,flydsl,bmm,1,32.45,flydsl_bmm_mxfp8_mfma_t128x128x128_w4x2_nb3_sk1,1116.76,1070.84,0.0008
gfx950,256,800,4608,5120,32x32,flydsl,bmm,1,34.275,flydsl_bmm_mxfp8_mfma_t128x128x128_w4x2_nb3_sk1_xcd,1101.34,1027.35,0.0008
gfx950,256,832,4608,5120,32x32,flydsl,bmm,1,34.924,flydsl_bmm_mxfp8_mfma_t128x128x128_w4x2_nb4_sk1_xcd,1124.13,1021.56,0.0008
gfx950,256,864,4608,5120,32x32,flydsl,bmm,1,35.64,flydsl_bmm_mxfp8_mfma_t128x128x128_w2x4_nb4_sk1_xcd,1143.89,1014.03,0.0008
gfx950,256,896,4608,5120,32x32,flydsl,bmm,1,34.567,flydsl_bmm_mxfp8_mfma_t128x128x128_w4x2_nb3_sk1,1223.1,1058.95,0.0008
gfx950,256,928,4608,5120,32x32,flydsl,bmm,1,40.36,flydsl_bmm_mxfp8_mfma_t128x192x128_w1x4_nb4_sk1_bd3,1084.95,918.44,0.0008
gfx950,256,960,4608,5120,32x32,flydsl,bmm,1,39.635,flydsl_bmm_mxfp8_mfma_t96x192x128_w1x4_nb4_sk1_bd3,1142.91,946.96,0.0008
gfx950,256,992,4608,5120,32x32,flydsl,bmm,1,42.103,flydsl_bmm_mxfp8_mfma_t128x192x128_w1x4_nb4_sk1_bd3,1111.77,902.46,0.0008
gfx950,256,1024,4608,5120,32x32,flydsl,bmm,1,41.628,flydsl_bmm_mxfp8_mfma_t128x192x128_w1x4_nb4_sk1_bd3_xcd,1160.73,923.9,0.0008
gfx950,256,1088,4608,5120,32x32,flydsl,bmm,1,43.28,flydsl_bmm_mxfp8_mfma_t128x192x128_w1x4_nb4_sk1_bd2_xcd,1186.2,910.07,0.0008
gfx950,256,1152,4608,5120,32x32,flydsl,bmm,1,43.656,flydsl_bmm_mxfp8_mfma_t128x192x128_w1x4_nb4_sk1_bd3_xcd,1245.16,923.48,0.0008
gfx950,256,1216,4608,5120,32x32,flydsl,bmm,1,44.878,flydsl_bmm_mxfp8_mfma_t128x192x128_w1x4_nb4_sk1_bd3_xcd,1278.54,919.01,0.0008
gfx950,256,1280,4608,5120,32x32,flydsl,bmm,1,45.936,flydsl_bmm_mxfp8_mfma_t128x192x128_w1x4_nb3_sk1_bd2_xcd,1314.82,918.03,0.0008
gfx950,256,1344,4608,5120,32x32,flydsl,bmm,1,49.956,flydsl_bmm_mxfp8_mfma_t128x256x128_w1x4_nb3_sk1_bd2_xcd,1269.48,862.74,0.0008
gfx950,256,1408,4608,5120,32x32,flydsl,bmm,1,50.633,flydsl_bmm_mxfp8_mfma_t128x256x128_w1x4_nb4_sk1_bd2_xcd,1312.15,869.53,0.0008
gfx950,256,1472,4608,5120,32x32,flydsl,bmm,1,51.49,flydsl_bmm_mxfp8_mfma_t128x256x128_w1x4_nb3_sk1_bd2_xcd,1348.96,873.07,0.0008
gfx950,256,1536,4608,5120,32x32,flydsl,bmm,1,52.271,flydsl_bmm_mxfp8_mfma_t128x256x128_w1x4_nb3_sk1_bd2_xcd,1386.57,877.77,0.0008
gfx950,256,1600,4608,5120,32x32,flydsl,bmm,1,54.587,flydsl_bmm_mxfp8_mfma_t128x256x128_w1x4_nb3_sk1_bd2_xcd_sps,1383.06,857.52,0.0008
gfx950,256,1664,4608,5120,32x32,flydsl,bmm,1,55.205,flydsl_bmm_mxfp8_mfma_t128x256x128_w1x4_nb3_sk1_bd2_xcd,1422.28,864.72,0.0008
gfx950,256,1728,4608,5120,32x32,flydsl,bmm,1,55.63,flydsl_bmm_mxfp8_mfma_t128x256x128_w1x4_nb3_sk1_bd2_xcd,1465.7,874.8,0.0008
gfx950,256,1792,4608,5120,32x32,flydsl,bmm,1,56.519,flydsl_bmm_mxfp8_mfma_t128x256x128_w1x4_nb4_sk1_bd2,1496.08,877.45,0.0008
gfx950,256,1856,4608,5120,32x32,flydsl,bmm,1,65.635,flydsl_bmm_mxfp8_mfma_t192x256x128_w1x4_nb4_sk1_bd2,1334.31,769.72,0.0008
gfx950,256,1920,4608,5120,32x32,flydsl,bmm,1,64.017,flydsl_bmm_mxfp8_mfma_t192x192x128_w1x4_nb4_sk1_bd2,1415.19,803.66,0.0008
gfx950,256,1984,4608,5120,32x32,flydsl,bmm,1,67.602,flydsl_bmm_mxfp8_mfma_t96x192x128_w1x4_nb4_sk1_bd2,1384.83,774.77,0.0008
gfx950,256,2048,4608,5120,32x32,flydsl,bmm,1,76.771,flydsl_bmm_mxfp8_mfma_t128x192x128_w1x4_nb3_sk1_bd2,1258.76,694.32,0.0008
gfx950,256,4096,4608,5120,32x32,flydsl,bmm,1,118.882,flydsl_bmm_mxfp8_mfma_t128x192x128_w1x4_nb3_sk1_bd1,1625.76,698.1,0.0008
gfx950,256,6144,4608,5120,32x32,flydsl,bmm,1,165.621,flydsl_bmm_mxfp8_mfma_t128x192x128_w1x4_nb2_sk1_bd1,1750.44,680.34,0.0008
gfx950,256,8192,4608,5120,32x32,flydsl,bmm,1,203.773,flydsl_bmm_mxfp8_mfma_t128x192x128_w1x4_nb2_sk1_bd1,1896.95,698.65,0.0008
gfx950,256,10240,4608,5120,32x32,flydsl,bmm,1,249.713,flydsl_bmm_mxfp8_mfma_t128x256x128_w1x2_nb2_sk1_bd1_sps,1934.96,689.01,0.0008
gfx950,256,12288,4608,5120,32x32,flydsl,bmm,1,299.925,flydsl_bmm_mxfp8_mfma_t192x256x128_w1x4_nb4_sk1_bd3,1933.22,672.64,0.0008
gfx950,256,14336,4608,5120,32x32,flydsl,bmm,1,334.542,flydsl_bmm_mxfp8_mfma_t128x256x128_w1x2_nb2_sk1_bd1_sps,2022.04,691.78,0.0008
gfx950,256,16384,4608,5120,32x32,flydsl,bmm,1,393.861,flydsl_bmm_mxfp8_mfma_t128x192x128_w1x2_nb2_sk1_bd1,1962.86,662.97,0.0008
gfx950,256,32768,4608,5120,32x32,flydsl,bmm,1,751.043,flydsl_bmm_mxfp8_mfma_t128x256x128_w1x2_nb2_sk1_bd1_xcd_sps,2058.72,663.9,0.0008
gfx950,256,1,5120,576,32x32,flydsl,bmm,1,3.018,flydsl_bmm_mxfp8_mfma_t16x32x128_w1x2_nb6_sk1_nt_sps,1.95,981.64,0.0008
gfx950,256,2,5120,576,32x32,flydsl,bmm,1,3.019,flydsl_bmm_mxfp8_mfma_t16x32x128_w1x2_nb6_sk1_nt_sps,3.91,984.91,0.0006
gfx950,256,4,5120,576,32x32,flydsl,bmm,1,2.961,flydsl_bmm_mxfp8_mfma_t16x32x128_w1x2_nb6_sk1_nt_sps,7.97,1011.43,0.0007
gfx950,256,8,5120,576,32x32,flydsl,bmm,1,2.984,flydsl_bmm_mxfp8_mfma_t16x32x128_w1x2_nb6_sk1_nt_sps,15.81,1018.44,0.0008
gfx950,256,16,5120,576,32x32,flydsl,bmm,1,3.083,flydsl_bmm_mxfp8_mfma_t16x32x128_w1x1_nb6_sk1_nt_xcd_sps,30.61,1013.58,0.0007
gfx950,256,32,5120,576,32x32,flydsl,bmm,1,3.375,flydsl_bmm_mxfp8_mfma_t16x64x128_w1x2_nb6_sk1_xcd_sps,55.92,977.29,0.0007
gfx950,256,48,5120,576,32x32,flydsl,bmm,1,3.581,flydsl_bmm_mxfp8_mfma_t32x16x128_w1x1_nb5_sk1_bd2_xcd_sps,79.05,969.5,0.0005
gfx950,256,64,5120,576,32x32,flydsl,bmm,1,3.641,flydsl_bmm_mxfp8_mfma_t32x16x128_w1x1_nb5_sk1_xcd_sps,103.69,1001.3,0.0005
gfx950,256,80,5120,576,32x32,flydsl,bmm,1,3.9,flydsl_bmm_mxfp8_mfma_t32x64x128_w2x2_nb5_sk1_xcd_sps,120.98,979.05,0.0006
gfx950,256,96,5120,576,32x32,flydsl,bmm,1,3.953,flydsl_bmm_mxfp8_mfma_t32x64x128_w2x2_nb5_sk1_xcd_sps,143.24,1009.85,0.0005
gfx950,256,112,5120,576,32x32,flydsl,bmm,1,4.401,flydsl_bmm_mxfp8_mfma_t64x64x128_w2x2_nb4_sk1_xcd_sps,150.12,946.55,0.0006
gfx950,256,128,5120,576,32x32,flydsl,bmm,1,4.478,flydsl_bmm_mxfp8_mfma_t64x64x128_w2x2_nb4_sk1_bd2_xcd,168.59,968.86,0.0006
gfx950,256,144,5120,576,32x32,flydsl,bmm,1,4.415,flydsl_bmm_mxfp8_mfma_t64x64x128_w2x2_nb5_sk1_sps,192.39,1022.04,0.0005
gfx950,256,160,5120,576,32x32,flydsl,bmm,1,4.541,flydsl_bmm_mxfp8_mfma_t64x64x128_w2x2_nb4_sk1_sps,207.82,1031.78,0.0006
gfx950,256,176,5120,576,32x32,flydsl,bmm,1,4.62,flydsl_bmm_mxfp8_mfma_t64x64x128_w2x2_nb4_sk1_xcd_sps,224.68,1051.63,0.0006
gfx950,256,192,5120,576,32x32,flydsl,bmm,1,4.741,flydsl_bmm_mxfp8_mfma_t64x64x128_w2x2_nb4_sk1_xcd_sps,238.85,1061.34,0.0005
gfx950,256,208,5120,576,32x32,flydsl,bmm,1,5.147,flydsl_bmm_mxfp8_mfma_t96x64x128_w1x4_nb4_sk1_bd2_xcd_sps,238.34,1011.28,0.0006
gfx950,256,224,5120,576,32x32,flydsl,bmm,1,5.1,flydsl_bmm_mxfp8_mfma_t96x64x128_w1x4_nb4_sk1_bd2_sps,259.07,1054.7,0.0006
gfx950,256,240,5120,576,32x32,flydsl,bmm,1,5.063,flydsl_bmm_mxfp8_mfma_t96x64x128_w1x4_nb4_sk1_bd2,279.61,1096.69,0.0006
gfx950,256,256,5120,576,32x32,flydsl,bmm,1,4.994,flydsl_bmm_mxfp8_mfma_t96x64x128_w1x4_nb5_sk1_bd2,302.32,1146.37,0.0006
gfx950,256,288,5120,576,32x32,flydsl,bmm,1,5.193,flydsl_bmm_mxfp8_mfma_t96x64x128_w1x4_nb5_sk1_bd2,327.12,1169.34,0.0005
gfx950,256,320,5120,576,32x32,flydsl,bmm,1,5.713,flydsl_bmm_mxfp8_mfma_t128x64x128_w2x2_nb4_sk1_bd1,330.4,1123.65,0.0006
gfx950,256,352,5120,576,32x32,flydsl,bmm,1,5.97,flydsl_bmm_mxfp8_mfma_t128x64x128_w2x2_nb4_sk1_bd1,347.76,1133.23,0.0006
gfx950,256,384,5120,576,32x32,flydsl,bmm,1,6.031,flydsl_bmm_mxfp8_mfma_t64x128x128_w1x4_nb4_sk1_bd1,375.56,1179.32,0.0006
gfx950,256,416,5120,576,32x32,flydsl,bmm,1,6.333,flydsl_bmm_mxfp8_mfma_t96x128x128_w1x4_nb4_sk1_bd1,387.42,1177.73,0.0006
gfx950,256,448,5120,576,32x32,flydsl,bmm,1,6.491,flydsl_bmm_mxfp8_mfma_t96x128x128_w1x4_nb4_sk1_bd1,407.09,1202.52,0.0006
gfx950,256,480,5120,576,32x32,flydsl,bmm,1,6.711,flydsl_bmm_mxfp8_mfma_t96x128x128_w1x4_nb4_sk1_bd1,421.88,1214.81,0.0006
gfx950,256,512,5120,576,32x32,flydsl,bmm,1,6.609,flydsl_bmm_mxfp8_mfma_t96x128x128_w1x4_nb4_sk1_bd1,456.92,1285.92,0.0005
gfx950,256,544,5120,576,32x32,flydsl,bmm,1,6.84,flydsl_bmm_mxfp8_mfma_t96x128x128_w1x4_nb4_sk1_bd1,469.08,1293.18,0.0006
gfx950,256,576,5120,576,32x32,flydsl,bmm,1,7.003,flydsl_bmm_mxfp8_mfma_t96x128x128_w1x4_nb4_sk1_bd1,485.15,1312.69,0.0006
gfx950,256,608,5120,576,32x32,flydsl,bmm,1,7.597,flydsl_bmm_mxfp8_mfma_t128x128x128_w1x4_nb4_sk1_bd1,472.08,1255.72,0.0006
gfx950,256,640,5120,576,32x32,flydsl,bmm,1,7.893,flydsl_bmm_mxfp8_mfma_t128x128x128_w1x4_nb3_sk1_bd1,478.28,1252.52,0.0006
gfx950,256,672,5120,576,32x32,flydsl,bmm,1,7.674,flydsl_bmm_mxfp8_mfma_t128x128x128_w1x4_nb3_sk1_bd1,516.48,1333.34,0.0006
gfx950,256,704,5120,576,32x32,flydsl,bmm,1,7.768,flydsl_bmm_mxfp8_mfma_t128x128x128_w1x4_nb3_sk1_bd1,534.56,1361.92,0.0006
gfx950,256,736,5120,576,32x32,flydsl,bmm,1,7.911,flydsl_bmm_mxfp8_mfma_t128x128x128_w1x4_nb4_sk1_bd1,548.76,1381.13,0.0006
gfx950,256,768,5120,576,32x32,flydsl,bmm,1,8.193,flydsl_bmm_mxfp8_mfma_t64x128x128_w1x4_nb4_sk1_bd1,552.92,1375.93,0.0006
gfx950,256,800,5120,576,32x32,flydsl,bmm,1,9.209,flydsl_bmm_mxfp8_mfma_t64x128x128_w1x4_nb3_sk1_bd1,512.39,1261.73,0.0006
gfx950,256,832,5120,576,32x32,flydsl,bmm,1,9.239,flydsl_bmm_mxfp8_mfma_t96x128x128_w1x4_nb3_sk1_bd1,531.18,1295.2,0.0006
gfx950,256,864,5120,576,32x32,flydsl,bmm,1,9.238,flydsl_bmm_mxfp8_mfma_t96x128x128_w1x4_nb3_sk1_bd1_xcd,551.65,1332.84,0.0006
gfx950,256,896,5120,576,32x32,flydsl,bmm,1,9.161,flydsl_bmm_mxfp8_mfma_t96x128x128_w1x4_nb3_sk1_bd1,576.87,1381.83,0.0006
gfx950,256,928,5120,576,32x32,flydsl,bmm,1,9.273,flydsl_bmm_mxfp8_mfma_t96x128x128_w1x4_nb3_sk1_bd1,590.27,1402.57,0.0006
gfx950,256,960,5120,576,32x32,flydsl,bmm,1,9.457,flydsl_bmm_mxfp8_mfma_t96x128x128_w1x4_nb3_sk1_bd1,598.72,1411.88,0.0006
gfx950,256,992,5120,576,32x32,flydsl,bmm,1,9.502,flydsl_bmm_mxfp8_mfma_t96x128x128_w1x4_nb3_sk1_bd1,615.79,1441.78,0.0006
gfx950,256,1024,5120,576,32x32,flydsl,bmm,1,9.565,flydsl_bmm_mxfp8_mfma_t96x128x128_w1x4_nb3_sk1_bd1,631.42,1468.41,0.0006
gfx950,256,1088,5120,576,32x32,flydsl,bmm,1,9.605,flydsl_bmm_mxfp8_mfma_t96x128x128_w1x4_nb3_sk1_bd1,668.1,1534.51,0.0006
gfx950,256,1152,5120,576,32x32,flydsl,bmm,1,9.675,flydsl_bmm_mxfp8_mfma_t96x128x128_w1x4_nb3_sk1_bd1_sps,702.31,1595.13,0.0006
gfx950,256,1216,5120,576,32x32,flydsl,bmm,1,10.502,flydsl_bmm_mxfp8_mfma_t64x128x128_w1x2_nb3_sk1_bd1,682.93,1535.5,0.0006
gfx950,256,1280,5120,576,32x32,flydsl,bmm,1,10.78,flydsl_bmm_mxfp8_mfma_t128x256x128_w1x4_nb4_sk1_bd1,700.36,1560.27,0.0006
gfx950,256,1344,5120,576,32x32,flydsl,bmm,1,10.956,flydsl_bmm_mxfp8_mfma_t128x256x128_w1x4_nb4_sk1_bd1,723.53,1598.44,0.0006
gfx950,256,1408,5120,576,32x32,flydsl,bmm,1,12.003,flydsl_bmm_mxfp8_mfma_t128x256x128_w1x4_nb4_sk1_bd1,691.86,1516.75,0.0006
gfx950,256,1472,5120,576,32x32,flydsl,bmm,1,12.701,flydsl_bmm_mxfp8_mfma_t128x256x128_w1x4_nb3_sk1_bd1,683.56,1487.99,0.0006
gfx950,256,1536,5120,576,32x32,flydsl,bmm,1,12.741,flydsl_bmm_mxfp8_mfma_t128x256x128_w1x4_nb3_sk1_bd1,711.04,1537.74,0.0006
gfx950,256,1600,5120,576,32x32,flydsl,bmm,1,12.887,flydsl_bmm_mxfp8_mfma_t64x256x128_w1x4_nb4_sk1_bd1,732.32,1574.21,0.0006
gfx950,256,1664,5120,576,32x32,flydsl,bmm,1,13.129,flydsl_bmm_mxfp8_mfma_t96x128x128_w1x4_nb4_sk1_bd1_xcd,747.55,1597.95,0.0006
gfx950,256,1728,5120,576,32x32,flydsl,bmm,1,12.951,flydsl_bmm_mxfp8_mfma_t96x128x128_w1x4_nb3_sk1_bd1_xcd,786.97,1673.46,0.0006
gfx950,256,1792,5120,576,32x32,flydsl,bmm,1,13.202,flydsl_bmm_mxfp8_mfma_t96x128x128_w1x4_nb3_sk1_bd1_xcd,800.63,1694.22,0.0006
gfx950,256,1856,5120,576,32x32,flydsl,bmm,1,13.828,flydsl_bmm_mxfp8_mfma_t96x256x128_w1x4_nb3_sk1_bd1_xcd,791.67,1667.63,0.0006
gfx950,256,1920,5120,576,32x32,flydsl,bmm,1,13.814,flydsl_bmm_mxfp8_mfma_t96x256x128_w1x4_nb3_sk1_bd1,819.78,1719.49,0.0006
gfx950,256,1984,5120,576,32x32,flydsl,bmm,1,13.854,flydsl_bmm_mxfp8_mfma_t96x256x128_w1x4_nb2_sk1_bd1,844.68,1764.59,0.0006
gfx950,256,2048,5120,576,32x32,flydsl,bmm,1,13.988,flydsl_bmm_mxfp8_mfma_t96x256x128_w1x4_nb3_sk1_bd1,863.59,1797.3,0.0006
gfx950,256,4096,5120,576,32x32,flydsl,bmm,1,27.038,flydsl_bmm_mxfp8_mfma_t96x256x128_w1x4_nb3_sk1_bd1_xcd,893.51,1750.4,0.0006
gfx950,256,6144,5120,576,32x32,flydsl,bmm,1,35.136,flydsl_bmm_mxfp8_mfma_t96x256x128_w1x4_nb3_sk1_bd1_xcd,1031.37,1978.46,0.0006
gfx950,256,8192,5120,576,32x32,flydsl,bmm,1,45.447,flydsl_bmm_mxfp8_mfma_t96x256x128_w1x4_nb4_sk1_bd1_xcd,1063.19,2017.85,0.0006
gfx950,256,10240,5120,576,32x32,flydsl,bmm,1,55.297,flydsl_bmm_mxfp8_mfma_t96x256x128_w1x4_nb4_sk1_bd1_xcd,1092.25,2059.66,0.0006
gfx950,256,12288,5120,576,32x32,flydsl,bmm,1,63.182,flydsl_bmm_mxfp8_mfma_t96x256x128_w1x4_nb4_sk1_bd1_xcd_sps,1147.13,2153.78,0.0006
gfx950,256,14336,5120,576,32x32,flydsl,bmm,1,73.615,flydsl_bmm_mxfp8_mfma_t96x256x128_w1x4_nb4_sk1_bd1_xcd,1148.64,2149.95,0.0006
gfx950,256,16384,5120,576,32x32,flydsl,bmm,1,81.244,flydsl_bmm_mxfp8_mfma_t96x256x128_w1x4_nb5_sk1_bd1_xcd,1189.46,2221.15,0.0006
gfx950,256,32768,5120,576,32x32,flydsl,bmm,1,150.947,flydsl_bmm_mxfp8_mfma_t96x256x128_w1x4_nb5_sk1_bd1_xcd,1280.41,2371.43,0.0006
gfx950,256,1,5120,1152,32x32,flydsl,bmm,1,3.867,flydsl_bmm_mxfp8_mfma_t16x32x128_w1x2_nb10_sk1_nt_sps,3.05,1529.65,0.0004
gfx950,256,2,5120,1152,32x32,flydsl,bmm,1,3.91,flydsl_bmm_mxfp8_mfma_t16x32x128_w1x2_nb10_sk1_nt_sps,6.03,1515.75,0.0008
gfx950,256,4,5120,1152,32x32,flydsl,bmm,1,3.952,flydsl_bmm_mxfp8_mfma_t16x32x128_w1x2_nb10_sk1_nt_sps,11.94,1505.45,0.0007
gfx950,256,8,5120,1152,32x32,flydsl,bmm,1,4.022,flydsl_bmm_mxfp8_mfma_t16x32x128_w1x2_nb10_sk1_nt_sps,23.46,1490.49,0.0006
gfx950,256,16,5120,1152,32x32,flydsl,bmm,1,4.095,flydsl_bmm_mxfp8_mfma_t16x32x128_w1x2_nb9_sk1_nt_sps,46.09,1486.49,0.0007
gfx950,256,32,5120,1152,32x32,flydsl,bmm,1,4.489,flydsl_bmm_mxfp8_mfma_t32x32x128_w2x1_nb7_sk1_nt_sps,84.09,1396.68,0.0007
gfx950,256,48,5120,1152,32x32,flydsl,bmm,1,4.972,flydsl_bmm_mxfp8_mfma_t64x32x128_w4x1_nb6_sk1_nt_sps,113.88,1297.69,0.0007
gfx950,256,64,5120,1152,32x32,flydsl,bmm,1,4.982,flydsl_bmm_mxfp8_mfma_t32x64x128_w1x4_nb8_sk1_bd3_xcd_sps,151.53,1331.8,0.0007
gfx950,256,80,5120,1152,32x32,flydsl,bmm,1,5.434,flydsl_bmm_mxfp8_mfma_t32x64x128_w1x4_nb9_sk1_bd3_xcd_sps,173.67,1254.72,0.0006
gfx950,256,96,5120,1152,32x32,flydsl,bmm,1,5.458,flydsl_bmm_mxfp8_mfma_t32x64x128_w1x4_nb9_sk1_bd4_xcd_sps,207.49,1282.77,0.0007
gfx950,256,112,5120,1152,32x32,flydsl,bmm,1,5.68,flydsl_bmm_mxfp8_mfma_t64x64x128_w1x4_nb9_sk1_bd4_xcd_sps,232.61,1264.82,0.0007
gfx950,256,128,5120,1152,32x32,flydsl,bmm,1,5.857,flydsl_bmm_mxfp8_mfma_t64x64x128_w1x4_nb8_sk1_bd4_xcd_sps,257.8,1257.78,0.0007
gfx950,256,144,5120,1152,32x32,flydsl,bmm,1,6.157,flydsl_bmm_mxfp8_mfma_t64x64x128_w2x2_nb4_sk1_xcd_sps,275.91,1226.26,0.0007
gfx950,256,160,5120,1152,32x32,flydsl,bmm,1,6.182,flydsl_bmm_mxfp8_mfma_t64x64x128_w2x2_nb4_sk1_xcd_sps,305.33,1250.87,0.0007
gfx950,256,176,5120,1152,32x32,flydsl,bmm,1,6.196,flydsl_bmm_mxfp8_mfma_t64x64x128_w2x2_nb5_sk1_xcd_sps,335.07,1277.45,0.0006
gfx950,256,192,5120,1152,32x32,flydsl,bmm,1,6.208,flydsl_bmm_mxfp8_mfma_t64x64x128_w4x1_nb5_sk1_xcd,364.82,1304.42,0.0007
gfx950,256,208,5120,1152,32x32,flydsl,bmm,1,6.821,flydsl_bmm_mxfp8_mfma_t96x64x128_w2x2_nb5_sk1_bd2_xcd,359.72,1214.03,0.0006
gfx950,256,224,5120,1152,32x32,flydsl,bmm,1,6.759,flydsl_bmm_mxfp8_mfma_t96x64x128_w2x2_nb6_sk1_bd2_xcd,390.94,1252.23,0.0007
gfx950,256,240,5120,1152,32x32,flydsl,bmm,1,6.779,flydsl_bmm_mxfp8_mfma_t96x64x128_w2x2_nb6_sk1_bd2_xcd,417.62,1275.47,0.0007
gfx950,256,256,5120,1152,32x32,flydsl,bmm,1,6.867,flydsl_bmm_mxfp8_mfma_t96x64x128_w2x2_nb6_sk1_bd2_xcd,439.79,1285.86,0.0007
gfx950,256,288,5120,1152,32x32,flydsl,bmm,1,7.04,flydsl_bmm_mxfp8_mfma_t96x64x128_w2x2_nb6_sk1_bd2_xcd,482.59,1306.17,0.0006
gfx950,256,320,5120,1152,32x32,flydsl,bmm,1,7.664,flydsl_bmm_mxfp8_mfma_t128x64x128_w2x2_nb5_sk1_bd2,492.54,1247.5,0.0007
gfx950,256,352,5120,1152,32x32,flydsl,bmm,1,7.824,flydsl_bmm_mxfp8_mfma_t128x64x128_w2x2_nb5_sk1_bd2_xcd,530.75,1268.82,0.0006
gfx950,256,384,5120,1152,32x32,flydsl,bmm,1,8.025,flydsl_bmm_mxfp8_mfma_t128x64x128_w2x2_nb5_sk1_bd2_xcd,564.48,1282.57,0.0007
gfx950,256,416,5120,1152,32x32,flydsl,bmm,1,8.67,flydsl_bmm_mxfp8_mfma_t96x128x128_w1x4_nb5_sk1_bd2,566.04,1229.35,0.0007
gfx950,256,448,5120,1152,32x32,flydsl,bmm,1,8.813,flydsl_bmm_mxfp8_mfma_t96x128x128_w1x4_nb5_sk1_bd2,599.65,1250.82,0.0007
gfx950,256,480,5120,1152,32x32,flydsl,bmm,1,8.987,flydsl_bmm_mxfp8_mfma_t96x128x128_w1x4_nb5_sk1_bd2,630.07,1267.34,0.0007
gfx950,256,512,5120,1152,32x32,flydsl,bmm,1,9.313,flydsl_bmm_mxfp8_mfma_t96x128x128_w1x4_nb5_sk1_bd2,648.55,1262.26,0.0007
gfx950,256,544,5120,1152,32x32,flydsl,bmm,1,9.383,flydsl_bmm_mxfp8_mfma_t96x128x128_w1x4_nb5_sk1_bd2,683.92,1291.76,0.0007
gfx950,256,576,5120,1152,32x32,flydsl,bmm,1,9.476,flydsl_bmm_mxfp8_mfma_t96x128x128_w1x4_nb5_sk1_bd2,717.07,1317.73,0.0006
gfx950,256,608,5120,1152,32x32,flydsl,bmm,1,10.228,flydsl_bmm_mxfp8_mfma_t128x128x128_w1x4_nb5_sk1_bd2,701.21,1256.52,0.0007
gfx950,256,640,5120,1152,32x32,flydsl,bmm,1,10.431,flydsl_bmm_mxfp8_mfma_t128x128x128_w1x4_nb4_sk1_bd2,723.75,1267.12,0.0007
gfx950,256,672,5120,1152,32x32,flydsl,bmm,1,10.553,flydsl_bmm_mxfp8_mfma_t128x128x128_w1x4_nb5_sk1_bd2,751.19,1287.2,0.0007
gfx950,256,704,5120,1152,32x32,flydsl,bmm,1,10.662,flydsl_bmm_mxfp8_mfma_t128x128x128_w1x4_nb5_sk1_bd2,778.92,1308.35,0.0007
gfx950,256,736,5120,1152,32x32,flydsl,bmm,1,10.52,flydsl_bmm_mxfp8_mfma_t128x128x128_w1x4_nb4_sk1_bd2,825.31,1360.75,0.0007
gfx950,256,768,5120,1152,32x32,flydsl,bmm,1,10.529,flydsl_bmm_mxfp8_mfma_t128x128x128_w1x4_nb4_sk1_bd2,860.47,1394.34,0.0007
gfx950,256,800,5120,1152,32x32,flydsl,bmm,1,13.265,flydsl_bmm_mxfp8_mfma_t96x128x128_w1x4_nb3_sk1_bd1,711.43,1134.28,0.0007
gfx950,256,832,5120,1152,32x32,flydsl,bmm,1,12.71,flydsl_bmm_mxfp8_mfma_t96x128x128_w1x4_nb3_sk1_bd1_xcd,772.22,1212.62,0.0007
gfx950,256,864,5120,1152,32x32,flydsl,bmm,1,13.041,flydsl_bmm_mxfp8_mfma_t96x128x128_w1x4_nb3_sk1_bd1_xcd,781.56,1209.89,0.0007
gfx950,256,896,5120,1152,32x32,flydsl,bmm,1,13.569,flydsl_bmm_mxfp8_mfma_t96x128x128_w1x4_nb4_sk1_bd1_xcd,778.97,1189.75,0.0007
gfx950,256,928,5120,1152,32x32,flydsl,bmm,1,13.551,flydsl_bmm_mxfp8_mfma_t96x128x128_w1x4_nb3_sk1_bd1_xcd,807.86,1218.33,0.0007
gfx950,256,960,5120,1152,32x32,flydsl,bmm,1,13.947,flydsl_bmm_mxfp8_mfma_t96x128x128_w1x4_nb3_sk1_bd1_xcd,811.99,1209.95,0.0006
gfx950,256,992,5120,1152,32x32,flydsl,bmm,1,13.827,flydsl_bmm_mxfp8_mfma_t96x128x128_w1x4_nb5_sk1_bd2,846.3,1246.84,0.0007
gfx950,256,1024,5120,1152,32x32,flydsl,bmm,1,13.967,flydsl_bmm_mxfp8_mfma_t96x256x128_w1x4_nb5_sk1_bd2,864.86,1260.55,0.0007
gfx950,256,1088,5120,1152,32x32,flydsl,bmm,1,13.916,flydsl_bmm_mxfp8_mfma_t96x128x128_w1x4_nb5_sk1_bd2,922.31,1317.77,0.0007
gfx950,256,1152,5120,1152,32x32,flydsl,bmm,1,13.861,flydsl_bmm_mxfp8_mfma_t96x128x128_w1x4_nb3_sk1_bd1_xcd,980.4,1375.72,0.0007
gfx950,256,1216,5120,1152,32x32,flydsl,bmm,1,15.632,flydsl_bmm_mxfp8_mfma_t64x128x128_w1x4_nb5_sk1_bd2,917.67,1266.7,0.0006
gfx950,256,1280,5120,1152,32x32,flydsl,bmm,1,15.505,flydsl_bmm_mxfp8_mfma_t128x128x128_w1x4_nb3_sk1_bd1_xcd_sps,973.87,1324.24,0.0007
gfx950,256,1344,5120,1152,32x32,flydsl,bmm,1,15.773,flydsl_bmm_mxfp8_mfma_t128x128x128_w1x4_nb3_sk1_bd1_xcd_sps,1005.17,1348.08,0.0007
gfx950,256,1408,5120,1152,32x32,flydsl,bmm,1,15.76,flydsl_bmm_mxfp8_mfma_t128x128x128_w1x4_nb3_sk1_bd1_xcd_sps,1053.9,1395.6,0.0007
gfx950,256,1472,5120,1152,32x32,flydsl,bmm,1,16.479,flydsl_bmm_mxfp8_mfma_t128x128x128_w2x2_nb2_sk1_sps,1053.72,1379.08,0.0007
gfx950,256,1536,5120,1152,32x32,flydsl,bmm,1,16.546,flydsl_bmm_mxfp8_mfma_t128x128x128_w1x4_nb3_sk1_bd1_xcd,1095.12,1417.74,0.0007
gfx950,256,1600,5120,1152,32x32,flydsl,bmm,1,17.904,flydsl_bmm_mxfp8_mfma_t64x256x128_w1x4_nb3_sk1_bd2_xcd,1054.18,1351.0,0.0007
gfx950,256,1664,5120,1152,32x32,flydsl,bmm,1,19.501,flydsl_bmm_mxfp8_mfma_t96x128x128_w1x4_nb5_sk1_bd2,1006.56,1277.87,0.0007
gfx950,256,1728,5120,1152,32x32,flydsl,bmm,1,18.623,flydsl_bmm_mxfp8_mfma_t96x128x128_w1x4_nb3_sk1_bd1_xcd_sps,1094.59,1377.42,0.0007
gfx950,256,1792,5120,1152,32x32,flydsl,bmm,1,19.017,flydsl_bmm_mxfp8_mfma_t96x128x128_w1x4_nb3_sk1_bd1_xcd,1111.6,1387.33,0.0007
gfx950,256,1856,5120,1152,32x32,flydsl,bmm,1,20.298,flydsl_bmm_mxfp8_mfma_t96x256x128_w1x4_nb3_sk1_bd1_xcd,1078.64,1335.82,0.0007
gfx950,256,1920,5120,1152,32x32,flydsl,bmm,1,20.49,flydsl_bmm_mxfp8_mfma_t96x256x128_w1x4_nb3_sk1_bd1_xcd,1105.36,1358.96,0.0007
gfx950,256,1984,5120,1152,32x32,flydsl,bmm,1,20.531,flydsl_bmm_mxfp8_mfma_t96x256x128_w1x4_nb3_sk1_bd1_xcd_sps,1139.96,1391.92,0.0007
gfx950,256,2048,5120,1152,32x32,flydsl,bmm,1,20.81,flydsl_bmm_mxfp8_mfma_t96x256x128_w1x4_nb3_sk1_bd1_xcd,1160.93,1408.38,0.0007
gfx950,256,4096,5120,1152,32x32,flydsl,bmm,1,38.281,flydsl_bmm_mxfp8_mfma_t128x128x128_w1x4_nb3_sk1_bd2_sps,1262.19,1376.99,0.0007
gfx950,256,6144,5120,1152,32x32,flydsl,bmm,1,55.1,flydsl_bmm_mxfp8_mfma_t256x256x128_w1x4_nb2_sk1_bd1_sps,1315.38,1381.44,0.0007
gfx950,256,8192,5120,1152,32x32,flydsl,bmm,1,74.572,flydsl_bmm_mxfp8_mfma_t128x128x128_w1x4_nb4_sk1_bd2_sps,1295.89,1334.59,0.0007
gfx950,256,10240,5120,1152,32x32,flydsl,bmm,1,87.268,flydsl_bmm_mxfp8_mfma_t128x256x128_w1x4_nb3_sk1_bd2_sps,1384.2,1408.62,0.0007
gfx950,256,12288,5120,1152,32x32,flydsl,bmm,1,100.69,flydsl_bmm_mxfp8_mfma_t128x256x128_w1x2_nb2_sk1_bd1_sps,1439.62,1453.28,0.0007
gfx950,256,14336,5120,1152,32x32,flydsl,bmm,1,116.646,flydsl_bmm_mxfp8_mfma_t128x128x128_w1x4_nb4_sk1_bd3,1449.81,1455.14,0.0007
gfx950,256,16384,5120,1152,32x32,flydsl,bmm,1,127.597,flydsl_bmm_mxfp8_mfma_t128x256x128_w1x2_nb2_sk1_bd1_xcd_sps,1514.72,1513.68,0.0007
gfx950,256,32768,5120,1152,32x32,flydsl,bmm,1,244.728,flydsl_bmm_mxfp8_mfma_t128x256x128_w1x2_nb2_sk1_bd1_xcd_sps,1579.5,1554.28,0.0007
gfx950,256,1,5120,2048,32x32,flydsl,bmm,1,4.205,flydsl_bmm_mxfp8_mfma_t16x32x256_w1x2_nb6_sk1_nt_sps,4.99,2498.92,0.0004
gfx950,256,2,5120,2048,32x32,flydsl,bmm,1,4.245,flydsl_bmm_mxfp8_mfma_t16x32x256_w1x2_nb7_sk1_nt_sps,9.88,2478.55,0.0009
gfx950,256,4,5120,2048,32x32,flydsl,bmm,1,4.358,flydsl_bmm_mxfp8_mfma_t16x32x256_w1x2_nb7_sk1_nt_sps,19.25,2419.89,0.0006
gfx950,256,8,5120,2048,32x32,flydsl,bmm,1,4.414,flydsl_bmm_mxfp8_mfma_t16x32x128_w1x2_nb8_sk1_nt_sps,38.01,2400.29,0.001
gfx950,256,16,5120,2048,32x32,flydsl,bmm,1,4.398,flydsl_bmm_mxfp8_mfma_t16x32x512_w1x2_nb5_sk1_bd3_nt,76.3,2431.66,0.0007
gfx950,256,32,5120,2048,32x32,flydsl,bmm,1,4.735,flydsl_bmm_mxfp8_mfma_t32x32x512_w1x2_nb5_sk1_bd2_nt,141.73,2300.13,0.0007
gfx950,256,48,5120,2048,32x32,flydsl,bmm,1,5.408,flydsl_bmm_mxfp8_mfma_t48x32x512_w1x2_nb5_sk1_bd2_nt,186.14,2050.48,0.0007
gfx950,256,64,5120,2048,32x32,flydsl,bmm,1,5.829,flydsl_bmm_mxfp8_mfma_t64x32x128_w2x2_nb6_sk1_nt,230.25,1936.22,0.0007
gfx950,256,80,5120,2048,32x32,flydsl,bmm,1,6.655,flydsl_bmm_mxfp8_mfma_t96x32x128_w2x2_nb6_sk1_nt,252.11,1725.7,0.0007
gfx950,256,96,5120,2048,32x32,flydsl,bmm,1,6.899,flydsl_bmm_mxfp8_mfma_t64x64x128_w2x2_nb5_sk1_xcd,291.83,1693.3,0.0008
gfx950,256,112,5120,2048,32x32,flydsl,bmm,1,7.066,flydsl_bmm_mxfp8_mfma_t64x64x128_w2x2_nb5_sk1_xcd,332.4,1681.18,0.0007
gfx950,256,128,5120,2048,32x32,flydsl,bmm,1,7.219,flydsl_bmm_mxfp8_mfma_t64x64x128_w1x4_nb5_sk1_xcd,371.84,1672.93,0.0007
gfx950,256,144,5120,2048,32x32,flydsl,bmm,1,7.675,flydsl_bmm_mxfp8_mfma_t64x64x128_w1x4_nb5_sk1,393.46,1599.26,0.0007
gfx950,256,160,5120,2048,32x32,flydsl,bmm,1,7.708,flydsl_bmm_mxfp8_mfma_t64x64x128_w2x2_nb5_sk1_xcd,435.29,1618.01,0.0008
gfx950,256,176,5120,2048,32x32,flydsl,bmm,1,7.773,flydsl_bmm_mxfp8_mfma_t64x64x128_w1x4_nb5_sk1_xcd,474.84,1629.96,0.0007
gfx950,256,192,5120,2048,32x32,flydsl,bmm,1,7.898,flydsl_bmm_mxfp8_mfma_t64x64x128_w2x2_nb4_sk1_xcd,509.79,1629.14,0.0008
gfx950,256,208,5120,2048,32x32,flydsl,bmm,1,8.749,flydsl_bmm_mxfp8_mfma_t96x64x128_w2x2_nb4_sk1_xcd,498.58,1493.33,0.0007
gfx950,256,224,5120,2048,32x32,flydsl,bmm,1,8.652,flydsl_bmm_mxfp8_mfma_t96x64x128_w2x2_nb4_sk1,542.93,1532.85,0.0007
gfx950,256,240,5120,2048,32x32,flydsl,bmm,1,8.586,flydsl_bmm_mxfp8_mfma_t96x64x128_w2x2_nb5_sk1,586.24,1567.8,0.0007
gfx950,256,256,5120,2048,32x32,flydsl,bmm,1,8.775,flydsl_bmm_mxfp8_mfma_t96x64x128_w2x2_nb5_sk1,611.79,1556.41,0.0007
gfx950,256,288,5120,2048,32x32,flydsl,bmm,1,9.077,flydsl_bmm_mxfp8_mfma_t96x64x128_w2x2_nb5_sk1,665.41,1548.27,0.0008
gfx950,256,320,5120,2048,32x32,flydsl,bmm,1,9.564,flydsl_bmm_mxfp8_mfma_t128x64x128_w4x1_nb4_sk1_xcd,701.69,1510.76,0.0007
gfx950,256,352,5120,2048,32x32,flydsl,bmm,1,9.76,flydsl_bmm_mxfp8_mfma_t128x64x128_w4x2_nb4_sk1_xcd,756.39,1520.96,0.0007
gfx950,256,384,5120,2048,32x32,flydsl,bmm,1,9.845,flydsl_bmm_mxfp8_mfma_t128x64x128_w2x2_nb4_sk1_xcd,817.99,1547.92,0.0007
gfx950,256,416,5120,2048,32x32,flydsl,bmm,1,12.876,flydsl_bmm_mxfp8_mfma_t128x128x128_w2x4_nb4_sk1_xcd,677.53,1214.19,0.0007
gfx950,256,448,5120,2048,32x32,flydsl,bmm,1,12.953,flydsl_bmm_mxfp8_mfma_t128x128x128_w4x2_nb4_sk1_xcd,725.36,1237.57,0.0007
gfx950,256,480,5120,2048,32x32,flydsl,bmm,1,12.922,flydsl_bmm_mxfp8_mfma_t96x128x128_w1x4_nb4_sk1_bd2_xcd,779.03,1271.13,0.0007
gfx950,256,512,5120,2048,32x32,flydsl,bmm,1,13.336,flydsl_bmm_mxfp8_mfma_t128x128x128_w1x4_nb4_sk1_bd2_xcd,805.16,1261.29,0.0007
gfx950,256,544,5120,2048,32x32,flydsl,bmm,1,13.591,flydsl_bmm_mxfp8_mfma_t128x128x128_w2x4_nb4_sk1_xcd,839.44,1266.72,0.0007
gfx950,256,576,5120,2048,32x32,flydsl,bmm,1,13.431,flydsl_bmm_mxfp8_mfma_t128x128x128_w2x4_nb4_sk1_xcd,899.39,1311.21,0.0007
gfx950,256,608,5120,2048,32x32,flydsl,bmm,1,13.56,flydsl_bmm_mxfp8_mfma_t128x128x128_w2x4_nb4_sk1_xcd,940.31,1327.87,0.0007
gfx950,256,640,5120,2048,32x32,flydsl,bmm,1,14.117,flydsl_bmm_mxfp8_mfma_t128x128x128_w4x2_nb4_sk1_xcd,950.79,1303.53,0.0007
gfx950,256,672,5120,2048,32x32,flydsl,bmm,1,14.488,flydsl_bmm_mxfp8_mfma_t128x128x128_w2x4_nb4_sk1,972.69,1297.34,0.0007
gfx950,256,704,5120,2048,32x32,flydsl,bmm,1,14.462,flydsl_bmm_mxfp8_mfma_t128x128x128_w2x4_nb4_sk1,1020.86,1327.03,0.0007
gfx950,256,736,5120,2048,32x32,flydsl,bmm,1,14.755,flydsl_bmm_mxfp8_mfma_t128x128x128_w2x4_nb4_sk1,1046.1,1327.5,0.0007
gfx950,256,768,5120,2048,32x32,flydsl,bmm,1,14.799,flydsl_bmm_mxfp8_mfma_t128x128x128_w2x4_nb4_sk1,1088.32,1350.24,0.0007
gfx950,256,800,5120,2048,32x32,flydsl,bmm,1,18.428,flydsl_bmm_mxfp8_mfma_t48x128x128_w1x2_nb3_sk1_bd1_xcd,910.41,1105.78,0.0007
gfx950,256,832,5120,2048,32x32,flydsl,bmm,1,19.224,flydsl_bmm_mxfp8_mfma_t48x128x128_w1x2_nb4_sk1_bd1_xcd,907.63,1080.57,0.0007
gfx950,256,864,5120,2048,32x32,flydsl,bmm,1,18.669,flydsl_bmm_mxfp8_mfma_t96x128x128_w1x2_nb4_sk1_bd1_xcd,970.56,1133.87,0.0007
gfx950,256,896,5120,2048,32x32,flydsl,bmm,1,18.854,flydsl_bmm_mxfp8_mfma_t96x128x128_w1x2_nb4_sk1_bd2_xcd,996.62,1143.69,0.0007
gfx950,256,928,5120,2048,32x32,flydsl,bmm,1,18.627,flydsl_bmm_mxfp8_mfma_t96x128x128_w1x2_nb3_sk1_bd2_xcd,1044.82,1178.88,0.0007
gfx950,256,960,5120,2048,32x32,flydsl,bmm,1,18.748,flydsl_bmm_mxfp8_mfma_t96x128x128_w1x2_nb3_sk1_bd2_xcd,1073.86,1192.34,0.0007
gfx950,256,992,5120,2048,32x32,flydsl,bmm,1,19.699,flydsl_bmm_mxfp8_mfma_t96x128x128_w1x2_nb3_sk1_bd2_xcd,1056.08,1154.84,0.0007
gfx950,256,1024,5120,2048,32x32,flydsl,bmm,1,19.712,flydsl_bmm_mxfp8_mfma_t96x128x128_w1x2_nb3_sk1_bd2_xcd,1089.43,1174.13,0.0007
gfx950,256,1088,5120,2048,32x32,flydsl,bmm,1,20.849,flydsl_bmm_mxfp8_mfma_t96x128x128_w1x2_nb3_sk1_bd2_xcd,1094.37,1148.0,0.0007
gfx950,256,1152,5120,2048,32x32,flydsl,bmm,1,20.951,flydsl_bmm_mxfp8_mfma_t96x128x128_w1x4_nb3_sk1_bd1_xcd,1153.12,1180.15,0.0007
gfx950,256,1216,5120,2048,32x32,flydsl,bmm,1,22.228,flydsl_bmm_mxfp8_mfma_t128x128x128_w1x4_nb3_sk1_bd2_xcd,1147.25,1147.91,0.0007
gfx950,256,1280,5120,2048,32x32,flydsl,bmm,1,21.606,flydsl_bmm_mxfp8_mfma_t128x128x128_w1x4_nb4_sk1_bd1_xcd,1242.41,1217.55,0.0007
gfx950,256,1344,5120,2048,32x32,flydsl,bmm,1,22.556,flydsl_bmm_mxfp8_mfma_t128x128x128_w1x4_nb4_sk1_bd1_xcd,1249.57,1201.31,0.0007
gfx950,256,1408,5120,2048,32x32,flydsl,bmm,1,22.804,flydsl_bmm_mxfp8_mfma_t128x128x128_w1x4_nb3_sk1_bd2_xcd,1294.85,1222.92,0.0007
gfx950,256,1472,5120,2048,32x32,flydsl,bmm,1,23.479,flydsl_bmm_mxfp8_mfma_t128x256x128_w1x4_nb4_sk1_bd2,1314.81,1221.45,0.0007
gfx950,256,1536,5120,2048,32x32,flydsl,bmm,1,23.809,flydsl_bmm_mxfp8_mfma_t128x256x128_w1x4_nb3_sk1_bd2,1352.92,1237.69,0.0007
gfx950,256,1600,5120,2048,32x32,flydsl,bmm,1,26.703,flydsl_bmm_mxfp8_mfma_t64x256x128_w1x2_nb2_sk1_bd1_xcd,1256.57,1133.17,0.0007
gfx950,256,1664,5120,2048,32x32,flydsl,bmm,1,28.918,flydsl_bmm_mxfp8_mfma_t96x128x128_w1x4_nb3_sk1_bd1_xcd,1206.73,1073.71,0.0007
gfx950,256,1728,5120,2048,32x32,flydsl,bmm,1,27.859,flydsl_bmm_mxfp8_mfma_t96x128x128_w1x4_nb2_sk1_bd1_xcd,1300.78,1142.9,0.0007
gfx950,256,1792,5120,2048,32x32,flydsl,bmm,1,29.376,flydsl_bmm_mxfp8_mfma_t96x128x128_w1x4_nb2_sk1_bd1_xcd,1279.29,1110.78,0.0007
gfx950,256,1856,5120,2048,32x32,flydsl,bmm,1,30.668,flydsl_bmm_mxfp8_mfma_t96x256x128_w1x4_nb2_sk1_bd1_xcd,1269.19,1089.79,0.0007
gfx950,256,1920,5120,2048,32x32,flydsl,bmm,1,30.725,flydsl_bmm_mxfp8_mfma_t96x256x128_w1x4_nb3_sk1_bd1_xcd,1310.51,1113.49,0.0007
gfx950,256,1984,5120,2048,32x32,flydsl,bmm,1,31.237,flydsl_bmm_mxfp8_mfma_t96x256x128_w1x4_nb2_sk1_bd1_xcd,1332.0,1120.55,0.0007
gfx950,256,2048,5120,2048,32x32,flydsl,bmm,1,31.744,flydsl_bmm_mxfp8_mfma_t96x256x128_w1x4_nb2_sk1_bd1_xcd,1353.0,1127.55,0.0007
gfx950,256,4096,5120,2048,32x32,flydsl,bmm,1,61.325,flydsl_bmm_mxfp8_mfma_t128x128x128_w1x4_nb4_sk1_bd2,1400.72,996.16,0.0007
gfx950,256,6144,5120,2048,32x32,flydsl,bmm,1,83.038,flydsl_bmm_mxfp8_mfma_t128x256x128_w1x2_nb2_sk1_bd1_sps,1551.69,1040.33,0.0007
gfx950,256,8192,5120,2048,32x32,flydsl,bmm,1,110.854,flydsl_bmm_mxfp8_mfma_t128x256x128_w1x4_nb4_sk1_bd2,1549.77,1007.48,0.0007
gfx950,256,10240,5120,2048,32x32,flydsl,bmm,1,132.515,flydsl_bmm_mxfp8_mfma_t128x256x128_w1x4_nb4_sk1_bd2,1620.56,1033.7,0.0007
gfx950,256,12288,5120,2048,32x32,flydsl,bmm,1,149.305,flydsl_bmm_mxfp8_mfma_t192x256x128_w1x4_nb4_sk1_bd2,1725.99,1086.89,0.0007
gfx950,256,14336,5120,2048,32x32,flydsl,bmm,1,178.146,flydsl_bmm_mxfp8_mfma_t128x256x128_w1x4_nb4_sk1_bd2,1687.65,1052.93,0.0007
gfx950,256,16384,5120,2048,32x32,flydsl,bmm,1,192.884,flydsl_bmm_mxfp8_mfma_t128x256x128_w1x2_nb2_sk1_bd1,1781.37,1103.62,0.0007
gfx950,256,32768,5120,2048,32x32,flydsl,bmm,1,377.594,flydsl_bmm_mxfp8_mfma_t128x256x128_w1x2_nb2_sk1_bd1,1819.93,1099.72,0.0007
gfx950,256,1,5120,2304,32x32,flydsl,bmm,1,4.445,flydsl_bmm_mxfp8_mfma_t16x32x256_w1x2_nb6_sk1_sps,5.31,2659.18,0.0006
gfx950,256,2,5120,2304,32x32,flydsl,bmm,1,4.457,flydsl_bmm_mxfp8_mfma_t16x32x256_w1x2_nb8_sk1_sps,10.59,2654.83,0.0004
gfx950,256,4,5120,2304,32x32,flydsl,bmm,1,5.071,flydsl_bmm_mxfp8_mfma_t16x32x256_w1x2_nb7_sk1_sps,18.61,2338.29,0.0009
gfx950,256,8,5120,2304,32x32,flydsl,bmm,1,5.287,flydsl_bmm_mxfp8_mfma_t16x32x256_w1x2_nb6_sk1_nt_sps,35.7,2252.61,0.0005
gfx950,256,16,5120,2304,32x32,flydsl,bmm,1,5.411,flydsl_bmm_mxfp8_mfma_t16x32x256_w1x1_nb8_sk1_bd3_nt_sps,69.77,2219.62,0.0008
gfx950,256,32,5120,2304,32x32,flydsl,bmm,1,5.806,flydsl_bmm_mxfp8_mfma_t32x32x256_w1x2_nb9_sk1_bd3_nt_sps,130.04,2103.45,0.0008
gfx950,256,48,5120,2304,32x32,flydsl,bmm,1,6.601,flydsl_bmm_mxfp8_mfma_t48x32x256_w1x2_nb9_sk1_bd3_nt_sps,171.57,1880.63,0.0006
gfx950,256,64,5120,2304,32x32,flydsl,bmm,1,6.86,flydsl_bmm_mxfp8_mfma_t32x64x256_w1x4_nb5_sk1_bd2_xcd,220.11,1838.98,0.0008
gfx950,256,80,5120,2304,32x32,flydsl,bmm,1,7.226,flydsl_bmm_mxfp8_mfma_t48x64x256_w1x4_nb5_sk1_bd2_xcd,261.2,1773.76,0.0007
gfx950,256,96,5120,2304,32x32,flydsl,bmm,1,7.469,flydsl_bmm_mxfp8_mfma_t48x64x256_w1x4_nb5_sk1_bd2_xcd,303.26,1743.19,0.0007
gfx950,256,112,5120,2304,32x32,flydsl,bmm,1,7.851,flydsl_bmm_mxfp8_mfma_t64x64x256_w1x4_nb5_sk1_bd2_xcd,336.57,1683.98,0.0007
gfx950,256,128,5120,2304,32x32,flydsl,bmm,1,8.123,flydsl_bmm_mxfp8_mfma_t64x64x256_w1x4_nb5_sk1_bd2_xcd,371.77,1652.43,0.0007
gfx950,256,144,5120,2304,32x32,flydsl,bmm,1,8.344,flydsl_bmm_mxfp8_mfma_t48x64x256_w1x4_nb5_sk1_bd2_xcd,407.15,1632.82,0.0008
gfx950,256,160,5120,2304,32x32,flydsl,bmm,1,8.757,flydsl_bmm_mxfp8_mfma_t64x64x128_w4x2_nb4_sk1_xcd,431.09,1579.0,0.0007
gfx950,256,176,5120,2304,32x32,flydsl,bmm,1,8.782,flydsl_bmm_mxfp8_mfma_t64x64x256_w1x4_nb5_sk1_bd2_xcd,472.8,1597.32,0.0007
gfx950,256,192,5120,2304,32x32,flydsl,bmm,1,8.936,flydsl_bmm_mxfp8_mfma_t64x64x256_w1x4_nb4_sk1_bd2_xcd,506.94,1592.53,0.0007
gfx950,256,208,5120,2304,32x32,flydsl,bmm,1,10.714,flydsl_bmm_mxfp8_mfma_t128x64x128_w4x2_nb4_sk1,458.02,1347.0,0.0008
gfx950,256,224,5120,2304,32x32,flydsl,bmm,1,10.068,flydsl_bmm_mxfp8_mfma_t96x64x128_w2x2_nb5_sk1_bd2_xcd,524.92,1453.53,0.0007
gfx950,256,240,5120,2304,32x32,flydsl,bmm,1,10.057,flydsl_bmm_mxfp8_mfma_t96x64x128_w2x2_nb6_sk1_bd2_xcd,563.05,1475.24,0.0007
gfx950,256,256,5120,2304,32x32,flydsl,bmm,1,9.926,flydsl_bmm_mxfp8_mfma_t96x64x128_w2x2_nb6_sk1_bd2,608.47,1514.96,0.0007
gfx950,256,288,5120,2304,32x32,flydsl,bmm,1,10.384,flydsl_bmm_mxfp8_mfma_t96x64x128_w2x2_nb6_sk1_bd2,654.35,1487.05,0.0007
gfx950,256,320,5120,2304,32x32,flydsl,bmm,1,11.207,flydsl_bmm_mxfp8_mfma_t128x64x128_w4x2_nb4_sk1,673.68,1413.9,0.0007
gfx950,256,352,5120,2304,32x32,flydsl,bmm,1,11.449,flydsl_bmm_mxfp8_mfma_t128x64x128_w4x2_nb4_sk1,725.38,1419.27,0.0008
gfx950,256,384,5120,2304,32x32,flydsl,bmm,1,11.623,flydsl_bmm_mxfp8_mfma_t128x64x128_w4x2_nb4_sk1_xcd,779.43,1432.66,0.0007
gfx950,256,416,5120,2304,32x32,flydsl,bmm,1,15.244,flydsl_bmm_mxfp8_mfma_t128x128x128_w2x4_nb3_sk1,643.82,1118.86,0.0007
gfx950,256,448,5120,2304,32x32,flydsl,bmm,1,14.657,flydsl_bmm_mxfp8_mfma_t128x128x128_w4x2_nb3_sk1_xcd,721.15,1191.26,0.0007
gfx950,256,480,5120,2304,32x32,flydsl,bmm,1,14.756,flydsl_bmm_mxfp8_mfma_t128x128x128_w4x2_nb4_sk1,767.45,1210.59,0.0007
gfx950,256,512,5120,2304,32x32,flydsl,bmm,1,15.207,flydsl_bmm_mxfp8_mfma_t128x128x128_w4x2_nb4_sk1,794.33,1201.23,0.0008
gfx950,256,544,5120,2304,32x32,flydsl,bmm,1,15.578,flydsl_bmm_mxfp8_mfma_t128x128x128_w2x4_nb4_sk1,823.92,1198.59,0.0007
gfx950,256,576,5120,2304,32x32,flydsl,bmm,1,15.445,flydsl_bmm_mxfp8_mfma_t128x128x128_w2x4_nb4_sk1,879.87,1235.02,0.0007
gfx950,256,608,5120,2304,32x32,flydsl,bmm,1,15.669,flydsl_bmm_mxfp8_mfma_t128x128x128_w4x2_nb4_sk1_xcd,915.44,1243.09,0.0007
gfx950,256,640,5120,2304,32x32,flydsl,bmm,1,16.108,flydsl_bmm_mxfp8_mfma_t128x128x128_w4x2_nb3_sk1_xcd,937.41,1234.33,0.0007
gfx950,256,672,5120,2304,32x32,flydsl,bmm,1,15.887,flydsl_bmm_mxfp8_mfma_t128x128x128_w4x2_nb4_sk1,997.95,1276.89,0.0008
gfx950,256,704,5120,2304,32x32,flydsl,bmm,1,15.895,flydsl_bmm_mxfp8_mfma_t128x128x128_w4x2_nb3_sk1,1044.96,1301.67,0.0007
gfx950,256,736,5120,2304,32x32,flydsl,bmm,1,16.243,flydsl_bmm_mxfp8_mfma_t128x128x128_w4x2_nb3_sk1,1069.01,1298.58,0.0008
gfx950,256,768,5120,2304,32x32,flydsl,bmm,1,16.832,flydsl_bmm_mxfp8_mfma_t128x128x128_w4x2_nb4_sk1,1076.49,1277.16,0.0007
gfx950,256,800,5120,2304,32x32,flydsl,bmm,1,21.751,flydsl_bmm_mxfp8_mfma_t96x128x128_w1x2_nb5_sk1_bd1,867.75,1006.89,0.0008
gfx950,256,832,5120,2304,32x32,flydsl,bmm,1,21.168,flydsl_bmm_mxfp8_mfma_t96x128x128_w1x2_nb5_sk1_bd1_xcd,927.3,1053.67,0.0007
gfx950,256,864,5120,2304,32x32,flydsl,bmm,1,20.385,flydsl_bmm_mxfp8_mfma_t96x128x128_w1x2_nb5_sk1_bd2_xcd,999.95,1113.94,0.0007
gfx950,256,896,5120,2304,32x32,flydsl,bmm,1,20.181,flydsl_bmm_mxfp8_mfma_t96x128x128_w1x2_nb4_sk1_bd2_xcd,1047.5,1145.25,0.0007
gfx950,256,928,5120,2304,32x32,flydsl,bmm,1,20.87,flydsl_bmm_mxfp8_mfma_t96x128x128_w1x2_nb4_sk1_bd3_xcd,1049.08,1126.77,0.0007
gfx950,256,960,5120,2304,32x32,flydsl,bmm,1,20.449,flydsl_bmm_mxfp8_mfma_t96x128x128_w1x2_nb4_sk1_bd2_xcd,1107.6,1169.71,0.0008
gfx950,256,992,5120,2304,32x32,flydsl,bmm,1,21.255,flydsl_bmm_mxfp8_mfma_t96x128x128_w1x2_nb5_sk1_bd2_xcd,1101.1,1144.33,0.0007
gfx950,256,1024,5120,2304,32x32,flydsl,bmm,1,21.916,flydsl_bmm_mxfp8_mfma_t96x128x128_w1x2_nb5_sk1_bd2_xcd,1102.36,1128.26,0.0007
gfx950,256,1088,5120,2304,32x32,flydsl,bmm,1,23.039,flydsl_bmm_mxfp8_mfma_t192x128x128_w1x4_nb3_sk1_bd2_xcd,1114.17,1108.32,0.0008
gfx950,256,1152,5120,2304,32x32,flydsl,bmm,1,23.738,flydsl_bmm_mxfp8_mfma_t96x128x128_w1x4_nb3_sk1_bd2_xcd,1144.94,1109.66,0.0007
gfx950,256,1216,5120,2304,32x32,flydsl,bmm,1,24.354,flydsl_bmm_mxfp8_mfma_t128x128x128_w1x2_nb3_sk1_bd2_xcd,1178.0,1114.77,0.0007
gfx950,256,1280,5120,2304,32x32,flydsl,bmm,1,25.418,flydsl_bmm_mxfp8_mfma_t128x128x128_w1x2_nb3_sk1_bd2_xcd_sps,1188.08,1099.85,0.0007
gfx950,256,1344,5120,2304,32x32,flydsl,bmm,1,25.442,flydsl_bmm_mxfp8_mfma_t112x128x128_w1x2_nb3_sk1_bd2_xcd,1246.3,1130.55,0.0008
gfx950,256,1408,5120,2304,32x32,flydsl,bmm,1,26.253,flydsl_bmm_mxfp8_mfma_t128x128x128_w1x2_nb3_sk1_bd2_xcd,1265.33,1126.39,0.0007
gfx950,256,1472,5120,2304,32x32,flydsl,bmm,1,27.323,flydsl_bmm_mxfp8_mfma_t128x128x128_w1x4_nb3_sk1_bd2,1271.04,1111.83,0.0007
gfx950,256,1536,5120,2304,32x32,flydsl,bmm,1,26.921,flydsl_bmm_mxfp8_mfma_t128x256x128_w1x4_nb3_sk1_bd2_xcd,1346.1,1158.42,0.0007
gfx950,256,1600,5120,2304,32x32,flydsl,bmm,1,32.338,flydsl_bmm_mxfp8_mfma_t64x256x128_w1x4_nb3_sk1_bd2_xcd,1167.3,989.34,0.0007
gfx950,256,1664,5120,2304,32x32,flydsl,bmm,1,35.281,flydsl_bmm_mxfp8_mfma_t96x128x128_w1x4_nb3_sk1_bd2_xcd,1112.73,929.7,0.0007
gfx950,256,1728,5120,2304,32x32,flydsl,bmm,1,35.661,flydsl_bmm_mxfp8_mfma_t96x128x128_w1x4_nb3_sk1_bd2,1143.23,942.45,0.0007
gfx950,256,1792,5120,2304,32x32,flydsl,bmm,1,35.116,flydsl_bmm_mxfp8_mfma_t96x128x128_w1x4_nb3_sk1_bd1,1203.95,980.05,0.0007
gfx950,256,1856,5120,2304,32x32,flydsl,bmm,1,39.68,flydsl_bmm_mxfp8_mfma_t128x128x128_w1x4_nb3_sk1_bd2_xcd,1103.55,887.69,0.0007
gfx950,256,1920,5120,2304,32x32,flydsl,bmm,1,40.367,flydsl_bmm_mxfp8_mfma_t128x128x128_w1x4_nb3_sk1_bd2_xcd,1122.16,892.57,0.0007
gfx950,256,1984,5120,2304,32x32,flydsl,bmm,1,37.926,flydsl_bmm_mxfp8_mfma_t128x128x128_w1x4_nb4_sk1_bd3,1234.2,971.31,0.0007
gfx950,256,2048,5120,2304,32x32,flydsl,bmm,1,41.545,flydsl_bmm_mxfp8_mfma_t128x128x128_w1x4_nb4_sk1_bd3,1163.03,906.13,0.0007
gfx950,256,4096,5120,2304,32x32,flydsl,bmm,1,69.284,flydsl_bmm_mxfp8_mfma_t128x128x128_w1x4_nb3_sk1_bd2,1394.79,916.28,0.0007
gfx950,256,6144,5120,2304,32x32,flydsl,bmm,1,91.029,flydsl_bmm_mxfp8_mfma_t128x256x128_w1x2_nb2_sk1_bd1_sps,1592.41,981.23,0.0007
gfx950,256,8192,5120,2304,32x32,flydsl,bmm,1,123.514,flydsl_bmm_mxfp8_mfma_t128x256x128_w1x4_nb4_sk1_bd2,1564.8,932.35,0.0007
gfx950,256,10240,5120,2304,32x32,flydsl,bmm,1,150.558,flydsl_bmm_mxfp8_mfma_t128x256x128_w1x4_nb4_sk1_bd3,1604.64,936.49,0.0007
gfx950,256,12288,5120,2304,32x32,flydsl,bmm,1,167.108,flydsl_bmm_mxfp8_mfma_t128x256x128_w1x2_nb2_sk1_bd1_sps,1734.87,998.36,0.0007
gfx950,256,14336,5120,2304,32x32,flydsl,bmm,1,195.077,flydsl_bmm_mxfp8_mfma_t112x256x128_w1x2_nb2_sk1_bd1_sps,1733.82,987.67,0.0007
gfx950,256,16384,5120,2304,32x32,flydsl,bmm,1,213.507,flydsl_bmm_mxfp8_mfma_t128x256x128_w1x2_nb2_sk1_bd1_sps,1810.46,1023.42,0.0007
gfx950,256,32768,5120,2304,32x32,flydsl,bmm,1,419.522,flydsl_bmm_mxfp8_mfma_t128x256x128_w1x2_nb2_sk1_bd1_xcd_sps,1842.8,1013.56,0.0007
gfx950,256,1,5120,4096,32x32,flydsl,bmm,1,5.902,flydsl_bmm_mxfp8_mfma_t16x32x256_w1x2_nb8_sk1_xcd_sps,7.11,3559.23,0.0008
gfx950,256,2,5120,4096,32x32,flydsl,bmm,1,5.948,flydsl_bmm_mxfp8_mfma_t16x32x256_w1x2_nb8_sk1_xcd_sps,14.1,3534.12,0.0008
gfx950,256,4,5120,4096,32x32,flydsl,bmm,1,6.045,flydsl_bmm_mxfp8_mfma_t16x32x256_w1x2_nb8_sk1_xcd_sps,27.75,3481.99,0.0005
gfx950,256,8,5120,4096,32x32,flydsl,bmm,1,6.161,flydsl_bmm_mxfp8_mfma_t16x32x512_w1x2_nb8_sk1_bd3_xcd,54.46,3425.84,0.0008
gfx950,256,16,5120,4096,32x32,flydsl,bmm,1,6.373,flydsl_bmm_mxfp8_mfma_t16x32x512_w1x2_nb9_sk1_bd3_nt_xcd,105.3,3330.16,0.0008
gfx950,256,32,5120,4096,32x32,flydsl,bmm,1,7.195,flydsl_bmm_mxfp8_mfma_t32x32x512_w1x2_nb6_sk1_bd2_nt,186.56,2982.1,0.0006
gfx950,256,48,5120,4096,32x32,flydsl,bmm,1,7.872,flydsl_bmm_mxfp8_mfma_t48x32x256_w1x2_nb5_sk1_bd2_nt,255.75,2754.91,0.0009
gfx950,256,64,5120,4096,32x32,flydsl,bmm,1,8.954,flydsl_bmm_mxfp8_mfma_t64x32x256_w1x2_nb4_sk1_bd2_nt,299.79,2447.77,0.0007
gfx950,256,80,5120,4096,32x32,flydsl,bmm,1,10.116,flydsl_bmm_mxfp8_mfma_t48x64x256_w1x4_nb5_sk1_bd2_xcd,331.71,2189.62,0.0008
gfx950,256,96,5120,4096,32x32,flydsl,bmm,1,10.346,flydsl_bmm_mxfp8_mfma_t48x64x256_w1x4_nb6_sk1_bd2_xcd,389.17,2163.1,0.0008
gfx950,256,112,5120,4096,32x32,flydsl,bmm,1,10.784,flydsl_bmm_mxfp8_mfma_t64x64x256_w1x4_nb5_sk1_bd2_xcd,435.62,2096.88,0.0008
gfx950,256,128,5120,4096,32x32,flydsl,bmm,1,11.32,flydsl_bmm_mxfp8_mfma_t48x64x256_w1x4_nb5_sk1_bd2_xcd,474.29,2018.05,0.0007
gfx950,256,144,5120,4096,32x32,flydsl,bmm,1,11.536,flydsl_bmm_mxfp8_mfma_t48x64x256_w1x4_nb5_sk1_bd2_xcd,523.57,2000.27,0.0008
gfx950,256,160,5120,4096,32x32,flydsl,bmm,1,11.826,flydsl_bmm_mxfp8_mfma_t64x64x128_w2x2_nb5_sk1_xcd,567.47,1970.75,0.0008
gfx950,256,176,5120,4096,32x32,flydsl,bmm,1,12.149,flydsl_bmm_mxfp8_mfma_t64x64x128_w2x2_nb5_sk1_xcd,607.62,1937.42,0.0008
gfx950,256,192,5120,4096,32x32,flydsl,bmm,1,13.148,flydsl_bmm_mxfp8_mfma_t64x64x128_w2x2_nb6_sk1_xcd,612.5,1807.84,0.0008
gfx950,256,208,5120,4096,32x32,flydsl,bmm,1,14.778,flydsl_bmm_mxfp8_mfma_t96x64x128_w2x2_nb6_sk1_xcd,590.35,1624.08,0.0008
gfx950,256,224,5120,4096,32x32,flydsl,bmm,1,14.47,flydsl_bmm_mxfp8_mfma_t96x64x128_w2x2_nb5_sk1_xcd,649.28,1674.61,0.0007
gfx950,256,240,5120,4096,32x32,flydsl,bmm,1,14.045,flydsl_bmm_mxfp8_mfma_t96x64x128_w2x2_nb6_sk1_xcd,716.71,1741.75,0.0008
gfx950,256,256,5120,4096,32x32,flydsl,bmm,1,14.096,flydsl_bmm_mxfp8_mfma_t96x64x128_w2x2_nb5_sk1_xcd,761.71,1751.85,0.0008
gfx950,256,288,5120,4096,32x32,flydsl,bmm,1,14.55,flydsl_bmm_mxfp8_mfma_t96x64x128_w2x2_nb4_sk1_xcd,830.24,1729.1,0.0008
gfx950,256,320,5120,4096,32x32,flydsl,bmm,1,16.175,flydsl_bmm_mxfp8_mfma_t128x64x128_w4x1_nb4_sk1_xcd,829.8,1583.98,0.0008
gfx950,256,352,5120,4096,32x32,flydsl,bmm,1,16.257,flydsl_bmm_mxfp8_mfma_t128x64x128_w4x1_nb4_sk1_xcd,908.18,1604.47,0.0008
gfx950,256,384,5120,4096,32x32,flydsl,bmm,1,16.936,flydsl_bmm_mxfp8_mfma_t128x64x128_w4x1_nb4_sk1_xcd,950.98,1567.41,0.0008
gfx950,256,416,5120,4096,32x32,flydsl,bmm,1,21.105,flydsl_bmm_mxfp8_mfma_t128x128x128_w2x4_nb4_sk1,826.75,1279.77,0.0008
gfx950,256,448,5120,4096,32x32,flydsl,bmm,1,21.437,flydsl_bmm_mxfp8_mfma_t128x128x128_w2x4_nb4_sk1_xcd,876.55,1281.52,0.0008
gfx950,256,480,5120,4096,32x32,flydsl,bmm,1,21.546,flydsl_bmm_mxfp8_mfma_t128x128x128_w2x4_nb4_sk1,934.4,1296.51,0.0008
gfx950,256,512,5120,4096,32x32,flydsl,bmm,1,22.571,flydsl_bmm_mxfp8_mfma_t128x128x128_w2x4_nb4_sk1_xcd,951.43,1258.14,0.0008
gfx950,256,544,5120,4096,32x32,flydsl,bmm,1,22.883,flydsl_bmm_mxfp8_mfma_t128x128x128_w4x2_nb4_sk1_xcd,997.13,1261.23,0.0008
gfx950,256,576,5120,4096,32x32,flydsl,bmm,1,23.041,flydsl_bmm_mxfp8_mfma_t128x128x128_w4x2_nb4_sk1_xcd,1048.54,1272.67,0.0008
gfx950,256,608,5120,4096,32x32,flydsl,bmm,1,23.375,flydsl_bmm_mxfp8_mfma_t128x128x128_w2x4_nb4_sk1_xcd,1090.98,1274.28,0.0008
gfx950,256,640,5120,4096,32x32,flydsl,bmm,1,23.79,flydsl_bmm_mxfp8_mfma_t128x128x128_w2x4_nb4_sk1_xcd,1128.36,1271.5,0.0008
gfx950,256,672,5120,4096,32x32,flydsl,bmm,1,24.56,flydsl_bmm_mxfp8_mfma_t128x128x128_w4x2_nb4_sk1_xcd,1147.64,1250.5,0.0008
gfx950,256,704,5120,4096,32x32,flydsl,bmm,1,24.654,flydsl_bmm_mxfp8_mfma_t128x128x128_w4x2_nb4_sk1_xcd,1197.71,1264.51,0.0008
gfx950,256,736,5120,4096,32x32,flydsl,bmm,1,25.572,flydsl_bmm_mxfp8_mfma_t128x128x128_w2x4_nb4_sk1_xcd,1207.2,1237.21,0.0008
gfx950,256,768,5120,4096,32x32,flydsl,bmm,1,25.354,flydsl_bmm_mxfp8_mfma_t128x128x128_w4x2_nb4_sk1_xcd,1270.48,1266.07,0.0008
gfx950,256,800,5120,4096,32x32,flydsl,bmm,1,32.257,flydsl_bmm_mxfp8_mfma_t96x128x128_w1x4_nb3_sk1_bd2_xcd,1040.21,1009.48,0.0008
gfx950,256,832,5120,4096,32x32,flydsl,bmm,1,30.907,flydsl_bmm_mxfp8_mfma_t96x128x128_w1x2_nb3_sk1_bd2_xcd,1129.08,1068.55,0.0008
gfx950,256,864,5120,4096,32x32,flydsl,bmm,1,31.228,flydsl_bmm_mxfp8_mfma_t96x128x128_w1x2_nb3_sk1_bd2_xcd,1160.44,1072.38,0.0008
gfx950,256,896,5120,4096,32x32,flydsl,bmm,1,31.68,flydsl_bmm_mxfp8_mfma_t96x128x128_w1x2_nb3_sk1_bd2_xcd,1186.25,1071.69,0.0008
gfx950,256,928,5120,4096,32x32,flydsl,bmm,1,31.002,flydsl_bmm_mxfp8_mfma_t96x128x128_w1x2_nb3_sk1_bd2_xcd,1255.48,1110.06,0.0008
gfx950,256,960,5120,4096,32x32,flydsl,bmm,1,31.642,flydsl_bmm_mxfp8_mfma_t96x128x128_w1x2_nb3_sk1_bd2_xcd,1272.54,1102.26,0.0008
gfx950,256,992,5120,4096,32x32,flydsl,bmm,1,32.993,flydsl_bmm_mxfp8_mfma_t96x128x128_w1x2_nb3_sk1_bd2_xcd,1261.11,1071.15,0.0008
gfx950,256,1024,5120,4096,32x32,flydsl,bmm,1,33.548,flydsl_bmm_mxfp8_mfma_t96x128x128_w1x2_nb4_sk1_bd2_xcd,1280.23,1067.21,0.0008
gfx950,256,1088,5120,4096,32x32,flydsl,bmm,1,33.838,flydsl_bmm_mxfp8_mfma_t112x128x128_w1x2_nb3_sk1_bd2_xcd,1348.6,1085.43,0.0008
gfx950,256,1152,5120,4096,32x32,flydsl,bmm,1,35.653,flydsl_bmm_mxfp8_mfma_t128x128x128_w1x4_nb3_sk1_bd2_xcd,1355.22,1056.12,0.0008
gfx950,256,1216,5120,4096,32x32,flydsl,bmm,1,36.505,flydsl_bmm_mxfp8_mfma_t112x128x128_w1x2_nb3_sk1_bd2_xcd,1397.13,1056.84,0.0008
gfx950,256,1280,5120,4096,32x32,flydsl,bmm,1,38.618,flydsl_bmm_mxfp8_mfma_t112x128x128_w1x2_nb3_sk1_bd2_xcd,1390.21,1022.99,0.0008
gfx950,256,1344,5120,4096,32x32,flydsl,bmm,1,39.219,flydsl_bmm_mxfp8_mfma_t112x128x128_w1x2_nb3_sk1_bd2_xcd,1437.35,1030.92,0.0008
gfx950,256,1408,5120,4096,32x32,flydsl,bmm,1,40.321,flydsl_bmm_mxfp8_mfma_t128x128x128_w1x2_nb3_sk1_bd2_xcd,1464.63,1025.69,0.0008
gfx950,256,1472,5120,4096,32x32,flydsl,bmm,1,41.454,flydsl_bmm_mxfp8_mfma_t128x256x128_w1x4_nb3_sk1_bd2,1489.38,1020.01,0.0008
gfx950,256,1536,5120,4096,32x32,flydsl,bmm,1,42.617,flydsl_bmm_mxfp8_mfma_t128x256x128_w1x4_nb3_sk1_bd2_xcd,1511.71,1013.89,0.0008
gfx950,256,1600,5120,4096,32x32,flydsl,bmm,1,49.483,flydsl_bmm_mxfp8_mfma_t64x256x128_w1x2_nb2_sk1_bd1_xcd,1356.2,891.91,0.0008
gfx950,256,1664,5120,4096,32x32,flydsl,bmm,1,55.439,flydsl_bmm_mxfp8_mfma_t96x256x128_w1x2_nb2_sk1_bd1_xcd,1258.92,812.79,0.0008
gfx950,256,1728,5120,4096,32x32,flydsl,bmm,1,54.682,flydsl_bmm_mxfp8_mfma_t96x128x128_w1x2_nb2_sk1_bd1_xcd,1325.44,840.97,0.0008
gfx950,256,1792,5120,4096,32x32,flydsl,bmm,1,54.091,flydsl_bmm_mxfp8_mfma_t96x128x128_w1x4_nb2_sk1_bd1_xcd,1389.56,867.28,0.0008
gfx950,256,1856,5120,4096,32x32,flydsl,bmm,1,56.689,flydsl_bmm_mxfp8_mfma_t96x256x128_w1x4_nb2_sk1_bd1_xcd,1373.23,843.86,0.0008
gfx950,256,1920,5120,4096,32x32,flydsl,bmm,1,55.004,flydsl_bmm_mxfp8_mfma_t96x256x128_w1x4_nb2_sk1_bd1,1464.09,886.54,0.0008
gfx950,256,1984,5120,4096,32x32,flydsl,bmm,1,57.238,flydsl_bmm_mxfp8_mfma_t96x256x128_w1x4_nb2_sk1_bd1,1453.85,868.11,0.0008
gfx950,256,2048,5120,4096,32x32,flydsl,bmm,1,57.323,flydsl_bmm_mxfp8_mfma_t96x256x128_w1x4_nb2_sk1_bd1,1498.52,882.97,0.0008
gfx950,256,4096,5120,4096,32x32,flydsl,bmm,1,101.637,flydsl_bmm_mxfp8_mfma_t128x128x128_w1x4_nb3_sk1_bd2,1690.32,789.44,0.0008
gfx950,256,6144,5120,4096,32x32,flydsl,bmm,1,137.818,flydsl_bmm_mxfp8_mfma_t256x256x128_w1x4_nb2_sk1_bd1,1869.84,797.13,0.0008
gfx950,256,8192,5120,4096,32x32,flydsl,bmm,1,177.062,flydsl_bmm_mxfp8_mfma_t128x256x128_w1x4_nb5_sk1_bd3,1940.55,787.75,0.0008
gfx950,256,10240,5120,4096,32x32,flydsl,bmm,1,224.218,flydsl_bmm_mxfp8_mfma_t128x256x128_w1x4_nb5_sk1_bd2,1915.54,754.19,0.0008
gfx950,256,12288,5120,4096,32x32,flydsl,bmm,1,248.91,flydsl_bmm_mxfp8_mfma_t192x256x128_w1x4_nb5_sk1_bd2,2070.61,798.38,0.0008
gfx950,256,14336,5120,4096,32x32,flydsl,bmm,1,303.056,flydsl_bmm_mxfp8_mfma_t128x256x128_w1x4_nb4_sk1_bd3,1984.11,753.48,0.0008
gfx950,256,16384,5120,4096,32x32,flydsl,bmm,1,327.375,flydsl_bmm_mxfp8_mfma_t256x256x128_w1x4_nb2_sk1_bd1,2099.11,788.0,0.0008
gfx950,256,32768,5120,4096,32x32,flydsl,bmm,1,649.882,flydsl_bmm_mxfp8_mfma_t256x256x128_w1x4_nb2_sk1_bd1_xcd,2114.83,761.6,0.0008
gfx950,256,1,5120,8192,32x32,flydsl,bmm,1,9.052,flydsl_bmm_mxfp8_mfma_t16x32x256_w1x2_nb8_sk1_nt_xcd_sps,9.27,4640.16,0.0006
gfx950,256,2,5120,8192,32x32,flydsl,bmm,1,9.053,flydsl_bmm_mxfp8_mfma_t16x32x256_w1x2_nb8_sk1_nt_xcd,18.53,4641.72,0.0011
gfx950,256,4,5120,8192,32x32,flydsl,bmm,1,9.196,flydsl_bmm_mxfp8_mfma_t16x32x256_w1x2_nb7_sk1_nt_xcd,36.49,4573.7,0.0008
gfx950,256,8,5120,8192,32x32,flydsl,bmm,1,9.223,flydsl_bmm_mxfp8_mfma_t16x32x512_w1x1_nb9_sk1_bd3_nt_xcd,72.77,4568.49,0.0008
gfx950,256,16,5120,8192,32x32,flydsl,bmm,1,9.432,flydsl_bmm_mxfp8_mfma_t16x32x512_w1x1_nb7_sk1_bd3_nt,142.3,4482.85,0.0007
gfx950,256,32,5120,8192,32x32,flydsl,bmm,4,11.445,flydsl_bmm_mxfp8_mfma_t32x128x128_w1x4_nb5_sk4_nt_xcd,234.54,3720.52,0.0009
gfx950,256,48,5120,8192,32x32,flydsl,bmm,4,13.602,flydsl_bmm_mxfp8_mfma_t64x128x128_w1x4_nb4_sk4_nt,296.02,3152.5,0.0009
gfx950,256,64,5120,8192,32x32,flydsl,bmm,4,14.913,flydsl_bmm_mxfp8_mfma_t64x128x128_w4x1_nb4_sk4_nt,360.0,2895.45,0.0008
gfx950,256,80,5120,8192,32x32,flydsl,bmm,4,17.729,flydsl_bmm_mxfp8_mfma_t128x128x128_w2x4_nb4_sk4_nt_xcd,378.53,2452.48,0.0009
gfx950,256,96,5120,8192,32x32,flydsl,bmm,2,16.673,flydsl_bmm_mxfp8_mfma_t96x64x128_w2x2_nb4_sk2_nt,483.0,2625.67,0.0008
gfx950,256,112,5120,8192,32x32,flydsl,bmm,4,18.465,flydsl_bmm_mxfp8_mfma_t128x128x128_w2x4_nb4_sk4_nt,508.82,2387.07,0.0009
gfx950,256,128,5120,8192,32x32,flydsl,bmm,4,18.814,flydsl_bmm_mxfp8_mfma_t128x128x128_w2x4_nb4_sk4_nt,570.73,2358.72,0.0008
gfx950,256,144,5120,8192,32x32,flydsl,bmm,1,23.026,flydsl_bmm_mxfp8_mfma_t64x64x256_w2x2_nb3_sk1_xcd,524.6,1940.17,0.0008
gfx950,256,160,5120,8192,32x32,flydsl,bmm,1,22.626,flydsl_bmm_mxfp8_mfma_t64x64x256_w4x2_nb3_sk1_xcd,593.19,1987.68,0.0008
gfx950,256,176,5120,8192,32x32,flydsl,bmm,1,23.123,flydsl_bmm_mxfp8_mfma_t64x64x256_w4x2_nb4_sk1_xcd,638.49,1957.9,0.0008
gfx950,256,192,5120,8192,32x32,flydsl,bmm,1,23.698,flydsl_bmm_mxfp8_mfma_t64x64x256_w4x1_nb4_sk1_xcd,679.65,1923.06,0.0008
gfx950,256,208,5120,8192,32x32,flydsl,bmm,2,27.389,flydsl_bmm_mxfp8_mfma_t128x128x128_w2x4_nb4_sk2_xcd,637.06,1674.8,0.0008
gfx950,256,224,5120,8192,32x32,flydsl,bmm,2,27.852,flydsl_bmm_mxfp8_mfma_t128x128x128_w2x4_nb4_sk2,674.65,1657.68,0.0008
gfx950,256,240,5120,8192,32x32,flydsl,bmm,2,28.412,flydsl_bmm_mxfp8_mfma_t128x128x128_w2x4_nb4_sk2,708.6,1635.56,0.0009
gfx950,256,256,5120,8192,32x32,flydsl,bmm,2,28.826,flydsl_bmm_mxfp8_mfma_t128x128x128_w2x4_nb4_sk2_xcd,744.97,1622.41,0.0008
gfx950,256,288,5120,8192,32x32,flydsl,bmm,2,30.82,flydsl_bmm_mxfp8_mfma_t128x128x128_w2x4_nb4_sk2_xcd,783.89,1536.88,0.0008
gfx950,256,320,5120,8192,32x32,flydsl,bmm,2,30.479,flydsl_bmm_mxfp8_mfma_t128x128x128_w2x4_nb4_sk2,880.73,1573.69,0.0008
gfx950,256,352,5120,8192,32x32,flydsl,bmm,2,31.983,flydsl_bmm_mxfp8_mfma_t128x128x128_w2x4_nb4_sk2_xcd,923.24,1518.38,0.0009
gfx950,256,384,5120,8192,32x32,flydsl,bmm,2,33.073,flydsl_bmm_mxfp8_mfma_t128x128x128_w2x4_nb4_sk2_xcd,973.97,1486.41,0.0008
gfx950,256,416,5120,8192,32x32,flydsl,bmm,1,39.508,flydsl_bmm_mxfp8_mfma_t96x128x128_w1x4_nb4_sk1_bd3_xcd,883.29,1259.46,0.0009
gfx950,256,448,5120,8192,32x32,flydsl,bmm,1,40.287,flydsl_bmm_mxfp8_mfma_t96x128x128_w1x4_nb4_sk1_bd2_xcd,932.82,1249.93,0.0009
gfx950,256,480,5120,8192,32x32,flydsl,bmm,1,41.221,flydsl_bmm_mxfp8_mfma_t96x128x128_w1x4_nb5_sk1_bd2_xcd,976.82,1236.13,0.0008
gfx950,256,512,5120,8192,32x32,flydsl,bmm,1,42.409,flydsl_bmm_mxfp8_mfma_t96x128x128_w1x4_nb6_sk1_bd2_xcd,1012.74,1215.59,0.0008
gfx950,256,544,5120,8192,32x32,flydsl,bmm,1,42.94,flydsl_bmm_mxfp8_mfma_t96x128x128_w1x4_nb7_sk1_bd2_xcd,1062.74,1214.49,0.0008
gfx950,256,576,5120,8192,32x32,flydsl,bmm,1,44.27,flydsl_bmm_mxfp8_mfma_t96x128x128_w1x4_nb8_sk1_bd2_xcd,1091.45,1191.52,0.0008
gfx950,256,608,5120,8192,32x32,flydsl,bmm,1,47.553,flydsl_bmm_mxfp8_mfma_t128x128x128_w1x4_nb4_sk1_bd2_xcd,1072.55,1121.83,0.0008
gfx950,256,640,5120,8192,32x32,flydsl,bmm,1,47.835,flydsl_bmm_mxfp8_mfma_t128x128x128_w1x4_nb4_sk1_bd3_xcd,1122.33,1127.71,0.0008
gfx950,256,672,5120,8192,32x32,flydsl,bmm,1,50.992,flydsl_bmm_mxfp8_mfma_t128x128x128_w1x4_nb4_sk1_bd2_xcd,1105.49,1069.62,0.0008
gfx950,256,704,5120,8192,32x32,flydsl,bmm,1,51.022,flydsl_bmm_mxfp8_mfma_t128x128x128_w1x4_nb4_sk1_bd3_xcd,1157.46,1080.72,0.0009
gfx950,256,736,5120,8192,32x32,flydsl,bmm,1,51.875,flydsl_bmm_mxfp8_mfma_t128x128x128_w1x4_nb4_sk1_bd3_xcd,1190.16,1074.47,0.0008
gfx950,256,768,5120,8192,32x32,flydsl,bmm,1,53.394,flydsl_bmm_mxfp8_mfma_t128x128x128_w1x4_nb4_sk1_bd2,1206.58,1055.1,0.0008
gfx950,256,800,5120,8192,32x32,flydsl,bmm,1,63.183,flydsl_bmm_mxfp8_mfma_t192x128x128_w1x4_nb4_sk1_bd2,1062.14,901.11,0.0009
gfx950,256,832,5120,8192,32x32,flydsl,bmm,1,62.896,flydsl_bmm_mxfp8_mfma_t96x256x128_w1x4_nb4_sk1_bd2_xcd,1109.66,914.72,0.0009
gfx950,256,864,5120,8192,32x32,flydsl,bmm,1,63.231,flydsl_bmm_mxfp8_mfma_t96x256x128_w1x4_nb4_sk1_bd2_xcd,1146.23,919.33,0.0008
gfx950,256,896,5120,8192,32x32,flydsl,bmm,1,63.233,flydsl_bmm_mxfp8_mfma_t96x256x128_w1x4_nb4_sk1_bd3,1188.64,928.76,0.0008
gfx950,256,928,5120,8192,32x32,flydsl,bmm,1,64.322,flydsl_bmm_mxfp8_mfma_t96x256x128_w1x4_nb4_sk1_bd3,1210.26,922.34,0.0008
gfx950,256,960,5120,8192,32x32,flydsl,bmm,1,64.975,flydsl_bmm_mxfp8_mfma_t96x256x128_w1x4_nb4_sk1_bd2_xcd,1239.42,922.27,0.0009
gfx950,256,992,5120,8192,32x32,flydsl,bmm,1,65.949,flydsl_bmm_mxfp8_mfma_t96x256x128_w1x4_nb4_sk1_bd2_xcd_sps,1261.81,917.72,0.0009
gfx950,256,1024,5120,8192,32x32,flydsl,bmm,1,68.057,flydsl_bmm_mxfp8_mfma_t96x256x128_w1x4_nb4_sk1_bd2_xcd,1262.17,898.08,0.0009
gfx950,256,1088,5120,8192,32x32,flydsl,bmm,1,68.213,flydsl_bmm_mxfp8_mfma_t96x256x128_w1x4_nb4_sk1_bd2,1337.98,913.56,0.0008
gfx950,256,1152,5120,8192,32x32,flydsl,bmm,1,69.555,flydsl_bmm_mxfp8_mfma_t96x256x128_w1x4_nb4_sk1_bd3,1389.35,913.13,0.0008
gfx950,256,1216,5120,8192,32x32,flydsl,bmm,1,74.885,flydsl_bmm_mxfp8_mfma_t128x256x128_w1x4_nb4_sk1_bd2_xcd,1362.16,864.1,0.0008
gfx950,256,1280,5120,8192,32x32,flydsl,bmm,1,74.905,flydsl_bmm_mxfp8_mfma_t128x256x128_w1x4_nb4_sk1_bd2,1433.48,879.85,0.0008
gfx950,256,1344,5120,8192,32x32,flydsl,bmm,1,79.374,flydsl_bmm_mxfp8_mfma_t128x256x128_w1x4_nb4_sk1_bd2_xcd,1420.41,845.38,0.0009
gfx950,256,1408,5120,8192,32x32,flydsl,bmm,1,80.236,flydsl_bmm_mxfp8_mfma_t128x256x128_w1x4_nb4_sk1_bd3_xcd,1472.05,851.2,0.0008
gfx950,256,1472,5120,8192,32x32,flydsl,bmm,1,82.068,flydsl_bmm_mxfp8_mfma_t128x256x128_w1x4_nb5_sk1_bd2,1504.62,846.77,0.0008
gfx950,256,1536,5120,8192,32x32,flydsl,bmm,1,83.21,flydsl_bmm_mxfp8_mfma_t128x256x128_w1x4_nb5_sk1_bd2_xcd,1548.49,849.53,0.0008
gfx950,256,1600,5120,8192,32x32,flydsl,bmm,1,94.056,flydsl_bmm_mxfp8_mfma_t64x256x128_w1x2_nb4_sk1_bd2_xcd,1427.0,764.28,0.0008
gfx950,256,1664,5120,8192,32x32,flydsl,bmm,1,97.747,flydsl_bmm_mxfp8_mfma_t96x256x128_w1x2_nb4_sk1_bd2_xcd,1428.03,747.65,0.0009
gfx950,256,1728,5120,8192,32x32,flydsl,bmm,1,98.472,flydsl_bmm_mxfp8_mfma_t96x256x128_w1x2_nb4_sk1_bd2_xcd,1472.04,754.29,0.0009
gfx950,256,1792,5120,8192,32x32,flydsl,bmm,1,101.714,flydsl_bmm_mxfp8_mfma_t96x256x128_w1x2_nb4_sk1_bd2_xcd_sps,1477.91,742.01,0.0008
gfx950,256,1856,5120,8192,32x32,flydsl,bmm,1,102.724,flydsl_bmm_mxfp8_mfma_t96x256x128_w1x2_nb4_sk1_bd2_xcd,1515.64,746.36,0.0008
gfx950,256,1920,5120,8192,32x32,flydsl,bmm,1,101.539,flydsl_bmm_mxfp8_mfma_t96x256x128_w1x2_nb4_sk1_bd2_xcd,1586.21,766.85,0.0008
gfx950,256,1984,5120,8192,32x32,flydsl,bmm,1,104.885,flydsl_bmm_mxfp8_mfma_t96x256x128_w1x2_nb4_sk1_bd2_xcd,1586.79,753.79,0.0008
gfx950,256,2048,5120,8192,32x32,flydsl,bmm,1,106.619,flydsl_bmm_mxfp8_mfma_t96x256x128_w1x2_nb3_sk1_bd2_xcd,1611.34,752.75,0.0008
gfx950,256,4096,5120,8192,32x32,flydsl,bmm,1,190.688,flydsl_bmm_mxfp8_mfma_t192x256x128_w1x4_nb4_sk1_bd2,1801.88,621.59,0.0008
gfx950,256,6144,5120,8192,32x32,flydsl,bmm,1,256.201,flydsl_bmm_mxfp8_mfma_t256x256x128_w1x4_nb2_sk1_bd1,2011.69,612.03,0.0008
gfx950,256,8192,5120,8192,32x32,flydsl,bmm,1,338.355,flydsl_bmm_mxfp8_mfma_t128x256x128_w1x4_nb4_sk1_bd3,2030.99,576.54,0.0008
gfx950,256,10240,5120,8192,32x32,flydsl,bmm,1,441.41,flydsl_bmm_mxfp8_mfma_t112x256x128_w1x2_nb2_sk1_bd1_sps,1946.02,528.64,0.0008
gfx950,256,12288,5120,8192,32x32,flydsl,bmm,1,492.553,flydsl_bmm_mxfp8_mfma_t256x256x128_w1x4_nb2_sk1_bd1,2092.75,551.46,0.0008
gfx950,256,14336,5120,8192,32x32,flydsl,bmm,1,568.299,flydsl_bmm_mxfp8_mfma_t224x256x128_w1x4_nb2_sk1_bd1,2116.12,545.3,0.0008
gfx950,256,16384,5120,8192,32x32,flydsl,bmm,1,635.088,flydsl_bmm_mxfp8_mfma_t256x256x128_w1x4_nb2_sk1_bd1,2164.09,548.22,0.0008
gfx950,256,32768,5120,8192,32x32,flydsl,bmm,1,1316.704,flydsl_bmm_mxfp8_mfma_t256x256x128_w1x4_nb2_sk1_bd1_xcd,2087.62,496.96,0.0008
gfx950,256,1,5120,15360,32x32,flydsl,bmm,1,14.68,flydsl_bmm_mxfp8_mfma_t16x32x256_w1x2_nb8_sk1_nt_xcd_sps,10.71,5364.35,0.0016
gfx950,256,2,5120,15360,32x32,flydsl,bmm,1,14.598,flydsl_bmm_mxfp8_mfma_t16x32x512_w1x1_nb6_sk1_bd2_nt_sps,21.55,5396.16,0.0006
gfx950,256,4,5120,15360,32x32,flydsl,bmm,1,14.796,flydsl_bmm_mxfp8_mfma_t16x32x512_w1x1_nb6_sk1_bd2_nt_sps,42.52,5327.52,0.0008
gfx950,256,8,5120,15360,32x32,flydsl,bmm,3,14.877,flydsl_bmm_mxfp8_mfma_t16x64x256_w1x2_nb5_sk3_nt_sps,84.58,5305.24,0.001
gfx950,256,16,5120,15360,32x32,flydsl,bmm,3,15.071,flydsl_bmm_mxfp8_mfma_t16x64x128_w1x2_nb5_sk3_nt_sps,166.98,5250.99,0.0007
gfx950,256,32,5120,15360,32x32,flydsl,bmm,3,16.314,flydsl_bmm_mxfp8_mfma_t32x64x128_w2x2_nb5_sk3_nt_xcd,308.52,4876.55,0.0009
gfx950,256,48,5120,15360,32x32,flydsl,bmm,3,18.739,flydsl_bmm_mxfp8_mfma_t64x64x256_w4x2_nb4_sk3_nt_xcd,402.9,4267.78,0.0008
gfx950,256,64,5120,15360,32x32,flydsl,bmm,3,20.584,flydsl_bmm_mxfp8_mfma_t64x64x256_w4x2_nb4_sk3_nt_xcd,489.05,3905.51,0.0009
gfx950,256,80,5120,15360,32x32,flydsl,bmm,6,24.884,flydsl_bmm_mxfp8_mfma_t128x128x128_w2x4_nb4_sk6_xcd,505.66,3247.31,0.0009
gfx950,256,96,5120,15360,32x32,flydsl,bmm,6,26.092,flydsl_bmm_mxfp8_mfma_t128x128x128_w2x4_nb4_sk6,578.7,3112.96,0.0009
gfx950,256,112,5120,15360,32x32,flydsl,bmm,6,26.597,flydsl_bmm_mxfp8_mfma_t128x128x128_w2x4_nb4_sk6_xcd,662.34,3069.59,0.0009
gfx950,256,128,5120,15360,32x32,flydsl,bmm,6,27.647,flydsl_bmm_mxfp8_mfma_t128x128x128_w4x2_nb4_sk6_xcd,728.2,2968.07,0.0009
gfx950,256,144,5120,15360,32x32,flydsl,bmm,3,37.811,flydsl_bmm_mxfp8_mfma_t128x128x128_w2x4_nb4_sk3,599.01,2181.23,0.0009
gfx950,256,160,5120,15360,32x32,flydsl,bmm,3,38.213,flydsl_bmm_mxfp8_mfma_t128x128x128_w4x2_nb4_sk3,658.57,2169.24,0.0009
gfx950,256,176,5120,15360,32x32,flydsl,bmm,3,37.622,flydsl_bmm_mxfp8_mfma_t128x128x128_w4x2_nb4_sk3,735.8,2214.38,0.0008
gfx950,256,192,5120,15360,32x32,flydsl,bmm,3,39.232,flydsl_bmm_mxfp8_mfma_t128x128x128_w2x4_nb4_sk3,769.76,2134.18,0.0009
gfx950,256,208,5120,15360,32x32,flydsl,bmm,3,37.565,flydsl_bmm_mxfp8_mfma_t128x128x128_w2x4_nb4_sk3_xcd,870.91,2239.98,0.0009
gfx950,256,224,5120,15360,32x32,flydsl,bmm,3,37.394,flydsl_bmm_mxfp8_mfma_t128x128x128_w4x2_nb4_sk3_xcd,942.18,2261.35,0.0009
gfx950,256,240,5120,15360,32x32,flydsl,bmm,3,37.961,flydsl_bmm_mxfp8_mfma_t128x128x128_w2x4_nb4_sk3_xcd,994.4,2238.58,0.0009
gfx950,256,256,5120,15360,32x32,flydsl,bmm,3,40.796,flydsl_bmm_mxfp8_mfma_t128x128x128_w2x4_nb3_sk3_xcd,986.99,2093.25,0.0009
gfx950,256,288,5120,15360,32x32,flydsl,bmm,2,51.415,flydsl_bmm_mxfp8_mfma_t128x128x128_w4x2_nb3_sk2_xcd,881.04,1677.17,0.0009
gfx950,256,320,5120,15360,32x32,flydsl,bmm,2,52.285,flydsl_bmm_mxfp8_mfma_t128x128x128_w4x2_nb3_sk2,962.64,1665.21,0.0009
gfx950,256,352,5120,15360,32x32,flydsl,bmm,2,52.777,flydsl_bmm_mxfp8_mfma_t128x128x128_w4x2_nb3_sk2,1049.04,1665.52,0.0009
gfx950,256,384,5120,15360,32x32,flydsl,bmm,2,54.529,flydsl_bmm_mxfp8_mfma_t128x128x128_w4x2_nb3_sk2,1107.64,1627.31,0.0009
gfx950,256,416,5120,15360,32x32,flydsl,bmm,3,71.329,flydsl_bmm_mxfp8_mfma_t128x128x128_w2x4_nb3_sk3,917.31,1255.72,0.0009
gfx950,256,448,5120,15360,32x32,flydsl,bmm,3,73.425,flydsl_bmm_mxfp8_mfma_t128x128x128_w4x2_nb4_sk3_xcd,959.68,1231.25,0.0008
gfx950,256,480,5120,15360,32x32,flydsl,bmm,3,75.025,flydsl_bmm_mxfp8_mfma_t128x128x128_w4x2_nb3_sk3,1006.3,1216.11,0.0008
gfx950,256,512,5120,15360,32x32,flydsl,bmm,1,76.875,flydsl_bmm_mxfp8_mfma_t128x128x128_w4x2_nb3_sk1,1047.55,1197.7,0.0009
gfx950,256,544,5120,15360,32x32,flydsl,bmm,1,80.486,flydsl_bmm_mxfp8_mfma_t128x128x128_w4x2_nb3_sk1_xcd,1063.08,1154.33,0.0009
gfx950,256,576,5120,15360,32x32,flydsl,bmm,1,81.236,flydsl_bmm_mxfp8_mfma_t128x128x128_w4x2_nb3_sk1_xcd,1115.24,1153.95,0.0009
gfx950,256,608,5120,15360,32x32,flydsl,bmm,1,82.373,flydsl_bmm_mxfp8_mfma_t128x128x128_w4x2_nb3_sk1_xcd,1160.94,1148.15,0.0009
gfx950,256,640,5120,15360,32x32,flydsl,bmm,1,83.052,flydsl_bmm_mxfp8_mfma_t128x128x128_w4x2_nb3_sk1_xcd,1212.05,1148.81,0.0009
gfx950,256,672,5120,15360,32x32,flydsl,bmm,1,86.152,flydsl_bmm_mxfp8_mfma_t128x128x128_w2x2_nb4_sk1_bd3,1226.85,1117.16,0.0009
gfx950,256,704,5120,15360,32x32,flydsl,bmm,1,87.422,flydsl_bmm_mxfp8_mfma_t128x128x128_w2x2_nb4_sk1_bd3_xcd,1266.62,1110.48,0.0009
gfx950,256,736,5120,15360,32x32,flydsl,bmm,1,88.795,flydsl_bmm_mxfp8_mfma_t128x128x128_w4x2_nb3_sk1,1303.71,1102.71,0.0009
gfx950,256,768,5120,15360,32x32,flydsl,bmm,1,88.425,flydsl_bmm_mxfp8_mfma_t128x128x128_w4x2_nb3_sk1,1366.09,1116.76,0.0009
gfx950,256,800,5120,15360,32x32,flydsl,bmm,1,104.371,flydsl_bmm_mxfp8_mfma_t96x256x128_w1x4_nb4_sk1_bd3,1205.59,954.13,0.0009
gfx950,256,832,5120,15360,32x32,flydsl,bmm,1,103.94,flydsl_bmm_mxfp8_mfma_t96x256x128_w1x4_nb4_sk1_bd3_xcd,1259.02,966.12,0.0009
gfx950,256,864,5120,15360,32x32,flydsl,bmm,1,108.345,flydsl_bmm_mxfp8_mfma_t96x256x128_w1x4_nb4_sk1_bd3_xcd,1254.29,934.55,0.0009
gfx950,256,896,5120,15360,32x32,flydsl,bmm,1,106.495,flydsl_bmm_mxfp8_mfma_t96x256x128_w1x4_nb4_sk1_bd3_xcd,1323.33,958.61,0.0009
gfx950,256,928,5120,15360,32x32,flydsl,bmm,1,106.289,flydsl_bmm_mxfp8_mfma_t96x256x128_w1x4_nb4_sk1_bd3_xcd,1373.25,968.32,0.0009
gfx950,256,960,5120,15360,32x32,flydsl,bmm,1,109.481,flydsl_bmm_mxfp8_mfma_t96x256x128_w1x4_nb4_sk1_bd3_xcd,1379.18,947.71,0.0009
gfx950,256,992,5120,15360,32x32,flydsl,bmm,1,109.136,flydsl_bmm_mxfp8_mfma_t96x256x128_w1x4_nb4_sk1_bd3_xcd,1429.66,958.35,0.0009
gfx950,256,1024,5120,15360,32x32,flydsl,bmm,1,109.942,flydsl_bmm_mxfp8_mfma_t96x256x128_w1x4_nb4_sk1_bd3_xcd,1464.97,958.93,0.0009
gfx950,256,1088,5120,15360,32x32,flydsl,bmm,1,111.724,flydsl_bmm_mxfp8_mfma_t96x256x128_w1x4_nb4_sk1_bd3_xcd,1531.7,958.57,0.0009
gfx950,256,1152,5120,15360,32x32,flydsl,bmm,1,112.902,flydsl_bmm_mxfp8_mfma_t96x256x128_w1x4_nb4_sk1_bd3_xcd,1604.88,963.35,0.0009
gfx950,256,1216,5120,15360,32x32,flydsl,bmm,1,128.218,flydsl_bmm_mxfp8_mfma_t128x256x128_w1x4_nb4_sk1_bd3_xcd,1491.68,861.29,0.0009
gfx950,256,1280,5120,15360,32x32,flydsl,bmm,1,129.552,flydsl_bmm_mxfp8_mfma_t128x256x128_w1x4_nb4_sk1_bd3_xcd,1554.02,865.31,0.0009
gfx950,256,1344,5120,15360,32x32,flydsl,bmm,1,132.123,flydsl_bmm_mxfp8_mfma_t128x256x128_w1x4_nb4_sk1_bd3_xcd,1599.97,861.1,0.0009
gfx950,256,1408,5120,15360,32x32,flydsl,bmm,1,131.171,flydsl_bmm_mxfp8_mfma_t128x256x128_w1x4_nb4_sk1_bd3_xcd,1688.33,880.08,0.0009
gfx950,256,1472,5120,15360,32x32,flydsl,bmm,1,135.001,flydsl_bmm_mxfp8_mfma_t128x256x128_w1x4_nb4_sk1_bd3_sps,1714.99,867.47,0.0009
gfx950,256,1536,5120,15360,32x32,flydsl,bmm,1,136.605,flydsl_bmm_mxfp8_mfma_t128x256x128_w1x4_nb4_sk1_bd3_xcd,1768.54,869.5,0.0009
gfx950,256,1600,5120,15360,32x32,flydsl,bmm,1,158.741,flydsl_bmm_mxfp8_mfma_t64x256x128_w1x2_nb4_sk1_bd3_xcd,1585.34,758.77,0.0009
gfx950,256,1664,5120,15360,32x32,flydsl,bmm,1,185.889,flydsl_bmm_mxfp8_mfma_t96x256x128_w1x4_nb4_sk1_bd3,1407.96,656.94,0.0009
gfx950,256,1728,5120,15360,32x32,flydsl,bmm,1,190.34,flydsl_bmm_mxfp8_mfma_t96x256x128_w1x4_nb4_sk1_bd3_xcd,1427.92,650.34,0.0009
gfx950,256,1792,5120,15360,32x32,flydsl,bmm,1,192.912,flydsl_bmm_mxfp8_mfma_t96x256x128_w1x4_nb4_sk1_bd3_xcd,1461.07,650.33,0.0009
gfx950,256,1856,5120,15360,32x32,flydsl,bmm,1,188.779,flydsl_bmm_mxfp8_mfma_t96x256x128_w1x4_nb4_sk1_bd3,1546.38,673.4,0.0009
gfx950,256,1920,5120,15360,32x32,flydsl,bmm,1,194.29,flydsl_bmm_mxfp8_mfma_t96x256x128_w1x4_nb4_sk1_bd3,1554.32,662.89,0.0009
gfx950,256,1984,5120,15360,32x32,flydsl,bmm,1,200.212,flydsl_bmm_mxfp8_mfma_t96x256x128_w1x4_nb4_sk1_bd3,1558.63,651.62,0.0009
gfx950,256,2048,5120,15360,32x32,flydsl,bmm,1,198.116,flydsl_bmm_mxfp8_mfma_t96x256x128_w1x4_nb4_sk1_bd3,1625.93,666.94,0.0009
gfx950,256,4096,5120,15360,32x32,flydsl,bmm,1,337.113,flydsl_bmm_mxfp8_mfma_t128x256x128_w1x4_nb4_sk1_bd3,1911.07,550.39,0.0009
gfx950,256,6144,5120,15360,32x32,flydsl,bmm,1,458.686,flydsl_bmm_mxfp8_mfma_t256x256x128_w1x4_nb3_sk1_bd1_sps,2106.82,520.96,0.0009
gfx950,256,8192,5120,15360,32x32,flydsl,bmm,1,597.448,flydsl_bmm_mxfp8_mfma_t128x256x128_w1x4_nb4_sk1_bd3,2156.65,489.36,0.0009
gfx950,256,10240,5120,15360,32x32,flydsl,bmm,1,766.754,flydsl_bmm_mxfp8_mfma_t112x256x128_w1x2_nb2_sk1_bd1_sps,2100.56,450.97,0.0009
gfx950,256,12288,5120,15360,32x32,flydsl,bmm,1,861.006,flydsl_bmm_mxfp8_mfma_t128x256x128_w1x2_nb2_sk1_bd1_sps,2244.74,463.63,0.0009
gfx950,256,14336,5120,15360,32x32,flydsl,bmm,1,1005.311,flydsl_bmm_mxfp8_mfma_t112x256x128_w1x2_nb2_sk1_bd1_xcd_sps,2242.95,450.21,0.0009
gfx950,256,16384,5120,15360,32x32,flydsl,bmm,1,1107.698,flydsl_bmm_mxfp8_mfma_t128x256x128_w1x2_nb2_sk1_bd1_xcd_sps,2326.43,456.82,0.0009
gfx950,256,32768,5120,15360,32x32,flydsl,bmm,1,2209.282,flydsl_bmm_mxfp8_mfma_t128x256x128_w1x2_nb2_sk1_bd1_xcd_sps,2332.87,422.45,0.0009
gfx950,256,1,8192,1280,32x32,flydsl,bmm,1,4.022,flydsl_bmm_mxfp8_mfma_t16x32x128_w1x2_nb9_sk1_nt_sps,5.21,2614.0,0.0009
gfx950,256,2,8192,1280,32x32,flydsl,bmm,1,3.997,flydsl_bmm_mxfp8_mfma_t16x32x128_w1x2_nb9_sk1_nt_sps,10.49,2634.56,0.0008
gfx950,256,4,8192,1280,32x32,flydsl,bmm,1,4.144,flydsl_bmm_mxfp8_mfma_t16x32x128_w1x2_nb9_sk1_nt_sps,20.24,2549.81,0.0008
gfx950,256,8,8192,1280,32x32,flydsl,bmm,1,4.203,flydsl_bmm_mxfp8_mfma_t16x32x128_w1x2_nb7_sk1_nt_sps,39.91,2530.67,0.0006
gfx950,256,16,8192,1280,32x32,flydsl,bmm,1,4.295,flydsl_bmm_mxfp8_mfma_t16x32x128_w1x2_nb9_sk1_nt_sps,78.12,2509.6,0.0007
gfx950,256,32,8192,1280,32x32,flydsl,bmm,1,4.458,flydsl_bmm_mxfp8_mfma_t32x32x256_w1x2_nb6_sk1_bd3_nt_sps,150.52,2481.31,0.0007
gfx950,256,48,8192,1280,32x32,flydsl,bmm,1,4.92,flydsl_bmm_mxfp8_mfma_t48x32x256_w1x2_nb6_sk1_bd3_nt_sps,204.61,2306.11,0.0007
gfx950,256,64,8192,1280,32x32,flydsl,bmm,1,5.352,flydsl_bmm_mxfp8_mfma_t64x32x256_w1x2_nb6_sk1_bd2_nt,250.77,2172.71,0.0006
gfx950,256,80,8192,1280,32x32,flydsl,bmm,1,6.044,flydsl_bmm_mxfp8_mfma_t96x32x256_w2x2_nb4_sk1_bd2_sps,277.61,1971.09,0.0008
gfx950,256,96,8192,1280,32x32,flydsl,bmm,1,6.51,flydsl_bmm_mxfp8_mfma_t64x64x128_w4x1_nb4_sk1_xcd_sps,309.27,1873.45,0.0006
gfx950,256,112,8192,1280,32x32,flydsl,bmm,1,6.577,flydsl_bmm_mxfp8_mfma_t64x64x128_w4x1_nb5_sk1_xcd_sps,357.12,1897.34,0.0007
gfx950,256,128,8192,1280,32x32,flydsl,bmm,1,6.737,flydsl_bmm_mxfp8_mfma_t64x64x128_w4x1_nb5_sk1,398.44,1894.29,0.0007
gfx950,256,144,8192,1280,32x32,flydsl,bmm,1,8.024,flydsl_bmm_mxfp8_mfma_t128x64x128_w4x2_nb4_sk1,376.36,1625.8,0.0007
gfx950,256,160,8192,1280,32x32,flydsl,bmm,1,8.031,flydsl_bmm_mxfp8_mfma_t128x64x128_w4x2_nb4_sk1,417.83,1659.74,0.0007
gfx950,256,176,8192,1280,32x32,flydsl,bmm,1,8.08,flydsl_bmm_mxfp8_mfma_t128x64x128_w4x2_nb4_sk1,456.79,1684.58,0.0007
gfx950,256,192,8192,1280,32x32,flydsl,bmm,1,8.027,flydsl_bmm_mxfp8_mfma_t128x64x128_w4x2_nb4_sk1,501.61,1731.0,0.0007
gfx950,256,208,8192,1280,32x32,flydsl,bmm,1,8.047,flydsl_bmm_mxfp8_mfma_t128x64x128_w4x2_nb4_sk1,542.09,1762.02,0.0007
gfx950,256,224,8192,1280,32x32,flydsl,bmm,1,8.127,flydsl_bmm_mxfp8_mfma_t128x64x128_w4x2_nb5_sk1,577.99,1779.37,0.0007
gfx950,256,240,8192,1280,32x32,flydsl,bmm,1,8.304,flydsl_bmm_mxfp8_mfma_t128x64x128_w4x2_nb5_sk1,606.15,1775.75,0.0007
gfx950,256,256,8192,1280,32x32,flydsl,bmm,1,8.589,flydsl_bmm_mxfp8_mfma_t128x64x128_w2x2_nb4_sk1,625.05,1749.65,0.0007
gfx950,256,288,8192,1280,32x32,flydsl,bmm,1,9.688,flydsl_bmm_mxfp8_mfma_t96x128x128_w1x4_nb5_sk1_bd2,623.41,1609.65,0.0007
gfx950,256,320,8192,1280,32x32,flydsl,bmm,1,10.089,flydsl_bmm_mxfp8_mfma_t96x128x128_w1x4_nb6_sk1_bd2,665.19,1601.92,0.0007
gfx950,256,352,8192,1280,32x32,flydsl,bmm,1,10.232,flydsl_bmm_mxfp8_mfma_t96x128x128_w1x4_nb6_sk1_bd2,721.43,1634.79,0.0007
gfx950,256,384,8192,1280,32x32,flydsl,bmm,1,10.576,flydsl_bmm_mxfp8_mfma_t96x128x128_w1x4_nb4_sk1_bd2,761.43,1635.21,0.0007
gfx950,256,416,8192,1280,32x32,flydsl,bmm,1,11.255,flydsl_bmm_mxfp8_mfma_t128x128x128_w4x2_nb3_sk1,775.14,1586.94,0.0007
gfx950,256,448,8192,1280,32x32,flydsl,bmm,1,11.223,flydsl_bmm_mxfp8_mfma_t128x128x128_w4x2_nb3_sk1,837.16,1641.97,0.0007
gfx950,256,480,8192,1280,32x32,flydsl,bmm,1,11.632,flydsl_bmm_mxfp8_mfma_t128x128x128_w4x2_nb4_sk1,865.4,1632.91,0.0007
gfx950,256,512,8192,1280,32x32,flydsl,bmm,1,11.904,flydsl_bmm_mxfp8_mfma_t128x128x128_w4x2_nb3_sk1,902.01,1643.19,0.0007
gfx950,256,544,8192,1280,32x32,flydsl,bmm,1,14.513,flydsl_bmm_mxfp8_mfma_t192x128x128_w4x2_nb3_sk1,786.06,1386.78,0.0006
gfx950,256,576,8192,1280,32x32,flydsl,bmm,1,14.314,flydsl_bmm_mxfp8_mfma_t192x128x128_w4x2_nb3_sk1,843.91,1445.7,0.0007
gfx950,256,608,8192,1280,32x32,flydsl,bmm,1,14.566,flydsl_bmm_mxfp8_mfma_t192x128x128_w4x2_nb3_sk1,875.4,1459.6,0.0007
gfx950,256,640,8192,1280,32x32,flydsl,bmm,1,14.688,flydsl_bmm_mxfp8_mfma_t192x128x128_w4x2_nb3_sk1,913.79,1486.01,0.0007
gfx950,256,672,8192,1280,32x32,flydsl,bmm,1,14.761,flydsl_bmm_mxfp8_mfma_t192x128x128_w4x2_nb3_sk1,954.74,1517.05,0.0007
gfx950,256,704,8192,1280,32x32,flydsl,bmm,1,14.703,flydsl_bmm_mxfp8_mfma_t192x128x128_w4x2_nb3_sk1,1004.14,1561.55,0.0007
gfx950,256,736,8192,1280,32x32,flydsl,bmm,1,15.089,flydsl_bmm_mxfp8_mfma_t192x128x128_w4x2_nb3_sk1,1022.92,1559.14,0.0007
gfx950,256,768,8192,1280,32x32,flydsl,bmm,1,15.213,flydsl_bmm_mxfp8_mfma_t192x128x128_w4x2_nb3_sk1,1058.69,1583.66,0.0007
gfx950,256,800,8192,1280,32x32,flydsl,bmm,1,17.446,flydsl_bmm_mxfp8_mfma_t128x128x128_w1x4_nb3_sk1_bd1_xcd_sps,961.67,1413.46,0.0007
gfx950,256,832,8192,1280,32x32,flydsl,bmm,1,17.222,flydsl_bmm_mxfp8_mfma_t128x128x128_w1x4_nb3_sk1_bd1_xcd,1013.11,1464.7,0.0007
gfx950,256,864,8192,1280,32x32,flydsl,bmm,1,17.281,flydsl_bmm_mxfp8_mfma_t128x128x128_w1x4_nb3_sk1_bd1_xcd_sps,1048.54,1492.55,0.0007
gfx950,256,896,8192,1280,32x32,flydsl,bmm,1,17.493,flydsl_bmm_mxfp8_mfma_t128x128x128_w1x4_nb3_sk1_bd1_xcd,1074.17,1506.81,0.0007
gfx950,256,928,8192,1280,32x32,flydsl,bmm,1,18.611,flydsl_bmm_mxfp8_mfma_t128x128x128_w2x2_nb2_sk1_sps,1045.71,1446.76,0.0007
gfx950,256,960,8192,1280,32x32,flydsl,bmm,1,18.558,flydsl_bmm_mxfp8_mfma_t256x128x128_w4x2_nb3_sk1,1084.86,1481.41,0.0007
gfx950,256,992,8192,1280,32x32,flydsl,bmm,1,18.653,flydsl_bmm_mxfp8_mfma_t256x128x128_w4x2_nb3_sk1,1115.31,1504.24,0.0007
gfx950,256,1024,8192,1280,32x32,flydsl,bmm,1,18.871,flydsl_bmm_mxfp8_mfma_t256x128x128_w4x2_nb3_sk1,1137.95,1516.84,0.0007
gfx950,256,1088,8192,1280,32x32,flydsl,bmm,1,24.142,flydsl_bmm_mxfp8_mfma_t128x128x128_w1x4_nb3_sk1_bd2_xcd,945.13,1232.64,0.0007
gfx950,256,1152,8192,1280,32x32,flydsl,bmm,1,24.002,flydsl_bmm_mxfp8_mfma_t96x128x128_w1x4_nb3_sk1_bd1_xcd,1006.54,1287.0,0.0007
gfx950,256,1216,8192,1280,32x32,flydsl,bmm,1,24.458,flydsl_bmm_mxfp8_mfma_t96x256x128_w1x4_nb3_sk1_bd1_xcd,1042.68,1309.37,0.0007
gfx950,256,1280,8192,1280,32x32,flydsl,bmm,1,24.341,flydsl_bmm_mxfp8_mfma_t192x256x128_w1x4_nb3_sk1_bd1_xcd,1102.81,1362.19,0.0007
gfx950,256,1344,8192,1280,32x32,flydsl,bmm,1,24.044,flydsl_bmm_mxfp8_mfma_t192x256x128_w1x4_nb3_sk1_bd2_xcd,1172.28,1426.17,0.0007
gfx950,256,1408,8192,1280,32x32,flydsl,bmm,1,24.223,flydsl_bmm_mxfp8_mfma_t192x256x128_w1x4_nb3_sk1_bd2,1218.98,1462.36,0.0007
gfx950,256,1472,8192,1280,32x32,flydsl,bmm,1,24.976,flydsl_bmm_mxfp8_mfma_t192x256x128_w1x4_nb3_sk1_bd2,1236.0,1463.67,0.0007
gfx950,256,1536,8192,1280,32x32,flydsl,bmm,1,25.409,flydsl_bmm_mxfp8_mfma_t192x256x128_w1x4_nb3_sk1_bd2,1267.75,1483.31,0.0007
gfx950,256,1600,8192,1280,32x32,flydsl,bmm,1,29.378,flydsl_bmm_mxfp8_mfma_t256x256x128_w4x2_nb2_sk1_sps,1142.18,1321.5,0.0007
gfx950,256,1664,8192,1280,32x32,flydsl,bmm,1,29.595,flydsl_bmm_mxfp8_mfma_t256x256x128_w2x4_nb2_sk1_sps,1179.15,1350.08,0.0007
gfx950,256,1728,8192,1280,32x32,flydsl,bmm,1,28.356,flydsl_bmm_mxfp8_mfma_t224x256x128_w1x4_nb2_sk1_bd1,1278.01,1449.04,0.0007
gfx950,256,1792,8192,1280,32x32,flydsl,bmm,1,28.793,flydsl_bmm_mxfp8_mfma_t224x256x128_w1x4_nb3_sk1_bd1,1305.2,1466.37,0.0007
gfx950,256,1856,8192,1280,32x32,flydsl,bmm,1,31.383,flydsl_bmm_mxfp8_mfma_t128x256x128_w1x2_nb2_sk1_bd1_xcd,1240.27,1381.48,0.0007
gfx950,256,1920,8192,1280,32x32,flydsl,bmm,1,31.225,flydsl_bmm_mxfp8_mfma_t128x256x128_w1x2_nb2_sk1_bd1_xcd,1289.53,1424.75,0.0007
gfx950,256,1984,8192,1280,32x32,flydsl,bmm,1,32.141,flydsl_bmm_mxfp8_mfma_t256x256x128_w1x4_nb2_sk1_bd1,1294.52,1419.38,0.0007
gfx950,256,2048,8192,1280,32x32,flydsl,bmm,1,32.15,flydsl_bmm_mxfp8_mfma_t256x256x128_w1x4_nb2_sk1_bd1,1335.93,1454.26,0.0007
gfx950,256,4096,8192,1280,32x32,flydsl,bmm,1,59.666,flydsl_bmm_mxfp8_mfma_t128x256x128_w1x2_nb2_sk1_bd1_sps,1439.66,1391.27,0.0007
gfx950,256,6144,8192,1280,32x32,flydsl,bmm,1,85.255,flydsl_bmm_mxfp8_mfma_t128x256x128_w1x2_nb2_sk1_bd1_sps,1511.33,1398.97,0.0007
gfx950,256,8192,8192,1280,32x32,flydsl,bmm,1,110.41,flydsl_bmm_mxfp8_mfma_t128x256x128_w1x2_nb2_sk1_bd1_sps,1556.01,1408.64,0.0007
gfx950,256,10240,8192,1280,32x32,flydsl,bmm,1,134.28,flydsl_bmm_mxfp8_mfma_t128x256x128_w1x2_nb2_sk1_bd1_sps,1599.25,1428.24,0.0007
gfx950,256,12288,8192,1280,32x32,flydsl,bmm,1,159.915,flydsl_bmm_mxfp8_mfma_t128x256x128_w1x2_nb2_sk1_bd1_sps,1611.47,1426.02,0.0007
gfx950,256,14336,8192,1280,32x32,flydsl,bmm,1,185.492,flydsl_bmm_mxfp8_mfma_t128x256x128_w1x2_nb2_sk1_bd1_sps,1620.81,1424.86,0.0007
gfx950,256,16384,8192,1280,32x32,flydsl,bmm,1,209.799,flydsl_bmm_mxfp8_mfma_t128x256x128_w1x2_nb2_sk1_bd1_sps,1637.74,1432.6,0.0007
gfx950,256,32768,8192,1280,32x32,flydsl,bmm,1,432.658,flydsl_bmm_mxfp8_mfma_t112x256x128_w1x2_nb2_sk1_bd1_sps,1588.31,1365.1,0.0007
gfx950,256,1,16384,1280,32x32,flydsl,bmm,1,5.914,flydsl_bmm_mxfp8_mfma_t16x32x256_w1x2_nb5_sk1_bd3_sps,7.09,3555.35,0.0005
gfx950,256,2,16384,1280,32x32,flydsl,bmm,1,5.865,flydsl_bmm_mxfp8_mfma_t16x32x256_w1x2_nb5_sk1_bd3_nt_sps,14.3,3590.57,0.0004
gfx950,256,4,16384,1280,32x32,flydsl,bmm,1,5.859,flydsl_bmm_mxfp8_mfma_t16x32x256_w1x2_nb5_sk1_bd3_sps,28.63,3605.96,0.0008
gfx950,256,8,16384,1280,32x32,flydsl,bmm,1,5.987,flydsl_bmm_mxfp8_mfma_t16x32x256_w1x2_nb5_sk1_bd3_sps,56.05,3551.85,0.0007
gfx950,256,16,16384,1280,32x32,flydsl,bmm,1,6.129,flydsl_bmm_mxfp8_mfma_t16x32x256_w1x2_nb5_sk1_bd3_sps,109.5,3514.18,0.0007
gfx950,256,32,16384,1280,32x32,flydsl,bmm,1,6.588,flydsl_bmm_mxfp8_mfma_t32x32x128_w2x1_nb8_sk1_sps,203.74,3352.2,0.0007
gfx950,256,48,16384,1280,32x32,flydsl,bmm,1,6.848,flydsl_bmm_mxfp8_mfma_t48x64x256_w1x4_nb6_sk1_bd2_nt_sps,293.98,3304.16,0.0007
gfx950,256,64,16384,1280,32x32,flydsl,bmm,1,7.189,flydsl_bmm_mxfp8_mfma_t64x64x256_w1x4_nb6_sk1_bd2_nt,373.38,3223.33,0.0006
gfx950,256,80,16384,1280,32x32,flydsl,bmm,1,8.003,flydsl_bmm_mxfp8_mfma_t96x64x256_w1x4_nb6_sk1_bd2_nt,419.26,2963.69,0.0007
gfx950,256,96,16384,1280,32x32,flydsl,bmm,1,8.207,flydsl_bmm_mxfp8_mfma_t96x64x256_w1x4_nb4_sk1_bd1_nt_sps,490.64,2956.69,0.0007
gfx950,256,112,16384,1280,32x32,flydsl,bmm,1,8.715,flydsl_bmm_mxfp8_mfma_t112x64x256_w1x4_nb4_sk1_bd1_nt_sps,539.05,2846.94,0.0007
gfx950,256,128,16384,1280,32x32,flydsl,bmm,1,9.173,flydsl_bmm_mxfp8_mfma_t128x64x256_w1x4_nb4_sk1_bd1_nt_sps,585.3,2764.25,0.0007
gfx950,256,144,16384,1280,32x32,flydsl,bmm,1,12.756,flydsl_bmm_mxfp8_mfma_t192x128x128_w4x2_nb3_sk1_xcd,473.47,2030.42,0.0007
gfx950,256,160,16384,1280,32x32,flydsl,bmm,1,9.982,flydsl_bmm_mxfp8_mfma_t96x128x128_w1x4_nb4_sk1_bd2,672.28,2649.3,0.0007
gfx950,256,176,16384,1280,32x32,flydsl,bmm,1,10.427,flydsl_bmm_mxfp8_mfma_t96x128x128_w1x4_nb4_sk1_bd2_xcd,707.96,2588.6,0.0007
gfx950,256,192,16384,1280,32x32,flydsl,bmm,1,10.435,flydsl_bmm_mxfp8_mfma_t96x128x128_w1x4_nb4_sk1_bd2_xcd,771.76,2638.99,0.0007
gfx950,256,208,16384,1280,32x32,flydsl,bmm,1,12.756,flydsl_bmm_mxfp8_mfma_t128x128x128_w4x2_nb4_sk1,683.9,2201.42,0.0007
gfx950,256,224,16384,1280,32x32,flydsl,bmm,1,11.65,flydsl_bmm_mxfp8_mfma_t128x128x128_w1x4_nb4_sk1_bd2,806.45,2457.29,0.0007
gfx950,256,240,16384,1280,32x32,flydsl,bmm,1,12.248,flydsl_bmm_mxfp8_mfma_t128x128x128_w1x4_nb4_sk1_bd2_xcd,821.86,2381.81,0.0007
gfx950,256,256,16384,1280,32x32,flydsl,bmm,1,12.716,flydsl_bmm_mxfp8_mfma_t128x128x128_w1x4_nb4_sk1_bd1_xcd,844.38,2337.03,0.0007
gfx950,256,288,16384,1280,32x32,flydsl,bmm,1,14.549,flydsl_bmm_mxfp8_mfma_t96x128x128_w1x4_nb3_sk1_bd1_xcd,830.27,2117.63,0.0007
gfx950,256,320,16384,1280,32x32,flydsl,bmm,1,15.357,flydsl_bmm_mxfp8_mfma_t192x128x128_w1x4_nb3_sk1_bd1_xcd,873.97,2077.21,0.0007
gfx950,256,352,16384,1280,32x32,flydsl,bmm,1,15.333,flydsl_bmm_mxfp8_mfma_t192x128x128_w1x4_nb3_sk1_bd1,962.89,2151.63,0.0007
gfx950,256,384,16384,1280,32x32,flydsl,bmm,1,15.876,flydsl_bmm_mxfp8_mfma_t192x128x128_w1x4_nb3_sk1_bd1_xcd,1014.52,2146.8,0.0007
gfx950,256,416,16384,1280,32x32,flydsl,bmm,1,18.502,flydsl_bmm_mxfp8_mfma_t128x128x128_w1x4_nb2_sk1_sps,943.07,1901.06,0.0007
gfx950,256,448,16384,1280,32x32,flydsl,bmm,1,18.557,flydsl_bmm_mxfp8_mfma_t256x128x128_w4x2_nb3_sk1,1012.6,1954.19,0.0007
gfx950,256,480,16384,1280,32x32,flydsl,bmm,1,19.014,flydsl_bmm_mxfp8_mfma_t256x128x128_w4x2_nb3_sk1,1058.81,1964.53,0.0007
gfx950,256,512,16384,1280,32x32,flydsl,bmm,1,19.425,flydsl_bmm_mxfp8_mfma_t256x128x128_w4x2_nb3_sk1,1105.5,1979.11,0.0007
gfx950,256,544,16384,1280,32x32,flydsl,bmm,1,24.24,flydsl_bmm_mxfp8_mfma_t96x128x128_w1x4_nb3_sk1_bd1_xcd_sps,941.31,1631.04,0.0007
gfx950,256,576,16384,1280,32x32,flydsl,bmm,1,23.728,flydsl_bmm_mxfp8_mfma_t96x128x128_w1x4_nb3_sk1_bd1_xcd,1018.15,1712.15,0.0007
gfx950,256,608,16384,1280,32x32,flydsl,bmm,1,25.185,flydsl_bmm_mxfp8_mfma_t128x128x128_w1x4_nb3_sk1_bd2_xcd,1012.57,1656.45,0.0007
gfx950,256,640,16384,1280,32x32,flydsl,bmm,1,25.813,flydsl_bmm_mxfp8_mfma_t128x128x128_w1x4_nb4_sk1_bd2_xcd,1039.94,1658.43,0.0007
gfx950,256,672,16384,1280,32x32,flydsl,bmm,1,27.438,flydsl_bmm_mxfp8_mfma_t128x128x128_w1x4_nb4_sk1_bd2,1027.27,1599.96,0.0007
gfx950,256,704,16384,1280,32x32,flydsl,bmm,1,28.043,flydsl_bmm_mxfp8_mfma_t128x128x128_w1x4_nb3_sk1_bd1_xcd_sps,1052.96,1604.33,0.0007
gfx950,256,736,16384,1280,32x32,flydsl,bmm,1,28.105,flydsl_bmm_mxfp8_mfma_t128x128x128_w1x4_nb3_sk1_bd1_xcd_sps,1098.38,1639.58,0.0007
gfx950,256,768,16384,1280,32x32,flydsl,bmm,1,28.628,flydsl_bmm_mxfp8_mfma_t128x128x128_w1x4_nb4_sk1_bd1_xcd_sps,1125.22,1647.77,0.0007
gfx950,256,800,16384,1280,32x32,flydsl,bmm,1,33.603,flydsl_bmm_mxfp8_mfma_t128x128x128_w1x4_nb3_sk1_bd1_xcd_sps,998.55,1436.24,0.0007
gfx950,256,832,16384,1280,32x32,flydsl,bmm,1,33.685,flydsl_bmm_mxfp8_mfma_t128x128x128_w1x4_nb3_sk1_bd1_xcd_sps,1035.96,1465.13,0.0007
gfx950,256,864,16384,1280,32x32,flydsl,bmm,1,33.726,flydsl_bmm_mxfp8_mfma_t128x128x128_w1x4_nb3_sk1_bd1_xcd_sps,1074.5,1495.7,0.0007
gfx950,256,896,16384,1280,32x32,flydsl,bmm,1,34.222,flydsl_bmm_mxfp8_mfma_t128x128x128_w1x4_nb4_sk1_bd2_xcd,1098.16,1505.91,0.0007
gfx950,256,928,16384,1280,32x32,flydsl,bmm,1,35.926,flydsl_bmm_mxfp8_mfma_t128x128x128_w1x4_nb3_sk1_bd2_sps,1083.41,1464.82,0.0007
gfx950,256,960,16384,1280,32x32,flydsl,bmm,1,36.858,flydsl_bmm_mxfp8_mfma_t128x128x128_w1x4_nb3_sk1_bd1_sps,1092.44,1457.39,0.0007
gfx950,256,992,16384,1280,32x32,flydsl,bmm,1,37.456,flydsl_bmm_mxfp8_mfma_t128x128x128_w1x4_nb4_sk1_bd2_xcd,1110.85,1463.26,0.0007
gfx950,256,1024,16384,1280,32x32,flydsl,bmm,1,37.459,flydsl_bmm_mxfp8_mfma_t128x128x128_w1x4_nb4_sk1_bd2,1146.57,1492.24,0.0007
gfx950,256,1088,16384,1280,32x32,flydsl,bmm,1,42.534,flydsl_bmm_mxfp8_mfma_t128x128x128_w1x4_nb4_sk1_bd1_xcd_sps,1072.89,1365.5,0.0007
gfx950,256,1152,16384,1280,32x32,flydsl,bmm,1,43.201,flydsl_bmm_mxfp8_mfma_t128x128x128_w1x4_nb3_sk1_bd2_xcd_sps,1118.45,1394.9,0.0007
gfx950,256,1216,16384,1280,32x32,flydsl,bmm,1,44.995,flydsl_bmm_mxfp8_mfma_t128x128x128_w1x4_nb4_sk1_bd2,1133.53,1387.79,0.0007
gfx950,256,1280,16384,1280,32x32,flydsl,bmm,1,45.525,flydsl_bmm_mxfp8_mfma_t128x128x128_w1x4_nb4_sk1_bd3,1179.3,1419.56,0.0007
gfx950,256,1344,16384,1280,32x32,flydsl,bmm,1,49.539,flydsl_bmm_mxfp8_mfma_t96x128x128_w1x4_nb4_sk1_bd3,1137.93,1348.57,0.0007
gfx950,256,1408,16384,1280,32x32,flydsl,bmm,1,50.959,flydsl_bmm_mxfp8_mfma_t128x128x128_w1x4_nb3_sk1_bd1_xcd_sps,1158.89,1353.79,0.0007
gfx950,256,1472,16384,1280,32x32,flydsl,bmm,1,51.694,flydsl_bmm_mxfp8_mfma_t128x128x128_w1x4_nb4_sk1_bd3,1194.34,1376.75,0.0007
gfx950,256,1536,16384,1280,32x32,flydsl,bmm,1,52.161,flydsl_bmm_mxfp8_mfma_t128x128x128_w1x4_nb4_sk1_bd3,1235.12,1406.26,0.0007
gfx950,256,1600,16384,1280,32x32,flydsl,bmm,1,55.877,flydsl_bmm_mxfp8_mfma_t256x256x128_w4x2_nb2_sk1_xcd_sps,1201.02,1351.78,0.0007
gfx950,256,1664,16384,1280,32x32,flydsl,bmm,1,56.002,flydsl_bmm_mxfp8_mfma_t256x256x128_w2x4_nb2_sk1_xcd_sps,1246.26,1387.7,0.0007
gfx950,256,1728,16384,1280,32x32,flydsl,bmm,1,56.457,flydsl_bmm_mxfp8_mfma_t256x256x128_w4x2_nb2_sk1_xcd_sps,1283.77,1415.18,0.0007
gfx950,256,1792,16384,1280,32x32,flydsl,bmm,1,57.426,flydsl_bmm_mxfp8_mfma_t256x256x128_w4x2_nb2_sk1_xcd_sps,1308.85,1429.28,0.0007
gfx950,256,1856,16384,1280,32x32,flydsl,bmm,1,58.866,flydsl_bmm_mxfp8_mfma_t256x256x128_w4x2_nb2_sk1_sps,1322.44,1431.38,0.0007
gfx950,256,1920,16384,1280,32x32,flydsl,bmm,1,60.212,flydsl_bmm_mxfp8_mfma_t256x256x128_w4x2_nb2_sk1_sps,1337.45,1435.6,0.0007
gfx950,256,1984,16384,1280,32x32,flydsl,bmm,1,61.584,flydsl_bmm_mxfp8_mfma_t256x256x128_w2x4_nb2_sk1_sps,1351.25,1439.06,0.0007
gfx950,256,2048,16384,1280,32x32,flydsl,bmm,1,62.855,flydsl_bmm_mxfp8_mfma_t256x256x128_w1x4_nb2_sk1_bd1,1366.63,1444.67,0.0007
gfx950,256,4096,16384,1280,32x32,flydsl,bmm,1,112.18,flydsl_bmm_mxfp8_mfma_t128x256x128_w1x2_nb2_sk1_bd1_sps,1531.45,1431.77,0.0007
gfx950,256,6144,16384,1280,32x32,flydsl,bmm,1,162.408,flydsl_bmm_mxfp8_mfma_t128x256x128_w1x2_nb2_sk1_bd1_sps,1586.73,1418.82,0.0007
gfx950,256,8192,16384,1280,32x32,flydsl,bmm,1,215.486,flydsl_bmm_mxfp8_mfma_t128x256x128_w1x2_nb2_sk1_bd1_sps,1594.52,1393.32,0.0007
gfx950,256,10240,16384,1280,32x32,flydsl,bmm,1,262.16,flydsl_bmm_mxfp8_mfma_t128x256x128_w1x2_nb2_sk1_bd1_sps,1638.3,1411.56,0.0007
gfx950,256,12288,16384,1280,32x32,flydsl,bmm,1,313.375,flydsl_bmm_mxfp8_mfma_t128x256x128_w1x2_nb2_sk1_bd1_sps,1644.66,1403.64,0.0007
gfx950,256,14336,16384,1280,32x32,flydsl,bmm,1,357.457,flydsl_bmm_mxfp8_mfma_t128x256x128_w1x2_nb2_sk1_bd1_sps,1682.15,1425.84,0.0007
gfx950,256,16384,16384,1280,32x32,flydsl,bmm,1,432.737,flydsl_bmm_mxfp8_mfma_t256x256x128_w1x4_nb2_sk1_bd1_xcd,1588.02,1339.13,0.0007
gfx950,256,32768,16384,1280,32x32,flydsl,bmm,1,810.451,flydsl_bmm_mxfp8_mfma_t112x256x128_w1x2_nb2_sk1_bd1_sps,1695.83,1404.14,0.0007
gfx950,256,1,25600,6144,32x32,flydsl,bmm,1,25.7,flydsl_bmm_mxfp8_mfma_t16x128x512_w1x4_nb7_sk1_bd3_nt_xcd_sps,12.24,6128.29,0.0009
gfx950,256,2,25600,6144,32x32,flydsl,bmm,1,25.701,flydsl_bmm_mxfp8_mfma_t16x128x512_w1x4_nb7_sk1_bd3_nt_xcd_sps,24.48,6130.42,0.0007
gfx950,256,4,25600,6144,32x32,flydsl,bmm,1,25.796,flydsl_bmm_mxfp8_mfma_t16x128x512_w1x4_nb6_sk1_bd3_nt_xcd_sps,48.78,6112.27,0.0008
gfx950,256,8,25600,6144,32x32,flydsl,bmm,1,25.902,flydsl_bmm_mxfp8_mfma_t16x128x512_w1x4_nb5_sk1_bd3_nt_xcd_sps,97.16,6096.17,0.0008
gfx950,256,16,25600,6144,32x32,flydsl,bmm,1,26.101,flydsl_bmm_mxfp8_mfma_t16x128x512_w1x4_nb5_sk1_bd3_nt_xcd,192.83,6067.14,0.0008
gfx950,256,32,25600,6144,32x32,flydsl,bmm,1,26.978,flydsl_bmm_mxfp8_mfma_t32x128x256_w1x4_nb8_sk1_bd3_nt_xcd,373.13,5904.08,0.0009
gfx950,256,48,25600,6144,32x32,flydsl,bmm,1,29.018,flydsl_bmm_mxfp8_mfma_t64x128x128_w1x4_nb7_sk1_bd3_nt_xcd,520.35,5520.78,0.0008
gfx950,256,64,25600,6144,32x32,flydsl,bmm,1,30.386,flydsl_bmm_mxfp8_mfma_t64x128x128_w1x4_nb7_sk1_bd2_nt_xcd,662.55,5302.45,0.0008
gfx950,256,80,25600,6144,32x32,flydsl,bmm,1,33.265,flydsl_bmm_mxfp8_mfma_t96x128x128_w1x4_nb7_sk1_bd2_nt_xcd,756.53,4871.3,0.0008
gfx950,256,96,25600,6144,32x32,flydsl,bmm,1,34.622,flydsl_bmm_mxfp8_mfma_t96x128x128_w1x4_nb6_sk1_bd2_nt_xcd,872.26,4706.98,0.0008
gfx950,256,112,25600,6144,32x32,flydsl,bmm,1,37.693,flydsl_bmm_mxfp8_mfma_t128x128x128_w1x4_nb4_sk1_bd2_nt,934.72,4347.88,0.0008
gfx950,256,128,25600,6144,32x32,flydsl,bmm,1,39.705,flydsl_bmm_mxfp8_mfma_t128x128x128_w1x4_nb5_sk1_bd2_nt,1014.12,4150.74,0.0008
gfx950,256,144,25600,6144,32x32,flydsl,bmm,1,49.486,flydsl_bmm_mxfp8_mfma_t192x128x128_w1x4_nb5_sk1_bd2_nt,915.38,3348.92,0.0008
gfx950,256,160,25600,6144,32x32,flydsl,bmm,1,49.37,flydsl_bmm_mxfp8_mfma_t192x128x128_w1x4_nb4_sk1_bd2_nt,1019.48,3375.44,0.0008
gfx950,256,176,25600,6144,32x32,flydsl,bmm,1,49.701,flydsl_bmm_mxfp8_mfma_t192x128x128_w1x4_nb4_sk1_bd2_nt,1113.97,3371.52,0.0008
gfx950,256,192,25600,6144,32x32,flydsl,bmm,1,50.761,flydsl_bmm_mxfp8_mfma_t192x128x128_w1x4_nb4_sk1_bd2_nt_xcd,1189.84,3319.2,0.0008
gfx950,256,208,25600,6144,32x32,flydsl,bmm,1,59.79,flydsl_bmm_mxfp8_mfma_t128x256x128_w1x4_nb4_sk1_bd2_xcd,1094.35,2833.36,0.0008
gfx950,256,224,25600,6144,32x32,flydsl,bmm,1,60.008,flydsl_bmm_mxfp8_mfma_t128x256x128_w1x4_nb3_sk1_bd2_xcd,1174.24,2838.41,0.0008
gfx950,256,240,25600,6144,32x32,flydsl,bmm,1,59.817,flydsl_bmm_mxfp8_mfma_t128x256x128_w1x4_nb4_sk1_bd3_xcd,1262.15,2862.89,0.0008
gfx950,256,256,25600,6144,32x32,flydsl,bmm,1,61.673,flydsl_bmm_mxfp8_mfma_t128x256x128_w1x4_nb4_sk1_bd2_xcd,1305.77,2791.65,0.0008
gfx950,256,288,25600,6144,32x32,flydsl,bmm,1,75.58,flydsl_bmm_mxfp8_mfma_t192x256x128_w1x4_nb4_sk1_bd2_xcd,1198.7,2302.35,0.0008
gfx950,256,320,25600,6144,32x32,flydsl,bmm,1,77.068,flydsl_bmm_mxfp8_mfma_t192x256x128_w1x4_nb4_sk1_bd3_xcd,1306.16,2281.76,0.0008
gfx950,256,352,25600,6144,32x32,flydsl,bmm,1,77.58,flydsl_bmm_mxfp8_mfma_t192x256x128_w1x4_nb4_sk1_bd3_xcd,1427.3,2290.46,0.0008
gfx950,256,384,25600,6144,32x32,flydsl,bmm,1,80.266,flydsl_bmm_mxfp8_mfma_t192x256x128_w1x4_nb4_sk1_bd3,1504.94,2236.73,0.0008
gfx950,256,416,25600,6144,32x32,flydsl,bmm,1,110.327,flydsl_bmm_mxfp8_mfma_t128x256x128_w1x4_nb3_sk1_bd2,1186.13,1643.98,0.0008
gfx950,256,448,25600,6144,32x32,flydsl,bmm,1,112.831,flydsl_bmm_mxfp8_mfma_t128x256x128_w1x4_nb3_sk1_bd2_xcd,1249.02,1623.8,0.0008
gfx950,256,480,25600,6144,32x32,flydsl,bmm,1,113.709,flydsl_bmm_mxfp8_mfma_t128x256x128_w1x4_nb4_sk1_bd2_xcd,1327.91,1627.47,0.0008
gfx950,256,512,25600,6144,32x32,flydsl,bmm,1,114.384,flydsl_bmm_mxfp8_mfma_t128x256x128_w1x4_nb3_sk1_bd2_xcd,1408.08,1633.96,0.0008
gfx950,256,544,25600,6144,32x32,flydsl,bmm,1,123.559,flydsl_bmm_mxfp8_mfma_t128x256x128_w1x4_nb3_sk1_bd2_xcd,1384.99,1527.53,0.0008
gfx950,256,576,25600,6144,32x32,flydsl,bmm,1,124.649,flydsl_bmm_mxfp8_mfma_t128x256x128_w1x4_nb3_sk1_bd2_xcd,1453.63,1528.94,0.0008
gfx950,256,608,25600,6144,32x32,flydsl,bmm,1,124.172,flydsl_bmm_mxfp8_mfma_t128x256x128_w1x4_nb3_sk1_bd2_xcd,1540.29,1549.64,0.0008
gfx950,256,640,25600,6144,32x32,flydsl,bmm,1,125.895,flydsl_bmm_mxfp8_mfma_t128x256x128_w1x4_nb4_sk1_bd2_xcd,1599.17,1543.06,0.0008
gfx950,256,672,25600,6144,32x32,flydsl,bmm,1,145.093,flydsl_bmm_mxfp8_mfma_t192x256x128_w1x4_nb4_sk1_bd2_xcd,1456.95,1351.58,0.0008
gfx950,256,704,25600,6144,32x32,flydsl,bmm,1,146.672,flydsl_bmm_mxfp8_mfma_t192x256x128_w1x4_nb3_sk1_bd2_xcd,1509.89,1349.57,0.0008
gfx950,256,736,25600,6144,32x32,flydsl,bmm,1,147.897,flydsl_bmm_mxfp8_mfma_t192x256x128_w1x4_nb3_sk1_bd2_xcd,1565.45,1350.85,0.0008
gfx950,256,768,25600,6144,32x32,flydsl,bmm,1,149.381,flydsl_bmm_mxfp8_mfma_t192x256x128_w1x4_nb3_sk1_bd2,1617.29,1349.76,0.0008
gfx950,256,800,25600,6144,32x32,flydsl,bmm,1,161.028,flydsl_bmm_mxfp8_mfma_t192x256x128_w1x4_nb3_sk1_bd2_xcd,1562.82,1263.56,0.0008
gfx950,256,832,25600,6144,32x32,flydsl,bmm,1,160.734,flydsl_bmm_mxfp8_mfma_t192x256x128_w1x4_nb3_sk1_bd2_xcd,1628.31,1277.33,0.0008
gfx950,256,864,25600,6144,32x32,flydsl,bmm,1,162.841,flydsl_bmm_mxfp8_mfma_t192x256x128_w1x4_nb4_sk1_bd2_xcd,1669.06,1272.11,0.0008
gfx950,256,896,25600,6144,32x32,flydsl,bmm,1,163.067,flydsl_bmm_mxfp8_mfma_t192x256x128_w1x4_nb4_sk1_bd2_xcd,1728.47,1281.63,0.0008
gfx950,256,928,25600,6144,32x32,flydsl,bmm,1,163.663,flydsl_bmm_mxfp8_mfma_t192x256x128_w1x4_nb4_sk1_bd2_xcd,1783.69,1288.22,0.0008
gfx950,256,960,25600,6144,32x32,flydsl,bmm,1,164.53,flydsl_bmm_mxfp8_mfma_t192x256x128_w1x4_nb4_sk1_bd2_xcd,1835.47,1292.62,0.0008
gfx950,256,992,25600,6144,32x32,flydsl,bmm,1,206.243,flydsl_bmm_mxfp8_mfma_t192x256x128_w1x4_nb4_sk1_bd2_xcd,1513.05,1040.11,0.0008
gfx950,256,1024,25600,6144,32x32,flydsl,bmm,1,208.14,flydsl_bmm_mxfp8_mfma_t192x256x128_w1x4_nb4_sk1_bd2_xcd,1547.62,1039.48,0.0008
gfx950,256,1088,25600,6144,32x32,flydsl,bmm,1,206.658,flydsl_bmm_mxfp8_mfma_t112x256x128_w1x2_nb2_sk1_bd1_sps,1656.15,1064.75,0.0008
gfx950,256,1152,25600,6144,32x32,flydsl,bmm,1,217.731,flydsl_bmm_mxfp8_mfma_t128x256x128_w1x2_nb2_sk1_bd1_xcd_sps,1664.39,1027.51,0.0008
gfx950,256,1216,25600,6144,32x32,flydsl,bmm,1,227.104,flydsl_bmm_mxfp8_mfma_t128x256x128_w1x2_nb2_sk1_bd1_sps,1684.34,1001.32,0.0008
gfx950,256,1280,25600,6144,32x32,flydsl,bmm,1,225.749,flydsl_bmm_mxfp8_mfma_t128x256x128_w1x2_nb2_sk1_bd1_sps,1783.63,1023.64,0.0008
gfx950,256,1344,25600,6144,32x32,flydsl,bmm,1,236.805,flydsl_bmm_mxfp8_mfma_t192x256x128_w1x4_nb4_sk1_bd3,1785.38,991.4,0.0008
gfx950,256,1408,25600,6144,32x32,flydsl,bmm,1,271.993,flydsl_bmm_mxfp8_mfma_t128x128x128_w1x4_nb3_sk1_bd2_xcd,1628.42,876.68,0.0008
gfx950,256,1472,25600,6144,32x32,flydsl,bmm,1,270.64,flydsl_bmm_mxfp8_mfma_t128x256x128_w1x4_nb4_sk1_bd3,1710.95,894.67,0.0008
gfx950,256,1536,25600,6144,32x32,flydsl,bmm,1,274.121,flydsl_bmm_mxfp8_mfma_t128x256x128_w1x4_nb4_sk1_bd3,1762.67,896.74,0.0008
gfx950,256,1600,25600,6144,32x32,flydsl,bmm,1,294.884,flydsl_bmm_mxfp8_mfma_t112x256x128_w1x2_nb2_sk1_bd1_sps,1706.83,846.09,0.0008
gfx950,256,1664,25600,6144,32x32,flydsl,bmm,1,292.849,flydsl_bmm_mxfp8_mfma_t112x256x128_w1x2_nb2_sk1_bd1_sps,1787.43,864.54,0.0008
gfx950,256,1728,25600,6144,32x32,flydsl,bmm,1,305.248,flydsl_bmm_mxfp8_mfma_t128x256x128_w1x2_nb2_sk1_bd1_sps,1780.78,841.49,0.0008
gfx950,256,1792,25600,6144,32x32,flydsl,bmm,1,307.011,flydsl_bmm_mxfp8_mfma_t128x256x128_w1x2_nb2_sk1_bd1_sps,1836.14,848.65,0.0008
gfx950,256,1856,25600,6144,32x32,flydsl,bmm,1,322.14,flydsl_bmm_mxfp8_mfma_t128x256x128_w1x2_nb2_sk1_bd1_sps,1812.4,820.22,0.0008
gfx950,256,1920,25600,6144,32x32,flydsl,bmm,1,320.488,flydsl_bmm_mxfp8_mfma_t128x256x128_w1x2_nb2_sk1_bd1_sps,1884.56,835.94,0.0008
gfx950,256,1984,25600,6144,32x32,flydsl,bmm,1,351.489,flydsl_bmm_mxfp8_mfma_t128x128x128_w1x4_nb3_sk1_bd2,1775.62,772.69,0.0008
gfx950,256,2048,25600,6144,32x32,flydsl,bmm,1,357.853,flydsl_bmm_mxfp8_mfma_t128x128x128_w1x4_nb3_sk1_bd2,1800.31,769.24,0.0008
gfx950,256,4096,25600,6144,32x32,flydsl,bmm,1,650.489,flydsl_bmm_mxfp8_mfma_t128x256x128_w1x2_nb2_sk1_bd1_sps,1980.8,604.33,0.0008
gfx950,256,6144,25600,6144,32x32,flydsl,bmm,1,936.167,flydsl_bmm_mxfp8_mfma_t128x256x128_w1x2_nb2_sk1_bd1_sps,2064.52,545.78,0.0008
gfx950,256,8192,25600,6144,32x32,flydsl,bmm,1,1227.034,flydsl_bmm_mxfp8_mfma_t128x256x128_w1x2_nb2_sk1_bd1_sps,2100.17,512.43,0.0008
gfx950,256,10240,25600,6144,32x32,flydsl,bmm,1,1512.853,flydsl_bmm_mxfp8_mfma_t128x256x128_w1x2_nb2_sk1_bd1_sps,2129.24,493.51,0.0008
gfx950,256,12288,25600,6144,32x32,flydsl,bmm,1,1813.432,flydsl_bmm_mxfp8_mfma_t128x256x128_w1x2_nb2_sk1_bd1_sps,2131.58,476.69,0.0008
gfx950,256,14336,25600,6144,32x32,flydsl,bmm,1,2138.714,flydsl_bmm_mxfp8_mfma_t128x256x128_w1x2_nb2_sk1_bd1_sps,2108.61,459.28,0.0008
gfx950,256,16384,25600,6144,32x32,flydsl,bmm,1,2404.49,flydsl_bmm_mxfp8_mfma_t128x256x128_w1x2_nb2_sk1_bd1_sps,2143.47,457.52,0.0008
gfx950,256,32768,25600,6144,32x32,flydsl,bmm,1,4950.79,flydsl_bmm_mxfp8_mfma_t128x256x128_w1x2_nb2_sk1_bd1_sps,2082.08,412.62,0.0008
gfx950,256,1,32768,1280,32x32,flydsl,bmm,1,8.634,flydsl_bmm_mxfp8_mfma_t16x32x128_w1x2_nb6_sk1_bd3_nt_sps,9.72,4870.25,0.0008
gfx950,256,2,32768,1280,32x32,flydsl,bmm,1,8.643,flydsl_bmm_mxfp8_mfma_t16x32x128_w1x2_nb6_sk1_bd3_nt_sps,19.41,4873.29,0.0006
gfx950,256,4,32768,1280,32x32,flydsl,bmm,1,8.65,flydsl_bmm_mxfp8_mfma_t16x32x128_w1x2_nb6_sk1_bd3_nt_sps,38.79,4884.38,0.0007
gfx950,256,8,32768,1280,32x32,flydsl,bmm,1,8.741,flydsl_bmm_mxfp8_mfma_t16x32x128_w1x2_nb6_sk1_bd3_nt_sps,76.78,4864.43,0.0007
gfx950,256,16,32768,1280,32x32,flydsl,bmm,1,8.846,flydsl_bmm_mxfp8_mfma_t16x64x128_w1x2_nb6_sk1_bd3_nt_sps,151.72,4866.82,0.0007
gfx950,256,32,32768,1280,32x32,flydsl,bmm,1,9.57,flydsl_bmm_mxfp8_mfma_t32x64x128_w1x2_nb5_sk1_bd3_nt,280.5,4610.58,0.0006
gfx950,256,48,32768,1280,32x32,flydsl,bmm,1,10.125,flydsl_bmm_mxfp8_mfma_t64x128x128_w1x4_nb7_sk1_bd2_nt,397.67,4463.4,0.0007
gfx950,256,64,32768,1280,32x32,flydsl,bmm,1,10.435,flydsl_bmm_mxfp8_mfma_t64x128x128_w1x4_nb9_sk1_bd2_nt,514.5,4433.49,0.0007
gfx950,256,80,32768,1280,32x32,flydsl,bmm,1,11.035,flydsl_bmm_mxfp8_mfma_t96x128x128_w1x4_nb9_sk1_bd2_nt,608.15,4289.32,0.0007
gfx950,256,96,32768,1280,32x32,flydsl,bmm,1,11.029,flydsl_bmm_mxfp8_mfma_t96x128x128_w1x4_nb9_sk1_bd1_nt,730.19,4388.72,0.0007
gfx950,256,112,32768,1280,32x32,flydsl,bmm,1,12.726,flydsl_bmm_mxfp8_mfma_t128x128x128_w1x4_nb4_sk1_bd2_nt,738.28,3887.49,0.0007
gfx950,256,128,32768,1280,32x32,flydsl,bmm,1,13.604,flydsl_bmm_mxfp8_mfma_t128x128x128_w1x4_nb4_sk1_bd2_nt,789.31,3715.3,0.0007
gfx950,256,144,32768,1280,32x32,flydsl,bmm,1,15.023,flydsl_bmm_mxfp8_mfma_t192x128x128_w1x4_nb4_sk1_bd2_nt,804.1,3435.59,0.0007
gfx950,256,160,32768,1280,32x32,flydsl,bmm,1,15.473,flydsl_bmm_mxfp8_mfma_t192x128x128_w1x4_nb3_sk1_bd2_nt,867.43,3404.69,0.0007
gfx950,256,176,32768,1280,32x32,flydsl,bmm,1,15.707,flydsl_bmm_mxfp8_mfma_t192x128x128_w1x4_nb3_sk1_bd2_nt,939.98,3422.17,0.0007
gfx950,256,192,32768,1280,32x32,flydsl,bmm,1,16.311,flydsl_bmm_mxfp8_mfma_t192x128x128_w1x4_nb3_sk1_bd2_nt_xcd,987.41,3360.85,0.0007
gfx950,256,208,32768,1280,32x32,flydsl,bmm,1,18.587,flydsl_bmm_mxfp8_mfma_t256x128x128_w4x2_nb3_sk1_nt,938.72,3006.87,0.0007
gfx950,256,224,32768,1280,32x32,flydsl,bmm,1,18.848,flydsl_bmm_mxfp8_mfma_t256x128x128_w4x2_nb3_sk1_nt,996.96,3022.1,0.0007
gfx950,256,240,32768,1280,32x32,flydsl,bmm,1,19.275,flydsl_bmm_mxfp8_mfma_t256x128x128_w4x2_nb3_sk1_nt,1044.47,3010.53,0.0007
gfx950,256,256,32768,1280,32x32,flydsl,bmm,1,19.704,flydsl_bmm_mxfp8_mfma_t256x128x128_w4x2_nb3_sk1_nt,1089.88,2999.37,0.0007
gfx950,256,288,32768,1280,32x32,flydsl,bmm,1,26.285,flydsl_bmm_mxfp8_mfma_t96x128x128_w1x4_nb4_sk1_bd2,919.13,2329.81,0.0007
gfx950,256,320,32768,1280,32x32,flydsl,bmm,1,28.073,flydsl_bmm_mxfp8_mfma_t128x128x128_w1x4_nb4_sk1_bd2,956.2,2257.59,0.0007
gfx950,256,352,32768,1280,32x32,flydsl,bmm,1,29.131,flydsl_bmm_mxfp8_mfma_t128x128x128_w1x4_nb3_sk1_bd1_xcd_sps,1013.64,2249.08,0.0007
gfx950,256,384,32768,1280,32x32,flydsl,bmm,1,29.832,flydsl_bmm_mxfp8_mfma_t128x128x128_w1x4_nb4_sk1_bd1_xcd_sps,1079.79,2267.92,0.0007
gfx950,256,416,32768,1280,32x32,flydsl,bmm,1,34.873,flydsl_bmm_mxfp8_mfma_t128x128x128_w1x4_nb3_sk1_bd1,1000.67,2001.42,0.0007
gfx950,256,448,32768,1280,32x32,flydsl,bmm,1,36.62,flydsl_bmm_mxfp8_mfma_t128x128x128_w1x4_nb3_sk1_bd1_sps,1026.24,1964.37,0.0007
gfx950,256,480,32768,1280,32x32,flydsl,bmm,1,38.003,flydsl_bmm_mxfp8_mfma_t128x128x128_w1x4_nb4_sk1_bd2_xcd,1059.53,1949.19,0.0007
gfx950,256,512,32768,1280,32x32,flydsl,bmm,1,38.617,flydsl_bmm_mxfp8_mfma_t128x128x128_w1x4_nb4_sk1_bd2_xcd,1112.19,1973.58,0.0007
gfx950,256,544,32768,1280,32x32,flydsl,bmm,1,45.436,flydsl_bmm_mxfp8_mfma_t128x128x128_w1x4_nb3_sk1_bd2_sps,1004.36,1724.49,0.0007
gfx950,256,576,32768,1280,32x32,flydsl,bmm,1,45.633,flydsl_bmm_mxfp8_mfma_t96x128x128_w1x4_nb3_sk1_bd1_xcd_sps,1058.84,1763.91,0.0007
gfx950,256,608,32768,1280,32x32,flydsl,bmm,1,46.5,flydsl_bmm_mxfp8_mfma_t128x128x128_w1x4_nb3_sk1_bd1_xcd,1096.84,1777.05,0.0007
gfx950,256,640,32768,1280,32x32,flydsl,bmm,1,47.047,flydsl_bmm_mxfp8_mfma_t128x128x128_w1x4_nb3_sk1_bd1_xcd,1141.13,1801.84,0.0007
gfx950,256,672,32768,1280,32x32,flydsl,bmm,1,52.796,flydsl_bmm_mxfp8_mfma_t96x128x128_w1x4_nb3_sk1_bd1_xcd,1067.73,1646.18,0.0007
gfx950,256,704,32768,1280,32x32,flydsl,bmm,1,54.197,flydsl_bmm_mxfp8_mfma_t128x128x128_w1x4_nb3_sk1_bd2_xcd_sps,1089.65,1643.09,0.0007
gfx950,256,736,32768,1280,32x32,flydsl,bmm,1,54.421,flydsl_bmm_mxfp8_mfma_t128x128x128_w1x4_nb3_sk1_bd1_xcd_sps,1134.5,1675.65,0.0007
gfx950,256,768,32768,1280,32x32,flydsl,bmm,1,55.569,flydsl_bmm_mxfp8_mfma_t128x128x128_w1x4_nb3_sk1_bd1_xcd_sps,1159.37,1679.53,0.0007
gfx950,256,800,32768,1280,32x32,flydsl,bmm,1,62.427,flydsl_bmm_mxfp8_mfma_t128x128x128_w1x4_nb4_sk1_bd1_xcd_sps,1074.99,1529.28,0.0007
gfx950,256,832,32768,1280,32x32,flydsl,bmm,1,62.507,flydsl_bmm_mxfp8_mfma_t128x128x128_w1x4_nb3_sk1_bd1_xcd_sps,1116.57,1561.56,0.0007
gfx950,256,864,32768,1280,32x32,flydsl,bmm,1,62.859,flydsl_bmm_mxfp8_mfma_t128x128x128_w1x4_nb3_sk1_bd1_xcd_sps,1153.03,1586.86,0.0007
gfx950,256,896,32768,1280,32x32,flydsl,bmm,1,61.978,flydsl_bmm_mxfp8_mfma_t128x128x128_w1x4_nb3_sk1_bd1_xcd_sps,1212.71,1643.91,0.0007
gfx950,256,928,32768,1280,32x32,flydsl,bmm,1,68.646,flydsl_bmm_mxfp8_mfma_t128x128x128_w1x4_nb3_sk1_bd2_sps,1134.03,1515.41,0.0007
gfx950,256,960,32768,1280,32x32,flydsl,bmm,1,70.67,flydsl_bmm_mxfp8_mfma_t128x128x128_w1x4_nb3_sk1_bd2,1139.54,1502.28,0.0007
gfx950,256,992,32768,1280,32x32,flydsl,bmm,1,71.674,flydsl_bmm_mxfp8_mfma_t128x128x128_w1x4_nb4_sk1_bd3,1161.01,1511.07,0.0007
gfx950,256,1024,32768,1280,32x32,flydsl,bmm,1,71.94,flydsl_bmm_mxfp8_mfma_t128x128x128_w1x4_nb4_sk1_bd3,1194.04,1535.22,0.0007
gfx950,256,1088,32768,1280,32x32,flydsl,bmm,1,73.928,flydsl_bmm_mxfp8_mfma_t192x256x128_w2x4_nb2_sk1_xcd_sps,1234.55,1551.82,0.0007
gfx950,256,1152,32768,1280,32x32,flydsl,bmm,1,74.161,flydsl_bmm_mxfp8_mfma_t192x256x128_w2x4_nb2_sk1_xcd,1303.06,1604.64,0.0007
gfx950,256,1216,32768,1280,32x32,flydsl,bmm,1,80.338,flydsl_bmm_mxfp8_mfma_t224x256x128_w1x4_nb2_sk1_bd1_xcd,1269.7,1534.53,0.0007
gfx950,256,1280,32768,1280,32x32,flydsl,bmm,1,80.334,flydsl_bmm_mxfp8_mfma_t224x256x128_w1x4_nb2_sk1_bd1_xcd,1336.6,1587.87,0.0007
gfx950,256,1344,32768,1280,32x32,flydsl,bmm,1,79.885,flydsl_bmm_mxfp8_mfma_t224x256x128_w1x4_nb3_sk1_bd1_xcd,1411.31,1650.35,0.0007
gfx950,256,1408,32768,1280,32x32,flydsl,bmm,1,87.166,flydsl_bmm_mxfp8_mfma_t256x256x128_w2x4_nb2_sk1_xcd_sps,1355.02,1561.59,0.0007
gfx950,256,1472,32768,1280,32x32,flydsl,bmm,1,87.257,flydsl_bmm_mxfp8_mfma_t256x256x128_w2x4_nb2_sk1_xcd_sps,1415.13,1608.99,0.0007
gfx950,256,1536,32768,1280,32x32,flydsl,bmm,1,87.39,flydsl_bmm_mxfp8_mfma_t256x256x128_w2x4_nb2_sk1_xcd_sps,1474.41,1655.51,0.0007
gfx950,256,1600,32768,1280,32x32,flydsl,bmm,1,105.648,flydsl_bmm_mxfp8_mfma_t256x256x128_w2x4_nb2_sk1_xcd_sps,1270.42,1409.9,0.0007
gfx950,256,1664,32768,1280,32x32,flydsl,bmm,1,105.547,flydsl_bmm_mxfp8_mfma_t256x256x128_w2x4_nb2_sk1_xcd_sps,1322.5,1451.79,0.0007
gfx950,256,1728,32768,1280,32x32,flydsl,bmm,1,106.138,flydsl_bmm_mxfp8_mfma_t256x256x128_w4x2_nb2_sk1_xcd_sps,1365.73,1484.03,0.0007
gfx950,256,1792,32768,1280,32x32,flydsl,bmm,1,106.55,flydsl_bmm_mxfp8_mfma_t256x256x128_w4x2_nb2_sk1_xcd_sps,1410.83,1518.44,0.0007
gfx950,256,1856,32768,1280,32x32,flydsl,bmm,1,110.61,flydsl_bmm_mxfp8_mfma_t256x256x128_w4x2_nb2_sk1_sps,1407.58,1501.39,0.0007
gfx950,256,1920,32768,1280,32x32,flydsl,bmm,1,113.927,flydsl_bmm_mxfp8_mfma_t256x256x128_w2x4_nb2_sk1_sps,1413.72,1495.23,0.0007
gfx950,256,1984,32768,1280,32x32,flydsl,bmm,1,115.979,flydsl_bmm_mxfp8_mfma_t256x256x128_w2x4_nb2_sk1_sps,1435.0,1505.67,0.0007
gfx950,256,2048,32768,1280,32x32,flydsl,bmm,1,117.444,flydsl_bmm_mxfp8_mfma_t256x256x128_w1x4_nb2_sk1_bd1_xcd,1462.82,1523.33,0.0007
gfx950,256,4096,32768,1280,32x32,flydsl,bmm,1,221.83,flydsl_bmm_mxfp8_mfma_t256x256x128_w1x4_nb2_sk1_bd1_xcd,1548.93,1423.73,0.0007
gfx950,256,6144,32768,1280,32x32,flydsl,bmm,1,323.135,flydsl_bmm_mxfp8_mfma_t128x256x128_w1x2_nb2_sk1_bd1_sps,1594.99,1401.11,0.0007
gfx950,256,8192,32768,1280,32x32,flydsl,bmm,1,424.134,flydsl_bmm_mxfp8_mfma_t256x256x128_w1x4_nb2_sk1_bd1_xcd,1620.23,1390.29,0.0007
gfx950,256,10240,32768,1280,32x32,flydsl,bmm,1,521.15,flydsl_bmm_mxfp8_mfma_t256x256x128_w1x4_nb2_sk1_bd1_xcd,1648.26,1394.2,0.0007
gfx950,256,12288,32768,1280,32x32,flydsl,bmm,1,619.006,flydsl_bmm_mxfp8_mfma_t256x128x128_w1x2_nb2_sk1_bd1_xcd_sps,1665.24,1395.0,0.0007
gfx950,256,14336,32768,1280,32x32,flydsl,bmm,1,713.658,flydsl_bmm_mxfp8_mfma_t256x128x128_w1x2_nb2_sk1_bd1_sps,1685.11,1401.84,0.0007
gfx950,256,16384,32768,1280,32x32,flydsl,bmm,1,815.537,flydsl_bmm_mxfp8_mfma_t256x128x128_w1x2_nb2_sk1_bd1_xcd_sps,1685.26,1394.61,0.0007
gfx950,256,32768,32768,1280,32x32,flydsl,bmm,1,1604.28,flydsl_bmm_mxfp8_mfma_t256x128x128_w1x2_nb2_sk1_bd1_xcd_sps,1713.4,1391.73,0.0007
