gfx,cu_num,M,N,K,w_scale_block,libtype,kernelId,splitK,us,kernelName,tflops,bw,errRatio
gfx950,256,1,768,7168,128x128,flydsl,bmm,4,5.533,flydsl_bmm_mxfp8_mfma_t16x32x256_w1x1_nb4_sk4_nt,1.99,996.5,0.0
gfx950,256,2,768,7168,128x128,flydsl,bmm,4,5.199,flydsl_bmm_mxfp8_mfma_t16x16x256_w1x1_nb4_sk4_nt,4.24,1062.37,0.002
gfx950,256,4,768,7168,128x128,flydsl,bmm,4,4.989,flydsl_bmm_mxfp8_mfma_t16x16x256_w1x1_nb5_sk4_nt,8.83,1110.54,0.001
gfx950,256,8,768,7168,128x128,flydsl,bmm,4,4.938,flydsl_bmm_mxfp8_mfma_t16x16x256_w1x1_nb6_sk4_nt,17.84,1129.03,0.0011
gfx950,256,16,768,7168,128x128,flydsl,bmm,4,4.991,flydsl_bmm_mxfp8_mfma_t16x16x256_w1x1_nb6_sk4_nt_sps,35.3,1131.25,0.001
gfx950,256,32,768,7168,128x128,flydsl,bmm,4,5.717,flydsl_bmm_mxfp8_mfma_t32x16x256_w1x1_nb6_sk4_nt_sps,61.63,1012.01,0.001
gfx950,256,48,768,7168,128x128,flydsl,bmm,4,6.531,flydsl_bmm_mxfp8_mfma_t32x16x256_w1x1_nb6_sk4_sps,80.92,907.39,0.0009
gfx950,256,64,768,7168,128x128,flydsl,bmm,4,6.446,flydsl_bmm_mxfp8_mfma_t32x16x256_w2x1_nb6_sk4_sps,109.31,940.98,0.0008
gfx950,256,80,768,7168,128x128,flydsl,bmm,2,7.456,flydsl_bmm_mxfp8_mfma_t32x32x512_w2x2_nb4_sk2,118.13,832.32,0.0008
gfx950,256,96,768,7168,128x128,flydsl,bmm,4,7.881,flydsl_bmm_mxfp8_mfma_t32x32x256_w2x2_nb4_sk4,134.11,805.26,0.0009
gfx950,256,112,768,7168,128x128,flydsl,bmm,4,7.017,flydsl_bmm_mxfp8_mfma_t64x32x256_w2x2_nb4_sk4,175.72,924.33,0.0008
gfx950,256,128,768,7168,128x128,flydsl,bmm,4,7.292,flydsl_bmm_mxfp8_mfma_t64x32x256_w2x2_nb4_sk4_xcd,193.27,908.77,0.0008
gfx950,256,144,768,7168,128x128,flydsl,bmm,4,8.056,flydsl_bmm_mxfp8_mfma_t96x32x256_w2x2_nb4_sk4,196.81,840.01,0.0007
gfx950,256,160,768,7168,128x128,flydsl,bmm,4,8.115,flydsl_bmm_mxfp8_mfma_t96x32x256_w2x2_nb4_sk4_xcd,217.07,851.1,0.0008
gfx950,256,176,768,7168,128x128,flydsl,bmm,4,8.341,flydsl_bmm_mxfp8_mfma_t96x32x256_w2x2_nb4_sk4_xcd_sps,232.33,844.91,0.0008
gfx950,256,192,768,7168,128x128,flydsl,bmm,4,8.61,flydsl_bmm_mxfp8_mfma_t96x32x256_w2x2_nb4_sk4_sps,245.52,834.77,0.0008
gfx950,256,208,768,7168,128x128,flydsl,bmm,4,9.003,flydsl_bmm_mxfp8_mfma_t64x64x256_w2x2_nb3_sk4,254.37,813.88,0.0009
gfx950,256,224,768,7168,128x128,flydsl,bmm,4,8.923,flydsl_bmm_mxfp8_mfma_t64x64x256_w2x2_nb3_sk4_xcd,276.39,836.88,0.0008
gfx950,256,240,768,7168,128x128,flydsl,bmm,4,9.13,flydsl_bmm_mxfp8_mfma_t64x64x256_w2x2_nb3_sk4_xcd,289.41,833.24,0.0009
gfx950,256,256,768,7168,128x128,flydsl,bmm,4,9.235,flydsl_bmm_mxfp8_mfma_t64x64x256_w2x2_nb4_sk4_xcd,305.2,838.97,0.0008
gfx950,256,288,768,7168,128x128,flydsl,bmm,2,10.21,flydsl_bmm_mxfp8_mfma_t64x32x256_w2x2_nb4_sk2_xcd,310.56,786.3,0.0008
gfx950,256,320,768,7168,128x128,flydsl,bmm,2,10.634,flydsl_bmm_mxfp8_mfma_t64x32x256_w2x2_nb4_sk2_xcd,331.31,781.3,0.0008
gfx950,256,352,768,7168,128x128,flydsl,bmm,2,11.732,flydsl_bmm_mxfp8_mfma_t96x32x256_w2x2_nb4_sk2_xcd,330.35,732.12,0.0009
gfx950,256,384,768,7168,128x128,flydsl,bmm,2,12.021,flydsl_bmm_mxfp8_mfma_t96x32x256_w2x2_nb4_sk2_xcd,351.71,737.83,0.0009
gfx950,256,416,768,7168,128x128,flydsl,bmm,2,12.478,flydsl_bmm_mxfp8_mfma_t96x32x256_w2x2_nb3_sk2_xcd,367.06,733.26,0.0008
gfx950,256,448,768,7168,128x128,flydsl,bmm,2,12.593,flydsl_bmm_mxfp8_mfma_t96x32x256_w2x2_nb3_sk2_xcd,391.68,748.8,0.0009
gfx950,256,480,768,7168,128x128,flydsl,bmm,2,12.381,flydsl_bmm_mxfp8_mfma_t64x64x256_w2x2_nb4_sk2_xcd,426.85,784.29,0.0009
gfx950,256,512,768,7168,128x128,flydsl,bmm,2,12.513,flydsl_bmm_mxfp8_mfma_t64x64x256_w2x2_nb4_sk2_xcd,450.5,798.4,0.0009
gfx950,256,544,768,7168,128x128,flydsl,bmm,2,13.975,flydsl_bmm_mxfp8_mfma_t64x64x128_w4x1_nb4_sk2_xcd,428.6,734.96,0.0009
gfx950,256,576,768,7168,128x128,flydsl,bmm,2,14.452,flydsl_bmm_mxfp8_mfma_t64x64x128_w4x1_nb4_sk2_xcd_sps,438.8,730.06,0.0009
gfx950,256,608,768,7168,128x128,flydsl,bmm,2,13.032,flydsl_bmm_mxfp8_mfma_t64x64x128_w4x1_nb5_sk2_xcd,513.66,831.12,0.0008
gfx950,256,640,768,7168,128x128,flydsl,bmm,2,13.267,flydsl_bmm_mxfp8_mfma_t64x64x128_w4x1_nb6_sk2_xcd,531.14,837.57,0.0009
gfx950,256,672,768,7168,128x128,flydsl,bmm,2,16.04,flydsl_bmm_mxfp8_mfma_t96x64x128_w2x2_nb4_sk2_xcd,461.27,710.23,0.0008
gfx950,256,704,768,7168,128x128,flydsl,bmm,2,15.567,flydsl_bmm_mxfp8_mfma_t96x64x128_w2x2_nb5_sk2_xcd,497.91,749.81,0.0009
gfx950,256,736,768,7168,128x128,flydsl,bmm,1,15.188,flydsl_bmm_mxfp8_mfma_t48x64x256_w1x4_nb5_sk1_bd2,533.56,787.01,0.0009
gfx950,256,768,768,7168,128x128,flydsl,bmm,1,15.102,flydsl_bmm_mxfp8_mfma_t48x64x256_w1x4_nb5_sk1_bd2_xcd,559.92,810.04,0.0008
gfx950,256,800,768,7168,128x128,flydsl,bmm,1,15.218,flydsl_bmm_mxfp8_mfma_t48x64x256_w1x4_nb6_sk1_bd2_xcd,578.78,822.26,0.0008
gfx950,256,832,768,7168,128x128,flydsl,bmm,1,14.536,flydsl_bmm_mxfp8_mfma_t48x64x256_w1x4_nb5_sk1_bd2_xcd,630.19,880.14,0.0008
gfx950,256,864,768,7168,128x128,flydsl,bmm,1,15.225,flydsl_bmm_mxfp8_mfma_t48x64x256_w1x4_nb6_sk1_bd2_xcd,624.82,858.73,0.0009
gfx950,256,896,768,7168,128x128,flydsl,bmm,1,14.704,flydsl_bmm_mxfp8_mfma_t48x64x256_w1x4_nb7_sk1_bd2_xcd,670.89,908.19,0.0009
gfx950,256,928,768,7168,128x128,flydsl,bmm,1,14.718,flydsl_bmm_mxfp8_mfma_t48x64x256_w1x4_nb6_sk1_bd2_xcd,694.22,926.42,0.0008
gfx950,256,960,768,7168,128x128,flydsl,bmm,1,15.143,flydsl_bmm_mxfp8_mfma_t48x64x256_w1x4_nb6_sk1_bd2,697.97,918.88,0.0008
gfx950,256,992,768,7168,128x128,flydsl,bmm,1,14.735,flydsl_bmm_mxfp8_mfma_t48x64x256_w1x4_nb5_sk1_bd2_xcd,741.25,963.4,0.0009
gfx950,256,1024,768,7168,128x128,flydsl,bmm,1,16.175,flydsl_bmm_mxfp8_mfma_t48x64x256_w1x2_nb5_sk1_bd2_xcd,697.02,894.94,0.0009
gfx950,256,1088,768,7168,128x128,flydsl,bmm,1,17.558,flydsl_bmm_mxfp8_mfma_t64x64x256_w1x4_nb4_sk1_bd2_xcd,682.26,856.39,0.0009
gfx950,256,1152,768,7168,128x128,flydsl,bmm,1,17.52,flydsl_bmm_mxfp8_mfma_t64x64x256_w1x4_nb4_sk1_bd2_xcd,723.96,890.25,0.0009
gfx950,256,1216,768,7168,128x128,flydsl,bmm,1,17.626,flydsl_bmm_mxfp8_mfma_t64x64x256_w1x4_nb4_sk1_bd2_xcd,759.57,916.68,0.0009
gfx950,256,1280,768,7168,128x128,flydsl,bmm,1,17.681,flydsl_bmm_mxfp8_mfma_t64x64x256_w1x4_nb4_sk1_bd2,797.08,945.57,0.0008
gfx950,256,1344,768,7168,128x128,flydsl,bmm,1,17.932,flydsl_bmm_mxfp8_mfma_t64x64x256_w1x4_nb4_sk1_bd2_xcd,825.2,963.58,0.0008
gfx950,256,1408,768,7168,128x128,flydsl,bmm,1,19.125,flydsl_bmm_mxfp8_mfma_t64x64x256_w1x2_nb4_sk1_bd2_xcd,810.57,932.78,0.0008
gfx950,256,1472,768,7168,128x128,flydsl,bmm,1,20.676,flydsl_bmm_mxfp8_mfma_t64x64x256_w1x2_nb4_sk1_bd2_xcd,783.83,889.91,0.0009
gfx950,256,1536,768,7168,128x128,flydsl,bmm,1,20.27,flydsl_bmm_mxfp8_mfma_t64x64x256_w1x2_nb4_sk1_bd3_xcd,834.32,935.42,0.0009
gfx950,256,1600,768,7168,128x128,flydsl,bmm,1,22.128,flydsl_bmm_mxfp8_mfma_t48x128x256_w1x4_nb4_sk1_bd2_xcd,796.08,882.18,0.0008
gfx950,256,1664,768,7168,128x128,flydsl,bmm,1,22.189,flydsl_bmm_mxfp8_mfma_t48x128x256_w1x4_nb5_sk1_bd2_xcd,825.65,905.03,0.0009
gfx950,256,1728,768,7168,128x128,flydsl,bmm,1,22.091,flydsl_bmm_mxfp8_mfma_t96x64x256_w1x4_nb4_sk1_bd2_xcd,861.22,934.42,0.0009
gfx950,256,1792,768,7168,128x128,flydsl,bmm,1,21.995,flydsl_bmm_mxfp8_mfma_t48x128x256_w1x4_nb6_sk1_bd2_xcd,897.02,964.0,0.0008
gfx950,256,1856,768,7168,128x128,flydsl,bmm,1,22.447,flydsl_bmm_mxfp8_mfma_t48x128x256_w1x4_nb7_sk1_bd2_xcd,910.34,969.55,0.0009
gfx950,256,1920,768,7168,128x128,flydsl,bmm,1,22.631,flydsl_bmm_mxfp8_mfma_t48x128x256_w1x4_nb7_sk1_bd2,934.1,986.47,0.0009
gfx950,256,1984,768,7168,128x128,flydsl,bmm,1,22.304,flydsl_bmm_mxfp8_mfma_t48x128x256_w1x4_nb6_sk1_bd2_xcd,979.38,1026.06,0.0008
gfx950,256,2048,768,7168,128x128,flydsl,bmm,1,24.594,flydsl_bmm_mxfp8_mfma_t64x128x256_w1x4_nb5_sk1_bd2,916.85,953.33,0.0009
gfx950,256,4096,768,7168,128x128,flydsl,bmm,1,37.842,flydsl_bmm_mxfp8_mfma_t128x128x128_w1x4_nb4_sk1_bd3_xcd,1191.72,1093.66,0.0009
gfx950,256,6144,768,7168,128x128,flydsl,bmm,1,51.63,flydsl_bmm_mxfp8_mfma_t96x128x128_w1x4_nb4_sk1_bd2,1310.2,1149.07,0.0008
gfx950,256,8192,768,7168,128x128,flydsl,bmm,1,59.081,flydsl_bmm_mxfp8_mfma_t128x256x128_w1x4_nb3_sk1_bd2_xcd,1526.61,1307.81,0.0009
gfx950,256,10240,768,7168,128x128,flydsl,bmm,1,65.39,flydsl_bmm_mxfp8_mfma_t128x256x128_w1x4_nb4_sk1_bd2,1724.17,1456.01,0.0009
gfx950,256,12288,768,7168,128x128,flydsl,bmm,1,83.762,flydsl_bmm_mxfp8_mfma_t192x256x128_w1x4_nb4_sk1_bd2,1615.19,1350.83,0.0009
gfx950,256,14336,768,7168,128x128,flydsl,bmm,1,90.008,flydsl_bmm_mxfp8_mfma_t128x384x128_w1x4_nb4_sk1_bd3_xcd_sps,1753.62,1456.41,0.0008
gfx950,256,16384,768,7168,128x128,flydsl,bmm,1,94.263,flydsl_bmm_mxfp8_mfma_t128x384x128_w1x4_nb4_sk1_bd3_sps,1913.68,1580.99,0.0009
gfx950,256,32768,768,7168,128x128,flydsl,bmm,1,176.486,flydsl_bmm_mxfp8_mfma_t128x384x128_w1x4_nb4_sk1_bd3_xcd_sps,2044.23,1657.66,0.0009
gfx950,256,1,1536,7168,128x128,flydsl,bmm,4,5.521,flydsl_bmm_mxfp8_mfma_t16x32x128_w1x2_nb9_sk4_nt_xcd_sps,3.99,1996.11,0.002
gfx950,256,2,1536,7168,128x128,flydsl,bmm,4,5.589,flydsl_bmm_mxfp8_mfma_t16x32x128_w1x2_nb8_sk4_nt_sps,7.88,1973.6,0.0013
gfx950,256,4,1536,7168,128x128,flydsl,bmm,4,5.577,flydsl_bmm_mxfp8_mfma_t16x32x128_w1x2_nb9_sk4_xcd_sps,15.79,1981.69,0.0005
gfx950,256,8,1536,7168,128x128,flydsl,bmm,4,5.603,flydsl_bmm_mxfp8_mfma_t16x32x128_w1x2_nb8_sk4_sps,31.44,1979.98,0.0009
gfx950,256,16,1536,7168,128x128,flydsl,bmm,4,5.831,flydsl_bmm_mxfp8_mfma_t16x32x128_w1x2_nb8_sk4_xcd_sps,60.43,1916.71,0.0007
gfx950,256,32,1536,7168,128x128,flydsl,bmm,4,6.612,flydsl_bmm_mxfp8_mfma_t32x32x128_w1x2_nb9_sk4_nt_xcd_sps,106.56,1715.0,0.0007
gfx950,256,48,1536,7168,128x128,flydsl,bmm,4,7.141,flydsl_bmm_mxfp8_mfma_t48x32x128_w1x2_nb9_sk4_nt_xcd_sps,148.02,1611.19,0.0008
gfx950,256,64,1536,7168,128x128,flydsl,bmm,4,8.41,flydsl_bmm_mxfp8_mfma_t48x32x128_w1x2_nb7_sk4_xcd_sps,167.58,1387.66,0.0009
gfx950,256,80,1536,7168,128x128,flydsl,bmm,4,8.328,flydsl_bmm_mxfp8_mfma_t48x32x128_w1x2_nb6_sk4_xcd_sps,211.52,1420.96,0.001
gfx950,256,96,1536,7168,128x128,flydsl,bmm,4,8.665,flydsl_bmm_mxfp8_mfma_t48x32x128_w1x2_nb6_sk4_sps,243.95,1384.74,0.0009
gfx950,256,112,1536,7168,128x128,flydsl,bmm,4,8.93,flydsl_bmm_mxfp8_mfma_t64x64x256_w2x2_nb3_sk4,276.16,1362.07,0.001
gfx950,256,128,1536,7168,128x128,flydsl,bmm,4,9.076,flydsl_bmm_mxfp8_mfma_t64x64x256_w2x2_nb3_sk4_xcd,310.57,1358.44,0.0008
gfx950,256,144,1536,7168,128x128,flydsl,bmm,4,10.448,flydsl_bmm_mxfp8_mfma_t96x64x256_w2x2_nb3_sk4_xcd,303.48,1195.71,0.0009
gfx950,256,160,1536,7168,128x128,flydsl,bmm,4,10.495,flydsl_bmm_mxfp8_mfma_t96x64x256_w2x2_nb3_sk4,335.7,1206.1,0.0008
gfx950,256,176,1536,7168,128x128,flydsl,bmm,4,10.777,flydsl_bmm_mxfp8_mfma_t96x64x256_w2x2_nb3_sk4,359.63,1189.88,0.0008
gfx950,256,192,1536,7168,128x128,flydsl,bmm,4,10.976,flydsl_bmm_mxfp8_mfma_t96x64x256_w2x2_nb3_sk4,385.21,1183.31,0.0009
gfx950,256,208,1536,7168,128x128,flydsl,bmm,2,12.053,flydsl_bmm_mxfp8_mfma_t64x64x256_w2x2_nb3_sk2,380.02,1091.24,0.0008
gfx950,256,224,1536,7168,128x128,flydsl,bmm,2,11.984,flydsl_bmm_mxfp8_mfma_t64x64x256_w2x2_nb4_sk2,411.59,1111.23,0.0009
gfx950,256,240,1536,7168,128x128,flydsl,bmm,2,12.26,flydsl_bmm_mxfp8_mfma_t64x64x256_w4x2_nb4_sk2,431.07,1099.67,0.0008
gfx950,256,256,1536,7168,128x128,flydsl,bmm,2,12.52,flydsl_bmm_mxfp8_mfma_t64x64x256_w4x2_nb4_sk2,450.25,1089.97,0.0009
gfx950,256,288,1536,7168,128x128,flydsl,bmm,2,13.402,flydsl_bmm_mxfp8_mfma_t64x64x128_w4x2_nb4_sk2,473.19,1042.82,0.0008
gfx950,256,320,1536,7168,128x128,flydsl,bmm,2,14.204,flydsl_bmm_mxfp8_mfma_t64x64x128_w2x4_nb4_sk2,496.1,1007.17,0.0009
gfx950,256,352,1536,7168,128x128,flydsl,bmm,1,16.522,flydsl_bmm_mxfp8_mfma_t64x64x256_w4x2_nb4_sk1,469.15,885.8,0.0009
gfx950,256,384,1536,7168,128x128,flydsl,bmm,2,17.264,flydsl_bmm_mxfp8_mfma_t128x64x128_w4x2_nb4_sk2_xcd,489.78,866.79,0.0009
gfx950,256,416,1536,7168,128x128,flydsl,bmm,2,17.303,flydsl_bmm_mxfp8_mfma_t128x64x128_w2x2_nb4_sk2_xcd,529.4,883.87,0.0009
gfx950,256,448,1536,7168,128x128,flydsl,bmm,2,17.011,flydsl_bmm_mxfp8_mfma_t128x64x128_w2x4_nb4_sk2,579.92,918.43,0.0009
gfx950,256,480,1536,7168,128x128,flydsl,bmm,2,16.848,flydsl_bmm_mxfp8_mfma_t128x64x128_w2x2_nb4_sk2_xcd,627.34,946.85,0.001
gfx950,256,512,1536,7168,128x128,flydsl,bmm,2,17.341,flydsl_bmm_mxfp8_mfma_t128x64x128_w4x2_nb5_sk2,650.15,938.94,0.0009
gfx950,256,544,1536,7168,128x128,flydsl,bmm,1,17.72,flydsl_bmm_mxfp8_mfma_t64x64x256_w1x4_nb5_sk1_bd2_xcd,676.01,937.45,0.0008
gfx950,256,576,1536,7168,128x128,flydsl,bmm,1,18.348,flydsl_bmm_mxfp8_mfma_t64x64x256_w4x2_nb4_sk1_xcd,691.3,923.35,0.0009
gfx950,256,608,1536,7168,128x128,flydsl,bmm,1,17.891,flydsl_bmm_mxfp8_mfma_t64x64x256_w4x2_nb4_sk1,748.33,965.34,0.0009
gfx950,256,640,1536,7168,128x128,flydsl,bmm,1,18.197,flydsl_bmm_mxfp8_mfma_t64x64x256_w4x2_nb4_sk1_xcd,774.45,967.19,0.0008
gfx950,256,672,1536,7168,128x128,flydsl,bmm,1,21.667,flydsl_bmm_mxfp8_mfma_t32x128x256_w1x4_nb4_sk1_bd2_xcd,682.94,827.49,0.0008
gfx950,256,704,1536,7168,128x128,flydsl,bmm,2,22.232,flydsl_bmm_mxfp8_mfma_t128x128x128_w4x2_nb4_sk2,697.28,821.29,0.0008
gfx950,256,736,1536,7168,128x128,flydsl,bmm,1,22.012,flydsl_bmm_mxfp8_mfma_t48x128x256_w1x4_nb5_sk1_bd2,736.27,844.47,0.0008
gfx950,256,768,1536,7168,128x128,flydsl,bmm,1,22.681,flydsl_bmm_mxfp8_mfma_t48x128x256_w1x4_nb6_sk1_bd2,745.62,834.09,0.0009
gfx950,256,800,1536,7168,128x128,flydsl,bmm,1,22.499,flydsl_bmm_mxfp8_mfma_t48x128x256_w1x4_nb6_sk1_bd2_xcd,782.97,855.49,0.0009
gfx950,256,832,1536,7168,128x128,flydsl,bmm,1,22.112,flydsl_bmm_mxfp8_mfma_t48x128x256_w1x4_nb6_sk1_bd2,828.55,885.36,0.0008
gfx950,256,864,1536,7168,128x128,flydsl,bmm,1,22.976,flydsl_bmm_mxfp8_mfma_t48x128x256_w1x4_nb5_sk1_bd2_xcd,828.06,866.41,0.0009
gfx950,256,896,1536,7168,128x128,flydsl,bmm,1,22.761,flydsl_bmm_mxfp8_mfma_t48x128x256_w1x4_nb6_sk1_bd2_xcd,866.83,889.06,0.0008
gfx950,256,928,1536,7168,128x128,flydsl,bmm,1,22.196,flydsl_bmm_mxfp8_mfma_t48x128x256_w1x4_nb9_sk1_bd2_xcd,920.67,926.56,0.0009
gfx950,256,960,1536,7168,128x128,flydsl,bmm,1,23.196,flydsl_bmm_mxfp8_mfma_t48x128x256_w1x4_nb7_sk1_bd2,911.33,900.8,0.0009
gfx950,256,992,1536,7168,128x128,flydsl,bmm,1,23.197,flydsl_bmm_mxfp8_mfma_t48x128x256_w1x4_nb7_sk1_bd2_xcd,941.67,914.96,0.0008
gfx950,256,1024,1536,7168,128x128,flydsl,bmm,1,25.119,flydsl_bmm_mxfp8_mfma_t64x128x256_w1x4_nb6_sk1_bd2,897.66,858.06,0.0009
gfx950,256,1088,1536,7168,128x128,flydsl,bmm,1,25.428,flydsl_bmm_mxfp8_mfma_t64x128x256_w1x4_nb5_sk1_bd2_xcd,942.18,873.55,0.0009
gfx950,256,1152,1536,7168,128x128,flydsl,bmm,1,25.558,flydsl_bmm_mxfp8_mfma_t64x128x256_w1x4_nb6_sk1_bd2_xcd,992.52,894.88,0.0009
gfx950,256,1216,1536,7168,128x128,flydsl,bmm,1,25.79,flydsl_bmm_mxfp8_mfma_t64x128x128_w1x4_nb6_sk1_bd2_xcd,1038.24,912.39,0.0009
gfx950,256,1280,1536,7168,128x128,flydsl,bmm,1,25.649,flydsl_bmm_mxfp8_mfma_t64x128x256_w1x4_nb5_sk1_bd2,1098.9,943.1,0.0008
gfx950,256,1344,1536,7168,128x128,flydsl,bmm,1,26.449,flydsl_bmm_mxfp8_mfma_t64x128x256_w1x4_nb4_sk1_bd2_xcd,1118.94,939.48,0.0009
gfx950,256,1408,1536,7168,128x128,flydsl,bmm,1,30.919,flydsl_bmm_mxfp8_mfma_t96x128x256_w1x4_nb4_sk1_bd2_xcd,1002.75,824.97,0.0009
gfx950,256,1472,1536,7168,128x128,flydsl,bmm,1,30.2,flydsl_bmm_mxfp8_mfma_t96x128x128_w1x4_nb4_sk1_bd2_xcd,1073.31,866.45,0.0009
gfx950,256,1536,1536,7168,128x128,flydsl,bmm,1,30.61,flydsl_bmm_mxfp8_mfma_t96x128x128_w1x4_nb6_sk1_bd2,1104.98,876.37,0.0009
gfx950,256,1600,1536,7168,128x128,flydsl,bmm,1,31.037,flydsl_bmm_mxfp8_mfma_t96x128x128_w1x4_nb5_sk1_bd2_xcd,1135.17,885.54,0.0009
gfx950,256,1664,1536,7168,128x128,flydsl,bmm,1,30.969,flydsl_bmm_mxfp8_mfma_t96x128x128_w1x4_nb4_sk1_bd2_xcd,1183.18,908.77,0.0009
gfx950,256,1728,1536,7168,128x128,flydsl,bmm,1,31.874,flydsl_bmm_mxfp8_mfma_t96x128x128_w1x4_nb5_sk1_bd2_xcd,1193.8,903.64,0.0009
gfx950,256,1792,1536,7168,128x128,flydsl,bmm,1,31.817,flydsl_bmm_mxfp8_mfma_t96x128x128_w1x4_nb4_sk1_bd3_xcd,1240.2,925.94,0.0009
gfx950,256,1856,1536,7168,128x128,flydsl,bmm,1,31.788,flydsl_bmm_mxfp8_mfma_t96x128x128_w1x4_nb4_sk1_bd3,1285.67,947.52,0.0009
gfx950,256,1920,1536,7168,128x128,flydsl,bmm,1,32.45,flydsl_bmm_mxfp8_mfma_t96x128x128_w1x4_nb5_sk1_bd2_xcd,1302.87,948.49,0.0009
gfx950,256,1984,1536,7168,128x128,flydsl,bmm,1,32.798,flydsl_bmm_mxfp8_mfma_t96x128x128_w1x4_nb4_sk1_bd2_xcd,1332.04,958.54,0.0009
gfx950,256,2048,1536,7168,128x128,flydsl,bmm,1,37.121,flydsl_bmm_mxfp8_mfma_t128x128x128_w1x4_nb4_sk1_bd2_xcd,1214.86,864.65,0.0009
gfx950,256,4096,1536,7168,128x128,flydsl,bmm,1,58.533,flydsl_bmm_mxfp8_mfma_t128x256x128_w1x4_nb4_sk1_bd3_xcd,1540.92,908.6,0.0009
gfx950,256,6144,1536,7168,128x128,flydsl,bmm,1,81.258,flydsl_bmm_mxfp8_mfma_t192x256x128_w1x4_nb4_sk1_bd3_xcd,1664.96,913.99,0.0009
gfx950,256,8192,1536,7168,128x128,flydsl,bmm,1,100.757,flydsl_bmm_mxfp8_mfma_t128x384x128_w1x4_nb3_sk1_bd2,1790.33,946.39,0.0009
gfx950,256,10240,1536,7168,128x128,flydsl,bmm,1,116.629,flydsl_bmm_mxfp8_mfma_t128x256x128_w1x4_nb3_sk1_bd2,1933.36,998.39,0.0009
gfx950,256,12288,1536,7168,128x128,flydsl,bmm,1,147.815,flydsl_bmm_mxfp8_mfma_t96x256x128_w1x4_nb4_sk1_bd2,1830.55,930.41,0.0009
gfx950,256,14336,1536,7168,128x128,flydsl,bmm,1,164.069,flydsl_bmm_mxfp8_mfma_t128x256x128_w1x4_nb3_sk1_bd2,1924.06,966.75,0.0008
gfx950,256,16384,1536,7168,128x128,flydsl,bmm,1,173.925,flydsl_bmm_mxfp8_mfma_t128x256x128_w1x4_nb3_sk1_bd2_xcd,2074.33,1033.21,0.0009
gfx950,256,20480,1536,7168,128x128,flydsl,bmm,1,215.487,flydsl_bmm_mxfp8_mfma_t128x256x128_w1x2_nb2_sk1_bd1_xcd,2092.81,1029.64,0.0009
gfx950,256,24576,1536,7168,128x128,flydsl,bmm,1,249.418,flydsl_bmm_mxfp8_mfma_t192x256x128_w1x4_nb3_sk1_bd2,2169.72,1058.65,0.0009
gfx950,256,28672,1536,7168,128x128,flydsl,bmm,1,289.368,flydsl_bmm_mxfp8_mfma_t224x256x128_w1x4_nb2_sk1_bd1_xcd,2181.86,1058.23,0.0009
gfx950,256,32768,1536,7168,128x128,flydsl,bmm,1,328.53,flydsl_bmm_mxfp8_mfma_t256x256x128_w1x4_nb2_sk1_bd1_xcd_sps,2196.31,1060.45,0.0009
gfx950,256,40960,1536,7168,128x128,flydsl,bmm,1,418.807,flydsl_bmm_mxfp8_mfma_t256x256x128_w1x4_nb2_sk1_bd1_xcd,2153.6,1033.26,0.0009
gfx950,256,49152,1536,7168,128x128,flydsl,bmm,1,494.832,flydsl_bmm_mxfp8_mfma_t128x256x128_w1x4_nb3_sk1_bd2_xcd,2187.27,1044.96,0.0009
gfx950,256,57344,1536,7168,128x128,flydsl,bmm,1,564.592,flydsl_bmm_mxfp8_mfma_t224x256x128_w1x4_nb2_sk1_bd1_xcd,2236.52,1065.24,0.0009
gfx950,256,65536,1536,7168,128x128,flydsl,bmm,1,641.655,flydsl_bmm_mxfp8_mfma_t256x256x128_w1x4_nb2_sk1_bd1_xcd,2249.04,1068.75,0.0009
gfx950,256,1,2048,7168,128x128,flydsl,bmm,4,6.148,flydsl_bmm_mxfp8_mfma_t16x32x256_w1x2_nb4_sk4,4.78,2389.78,0.0005
gfx950,256,2,2048,7168,128x128,flydsl,bmm,4,6.084,flydsl_bmm_mxfp8_mfma_t16x32x256_w1x2_nb4_sk4_sps,9.65,2416.59,0.0015
gfx950,256,4,2048,7168,128x128,flydsl,bmm,4,6.063,flydsl_bmm_mxfp8_mfma_t16x32x256_w1x2_nb5_sk4_sps,19.37,2428.68,0.001
gfx950,256,8,2048,7168,128x128,flydsl,bmm,4,6.085,flydsl_bmm_mxfp8_mfma_t16x32x256_w1x2_nb5_sk4_sps,38.6,2427.41,0.0007
gfx950,256,16,2048,7168,128x128,flydsl,bmm,4,6.091,flydsl_bmm_mxfp8_mfma_t16x32x256_w1x2_nb5_sk4_xcd_sps,77.12,2439.91,0.0006
gfx950,256,32,2048,7168,128x128,flydsl,bmm,4,6.831,flydsl_bmm_mxfp8_mfma_t32x32x256_w1x2_nb4_sk4_sps,137.54,2202.14,0.0008
gfx950,256,48,2048,7168,128x128,flydsl,bmm,4,7.341,flydsl_bmm_mxfp8_mfma_t48x32x256_w1x2_nb4_sk4_sps,191.96,2073.75,0.0009
gfx950,256,64,2048,7168,128x128,flydsl,bmm,2,8.86,flydsl_bmm_mxfp8_mfma_t64x16x512_w4x1_nb3_sk2,212.09,1738.86,0.001
gfx950,256,80,2048,7168,128x128,flydsl,bmm,4,9.774,flydsl_bmm_mxfp8_mfma_t64x64x256_w2x2_nb3_sk4,240.3,1594.64,0.0008
gfx950,256,96,2048,7168,128x128,flydsl,bmm,4,9.86,flydsl_bmm_mxfp8_mfma_t64x64x256_w2x2_nb3_sk4,285.86,1599.19,0.0009
gfx950,256,112,2048,7168,128x128,flydsl,bmm,4,10.019,flydsl_bmm_mxfp8_mfma_t64x64x256_w2x2_nb3_sk4_xcd,328.22,1591.88,0.0009
gfx950,256,128,2048,7168,128x128,flydsl,bmm,4,10.157,flydsl_bmm_mxfp8_mfma_t64x64x256_w2x2_nb3_sk4,370.0,1588.05,0.0009
gfx950,256,144,2048,7168,128x128,flydsl,bmm,4,11.533,flydsl_bmm_mxfp8_mfma_t96x64x256_w2x2_nb3_sk4,366.58,1414.25,0.0008
gfx950,256,160,2048,7168,128x128,flydsl,bmm,4,11.582,flydsl_bmm_mxfp8_mfma_t96x64x256_w2x2_nb3_sk4,405.59,1423.93,0.0009
gfx950,256,176,2048,7168,128x128,flydsl,bmm,4,11.848,flydsl_bmm_mxfp8_mfma_t96x64x256_w2x2_nb3_sk4_xcd,436.12,1407.21,0.0008
gfx950,256,192,2048,7168,128x128,flydsl,bmm,4,12.119,flydsl_bmm_mxfp8_mfma_t96x64x256_w2x4_nb3_sk4_xcd,465.15,1390.73,0.0008
gfx950,256,208,2048,7168,128x128,flydsl,bmm,2,12.575,flydsl_bmm_mxfp8_mfma_t64x64x128_w2x2_nb5_sk2,485.63,1354.68,0.0008
gfx950,256,224,2048,7168,128x128,flydsl,bmm,2,13.139,flydsl_bmm_mxfp8_mfma_t64x64x128_w2x2_nb5_sk2,500.56,1310.38,0.0008
gfx950,256,240,2048,7168,128x128,flydsl,bmm,2,13.118,flydsl_bmm_mxfp8_mfma_t64x64x128_w4x2_nb5_sk2_xcd,537.16,1326.25,0.0009
gfx950,256,256,2048,7168,128x128,flydsl,bmm,2,12.894,flydsl_bmm_mxfp8_mfma_t64x64x128_w4x1_nb5_sk2_xcd,582.94,1363.38,0.0009
gfx950,256,288,2048,7168,128x128,flydsl,bmm,2,15.995,flydsl_bmm_mxfp8_mfma_t96x64x128_w2x2_nb6_sk2_xcd,528.64,1121.66,0.0009
gfx950,256,320,2048,7168,128x128,flydsl,bmm,2,16.571,flydsl_bmm_mxfp8_mfma_t96x64x128_w2x2_nb6_sk2_xcd,566.98,1104.56,0.0008
gfx950,256,352,2048,7168,128x128,flydsl,bmm,2,16.209,flydsl_bmm_mxfp8_mfma_t96x64x128_w2x2_nb4_sk2_xcd,637.59,1151.54,0.0009
gfx950,256,384,2048,7168,128x128,flydsl,bmm,2,16.455,flydsl_bmm_mxfp8_mfma_t96x64x128_w2x2_nb6_sk2,685.18,1156.38,0.0009
gfx950,256,416,2048,7168,128x128,flydsl,bmm,2,17.609,flydsl_bmm_mxfp8_mfma_t128x64x128_w4x2_nb5_sk2_xcd,693.61,1101.14,0.0008
gfx950,256,448,2048,7168,128x128,flydsl,bmm,2,17.517,flydsl_bmm_mxfp8_mfma_t128x64x128_w4x2_nb5_sk2,750.91,1127.63,0.0009
gfx950,256,480,2048,7168,128x128,flydsl,bmm,2,17.75,flydsl_bmm_mxfp8_mfma_t128x64x128_w4x2_nb5_sk2_xcd,793.96,1133.21,0.0008
gfx950,256,512,2048,7168,128x128,flydsl,bmm,2,18.388,flydsl_bmm_mxfp8_mfma_t128x64x128_w2x2_nb4_sk2_xcd,817.5,1113.58,0.0009
gfx950,256,544,2048,7168,128x128,flydsl,bmm,2,22.382,flydsl_bmm_mxfp8_mfma_t96x128x128_w2x2_nb4_sk2,713.6,931.06,0.0009
gfx950,256,576,2048,7168,128x128,flydsl,bmm,2,22.588,flydsl_bmm_mxfp8_mfma_t96x128x128_w2x2_nb4_sk2,748.68,938.6,0.0009
gfx950,256,608,2048,7168,128x128,flydsl,bmm,2,23.869,flydsl_bmm_mxfp8_mfma_t128x128x128_w4x2_nb4_sk2,747.86,903.4,0.0009
gfx950,256,640,2048,7168,128x128,flydsl,bmm,2,24.492,flydsl_bmm_mxfp8_mfma_t128x128x128_w4x2_nb4_sk2_xcd,767.22,895.23,0.0009
gfx950,256,672,2048,7168,128x128,flydsl,bmm,2,24.489,flydsl_bmm_mxfp8_mfma_t128x128x128_w4x2_nb4_sk2,805.68,910.13,0.0008
gfx950,256,704,2048,7168,128x128,flydsl,bmm,2,24.513,flydsl_bmm_mxfp8_mfma_t128x128x128_w4x2_nb4_sk2,843.22,924.02,0.0009
gfx950,256,736,2048,7168,128x128,flydsl,bmm,2,24.563,flydsl_bmm_mxfp8_mfma_t128x128x128_w4x2_nb4_sk2,879.75,936.89,0.0009
gfx950,256,768,2048,7168,128x128,flydsl,bmm,2,25.32,flydsl_bmm_mxfp8_mfma_t128x128x128_w4x2_nb4_sk2_xcd,890.54,923.17,0.0009
gfx950,256,800,2048,7168,128x128,flydsl,bmm,1,25.669,flydsl_bmm_mxfp8_mfma_t64x128x256_w1x4_nb5_sk1_bd2_xcd,915.03,924.72,0.0009
gfx950,256,832,2048,7168,128x128,flydsl,bmm,1,26.603,flydsl_bmm_mxfp8_mfma_t64x128x256_w1x4_nb6_sk1_bd2_xcd,918.24,905.89,0.0009
gfx950,256,864,2048,7168,128x128,flydsl,bmm,1,25.416,flydsl_bmm_mxfp8_mfma_t64x128x256_w1x4_nb4_sk1_bd2_xcd,998.07,962.44,0.0009
gfx950,256,896,2048,7168,128x128,flydsl,bmm,1,26.907,flydsl_bmm_mxfp8_mfma_t64x128x128_w1x4_nb6_sk1_bd2,977.7,922.58,0.0008
gfx950,256,928,2048,7168,128x128,flydsl,bmm,1,26.115,flydsl_bmm_mxfp8_mfma_t64x128x128_w1x4_nb9_sk1_bd2_xcd,1043.3,964.41,0.0009
gfx950,256,960,2048,7168,128x128,flydsl,bmm,1,27.308,flydsl_bmm_mxfp8_mfma_t64x128x128_w1x4_nb6_sk1_bd2_xcd,1032.16,935.57,0.0008
gfx950,256,992,2048,7168,128x128,flydsl,bmm,1,26.397,flydsl_bmm_mxfp8_mfma_t64x128x128_w1x4_nb7_sk1_bd3,1103.35,981.56,0.0009
gfx950,256,1024,2048,7168,128x128,flydsl,bmm,1,27.428,flydsl_bmm_mxfp8_mfma_t64x128x128_w1x4_nb8_sk1_bd3,1096.14,957.88,0.0009
gfx950,256,1088,2048,7168,128x128,flydsl,bmm,1,31.1,flydsl_bmm_mxfp8_mfma_t96x128x128_w1x4_nb8_sk1_bd3,1027.13,868.07,0.0009
gfx950,256,1152,2048,7168,128x128,flydsl,bmm,1,32.211,flydsl_bmm_mxfp8_mfma_t96x128x128_w1x4_nb8_sk1_bd2_xcd,1050.05,860.64,0.0009
gfx950,256,1216,2048,7168,128x128,flydsl,bmm,1,31.688,flydsl_bmm_mxfp8_mfma_t96x128x128_w1x4_nb8_sk1_bd2_xcd,1126.68,897.7,0.0009
gfx950,256,1280,2048,7168,128x128,flydsl,bmm,1,32.432,flydsl_bmm_mxfp8_mfma_t96x128x128_w1x4_nb4_sk1_bd2_xcd,1158.76,899.44,0.0009
gfx950,256,1344,2048,7168,128x128,flydsl,bmm,1,33.076,flydsl_bmm_mxfp8_mfma_t96x128x128_w1x4_nb8_sk1_bd2_xcd,1192.99,903.82,0.0008
gfx950,256,1408,2048,7168,128x128,flydsl,bmm,1,33.43,flydsl_bmm_mxfp8_mfma_t96x128x128_w1x4_nb9_sk1_bd2_xcd,1236.57,915.92,0.0009
gfx950,256,1472,2048,7168,128x128,flydsl,bmm,1,33.945,flydsl_bmm_mxfp8_mfma_t96x128x128_w1x4_nb4_sk1_bd3,1273.19,923.38,0.0009
gfx950,256,1536,2048,7168,128x128,flydsl,bmm,1,34.159,flydsl_bmm_mxfp8_mfma_t96x128x128_w1x4_nb8_sk1_bd2,1320.2,938.79,0.0008
gfx950,256,1600,2048,7168,128x128,flydsl,bmm,1,37.96,flydsl_bmm_mxfp8_mfma_t128x128x128_w4x2_nb4_sk1_xcd,1237.52,863.88,0.0008
gfx950,256,1664,2048,7168,128x128,flydsl,bmm,1,38.374,flydsl_bmm_mxfp8_mfma_t128x128x128_w4x2_nb4_sk1_xcd,1273.14,873.45,0.0009
gfx950,256,1728,2048,7168,128x128,flydsl,bmm,1,40.401,flydsl_bmm_mxfp8_mfma_t128x128x128_w1x4_nb4_sk1_bd2_xcd,1255.76,847.54,0.0009
gfx950,256,1792,2048,7168,128x128,flydsl,bmm,1,40.029,flydsl_bmm_mxfp8_mfma_t128x128x128_w4x2_nb4_sk1_xcd,1314.4,873.54,0.0008
gfx950,256,1856,2048,7168,128x128,flydsl,bmm,1,41.766,flydsl_bmm_mxfp8_mfma_t128x128x128_w4x2_nb4_sk1_xcd,1304.7,854.54,0.0009
gfx950,256,1920,2048,7168,128x128,flydsl,bmm,1,41.342,flydsl_bmm_mxfp8_mfma_t128x128x128_w4x2_nb4_sk1_xcd,1363.54,880.83,0.0008
gfx950,256,1984,2048,7168,128x128,flydsl,bmm,1,40.005,flydsl_bmm_mxfp8_mfma_t128x128x128_w1x4_nb4_sk1_bd3_xcd,1456.1,928.39,0.0008
gfx950,256,2048,2048,7168,128x128,flydsl,bmm,1,43.231,flydsl_bmm_mxfp8_mfma_t128x128x128_w4x2_nb4_sk1_xcd,1390.9,875.87,0.0008
gfx950,256,4096,2048,7168,128x128,flydsl,bmm,1,66.366,flydsl_bmm_mxfp8_mfma_t128x256x128_w1x4_nb4_sk1_bd3_xcd,1812.07,919.87,0.0009
gfx950,256,6144,2048,7168,128x128,flydsl,bmm,1,94.108,flydsl_bmm_mxfp8_mfma_t192x256x128_w1x4_nb4_sk1_bd3_xcd,1916.83,895.05,0.0009
gfx950,256,8192,2048,7168,128x128,flydsl,bmm,1,124.352,flydsl_bmm_mxfp8_mfma_t128x256x128_w1x2_nb2_sk1_bd1,1934.17,863.79,0.0009
gfx950,256,10240,2048,7168,128x128,flydsl,bmm,1,164.619,flydsl_bmm_mxfp8_mfma_t128x128x128_w1x4_nb3_sk1_bd2,1826.32,793.33,0.0009
gfx950,256,12288,2048,7168,128x128,flydsl,bmm,1,174.838,flydsl_bmm_mxfp8_mfma_t192x256x128_w1x4_nb4_sk1_bd2,2063.49,879.56,0.0009
gfx950,256,14336,2048,7168,128x128,flydsl,bmm,1,207.015,flydsl_bmm_mxfp8_mfma_t224x256x128_w1x4_nb2_sk1_bd1_xcd,2033.21,854.84,0.0009
gfx950,256,16384,2048,7168,128x128,flydsl,bmm,1,231.663,flydsl_bmm_mxfp8_mfma_t256x256x128_w1x4_nb2_sk1_bd1_xcd,2076.45,863.96,0.0009
gfx950,256,32768,2048,7168,128x128,flydsl,bmm,1,449.456,flydsl_bmm_mxfp8_mfma_t256x256x128_w1x4_nb2_sk1_bd1_xcd,2140.53,857.96,0.0009
gfx950,256,1,6144,7168,128x128,flydsl,bmm,1,9.484,flydsl_bmm_mxfp8_mfma_t16x32x512_w1x2_nb7_sk1_bd3_nt_sps,9.29,4645.8,0.0016
gfx950,256,2,6144,7168,128x128,flydsl,bmm,1,9.298,flydsl_bmm_mxfp8_mfma_t16x32x512_w1x1_nb6_sk1_bd2_nt_sps,18.95,4740.83,0.0006
gfx950,256,4,6144,7168,128x128,flydsl,bmm,1,9.369,flydsl_bmm_mxfp8_mfma_t16x32x512_w1x1_nb7_sk1_bd3_nt,37.6,4709.21,0.0007
gfx950,256,8,6144,7168,128x128,flydsl,bmm,1,9.471,flydsl_bmm_mxfp8_mfma_t16x32x512_w1x1_nb7_sk1_bd2_nt,74.4,4666.72,0.0007
gfx950,256,16,6144,7168,128x128,flydsl,bmm,1,9.903,flydsl_bmm_mxfp8_mfma_t16x32x512_w1x1_nb6_sk1_bd2_nt,142.31,4478.96,0.0009
gfx950,256,32,6144,7168,128x128,flydsl,bmm,2,11.401,flydsl_bmm_mxfp8_mfma_t32x64x128_w2x2_nb6_sk2_nt,247.21,3917.71,0.0008
gfx950,256,48,6144,7168,128x128,flydsl,bmm,2,12.819,flydsl_bmm_mxfp8_mfma_t64x64x128_w4x2_nb6_sk2_nt_xcd,329.8,3508.72,0.0008
gfx950,256,64,6144,7168,128x128,flydsl,bmm,2,12.716,flydsl_bmm_mxfp8_mfma_t64x64x128_w4x1_nb6_sk2_nt_xcd,443.32,3561.84,0.0008
gfx950,256,80,6144,7168,128x128,flydsl,bmm,2,15.869,flydsl_bmm_mxfp8_mfma_t96x64x128_w2x2_nb7_sk2_nt,444.04,2873.81,0.0009
gfx950,256,96,6144,7168,128x128,flydsl,bmm,2,15.95,flydsl_bmm_mxfp8_mfma_t96x64x128_w2x2_nb7_sk2_nt_xcd,530.12,2878.66,0.0008
gfx950,256,112,6144,7168,128x128,flydsl,bmm,1,18.063,flydsl_bmm_mxfp8_mfma_t64x64x256_w1x4_nb5_sk1_bd2,546.15,2559.28,0.0009
gfx950,256,128,6144,7168,128x128,flydsl,bmm,1,19.374,flydsl_bmm_mxfp8_mfma_t64x64x128_w4x1_nb5_sk1_xcd,581.92,2402.19,0.0009
gfx950,256,144,6144,7168,128x128,flydsl,bmm,1,22.085,flydsl_bmm_mxfp8_mfma_t96x64x256_w1x4_nb5_sk1_bd2_xcd,574.3,2121.46,0.0009
gfx950,256,160,6144,7168,128x128,flydsl,bmm,1,21.913,flydsl_bmm_mxfp8_mfma_t96x64x256_w1x4_nb5_sk1_bd2,643.11,2152.32,0.0009
gfx950,256,176,6144,7168,128x128,flydsl,bmm,1,21.998,flydsl_bmm_mxfp8_mfma_t96x64x256_w1x4_nb4_sk1_bd2,704.71,2158.26,0.0008
gfx950,256,192,6144,7168,128x128,flydsl,bmm,1,22.955,flydsl_bmm_mxfp8_mfma_t96x64x128_w1x4_nb5_sk1_bd2,736.71,2081.83,0.0009
gfx950,256,208,6144,7168,128x128,flydsl,bmm,2,24.492,flydsl_bmm_mxfp8_mfma_t128x128x128_w4x2_nb4_sk2,748.01,1963.92,0.0009
gfx950,256,224,6144,7168,128x128,flydsl,bmm,2,24.767,flydsl_bmm_mxfp8_mfma_t128x128x128_w4x2_nb4_sk2,796.61,1954.73,0.0008
gfx950,256,240,6144,7168,128x128,flydsl,bmm,2,24.975,flydsl_bmm_mxfp8_mfma_t128x128x128_w4x2_nb4_sk2_xcd,846.41,1950.96,0.0009
gfx950,256,256,6144,7168,128x128,flydsl,bmm,2,25.755,flydsl_bmm_mxfp8_mfma_t128x128x128_w4x2_nb4_sk2,875.5,1904.02,0.0009
gfx950,256,288,6144,7168,128x128,flydsl,bmm,1,32.208,flydsl_bmm_mxfp8_mfma_t96x128x128_w1x4_nb4_sk1_xcd,787.6,1541.92,0.0008
gfx950,256,320,6144,7168,128x128,flydsl,bmm,1,32.558,flydsl_bmm_mxfp8_mfma_t96x128x128_w1x4_nb4_sk1_bd2_xcd,865.71,1544.53,0.0009
gfx950,256,352,6144,7168,128x128,flydsl,bmm,1,32.448,flydsl_bmm_mxfp8_mfma_t96x128x128_w1x4_nb4_sk1_bd2,955.51,1569.01,0.0009
gfx950,256,384,6144,7168,128x128,flydsl,bmm,1,33.088,flydsl_bmm_mxfp8_mfma_t96x128x128_w1x4_nb5_sk1_bd2_xcd,1022.21,1557.53,0.0008
gfx950,256,416,6144,7168,128x128,flydsl,bmm,1,35.735,flydsl_bmm_mxfp8_mfma_t96x128x128_w1x4_nb5_sk1_bd2_xcd,1025.37,1459.64,0.0008
gfx950,256,448,6144,7168,128x128,flydsl,bmm,1,35.958,flydsl_bmm_mxfp8_mfma_t96x128x128_w1x4_nb4_sk1_bd2_xcd,1097.4,1467.96,0.0008
gfx950,256,480,6144,7168,128x128,flydsl,bmm,1,36.208,flydsl_bmm_mxfp8_mfma_t96x128x128_w1x4_nb5_sk1_bd2_xcd,1167.65,1475.04,0.0009
gfx950,256,512,6144,7168,128x128,flydsl,bmm,1,38.437,flydsl_bmm_mxfp8_mfma_t128x128x128_w4x2_nb4_sk1_xcd,1173.28,1405.76,0.0009
gfx950,256,544,6144,7168,128x128,flydsl,bmm,1,41.406,flydsl_bmm_mxfp8_mfma_t128x128x128_w4x2_nb4_sk1,1157.23,1320.05,0.0009
gfx950,256,576,6144,7168,128x128,flydsl,bmm,1,42.536,flydsl_bmm_mxfp8_mfma_t128x128x128_w4x2_nb3_sk1,1192.75,1299.66,0.0009
gfx950,256,608,6144,7168,128x128,flydsl,bmm,1,42.284,flydsl_bmm_mxfp8_mfma_t128x128x128_w4x2_nb4_sk1,1266.49,1322.14,0.0009
gfx950,256,640,6144,7168,128x128,flydsl,bmm,1,43.148,flydsl_bmm_mxfp8_mfma_t128x128x128_w4x2_nb4_sk1_xcd,1306.45,1310.14,0.0008
gfx950,256,672,6144,7168,128x128,flydsl,bmm,1,52.037,flydsl_bmm_mxfp8_mfma_t112x128x128_w1x2_nb4_sk1_bd2_xcd,1137.46,1098.35,0.0008
gfx950,256,704,6144,7168,128x128,flydsl,bmm,1,54.308,flydsl_bmm_mxfp8_mfma_t112x128x128_w1x2_nb4_sk1_bd3_xcd,1141.8,1063.92,0.0008
gfx950,256,736,6144,7168,128x128,flydsl,bmm,1,54.749,flydsl_bmm_mxfp8_mfma_t112x128x128_w1x2_nb3_sk1_bd2_xcd,1184.08,1066.76,0.0009
gfx950,256,768,6144,7168,128x128,flydsl,bmm,1,54.507,flydsl_bmm_mxfp8_mfma_t112x128x128_w1x2_nb4_sk1_bd2_xcd,1241.05,1082.95,0.0009
gfx950,256,800,6144,7168,128x128,flydsl,bmm,1,56.61,flydsl_bmm_mxfp8_mfma_t96x128x128_w1x2_nb3_sk1_bd2_xcd,1244.74,1053.75,0.0009
gfx950,256,832,6144,7168,128x128,flydsl,bmm,1,55.912,flydsl_bmm_mxfp8_mfma_t96x128x128_w1x2_nb3_sk1_bd2_xcd,1310.69,1078.07,0.0009
gfx950,256,864,6144,7168,128x128,flydsl,bmm,1,56.675,flydsl_bmm_mxfp8_mfma_t96x128x128_w1x2_nb4_sk1_bd3_xcd,1342.78,1074.58,0.0009
gfx950,256,896,6144,7168,128x128,flydsl,bmm,1,58.818,flydsl_bmm_mxfp8_mfma_t96x128x128_w1x2_nb3_sk1_bd2_xcd,1341.76,1046.03,0.0009
gfx950,256,928,6144,7168,128x128,flydsl,bmm,1,58.53,flydsl_bmm_mxfp8_mfma_t96x256x128_w1x4_nb4_sk1_bd3_xcd,1396.53,1061.85,0.0008
gfx950,256,960,6144,7168,128x128,flydsl,bmm,1,58.74,flydsl_bmm_mxfp8_mfma_t96x256x128_w1x4_nb4_sk1_bd2_xcd,1439.51,1068.68,0.0009
gfx950,256,992,6144,7168,128x128,flydsl,bmm,1,63.391,flydsl_bmm_mxfp8_mfma_t128x256x128_w1x4_nb4_sk1_bd3_xcd,1378.36,1000.12,0.0008
gfx950,256,1024,6144,7168,128x128,flydsl,bmm,1,63.773,flydsl_bmm_mxfp8_mfma_t128x256x128_w1x4_nb4_sk1_bd2_xcd,1414.3,1003.92,0.0008
gfx950,256,1088,6144,7168,128x128,flydsl,bmm,1,64.294,flydsl_bmm_mxfp8_mfma_t112x128x128_w1x2_nb3_sk1_bd2_xcd,1490.51,1015.21,0.0009
gfx950,256,1152,6144,7168,128x128,flydsl,bmm,1,66.804,flydsl_bmm_mxfp8_mfma_t128x128x128_w1x2_nb4_sk1_bd3_xcd,1518.9,995.76,0.0009
gfx950,256,1216,6144,7168,128x128,flydsl,bmm,1,67.539,flydsl_bmm_mxfp8_mfma_t128x256x128_w1x4_nb4_sk1_bd3,1585.84,1003.41,0.0009
gfx950,256,1280,6144,7168,128x128,flydsl,bmm,1,67.793,flydsl_bmm_mxfp8_mfma_t128x256x128_w1x4_nb3_sk1_bd2,1663.04,1018.07,0.0009
gfx950,256,1344,6144,7168,128x128,flydsl,bmm,1,81.003,flydsl_bmm_mxfp8_mfma_t192x256x128_w1x4_nb4_sk1_bd3_xcd,1461.43,867.46,0.0009
gfx950,256,1408,6144,7168,128x128,flydsl,bmm,1,83.637,flydsl_bmm_mxfp8_mfma_t192x256x128_w1x4_nb4_sk1_bd3_xcd,1482.8,855.07,0.0009
gfx950,256,1472,6144,7168,128x128,flydsl,bmm,1,84.158,flydsl_bmm_mxfp8_mfma_t192x256x128_w1x4_nb4_sk1_bd3,1540.6,864.61,0.0009
gfx950,256,1536,6144,7168,128x128,flydsl,bmm,1,85.02,flydsl_bmm_mxfp8_mfma_t192x256x128_w1x4_nb4_sk1_bd3_xcd,1591.3,870.54,0.0009
gfx950,256,1600,6144,7168,128x128,flydsl,bmm,1,87.882,flydsl_bmm_mxfp8_mfma_t192x256x128_w1x4_nb4_sk1_bd3_xcd,1603.62,856.4,0.0009
gfx950,256,1664,6144,7168,128x128,flydsl,bmm,1,88.593,flydsl_bmm_mxfp8_mfma_t192x256x128_w1x4_nb4_sk1_bd2,1654.37,863.62,0.0008
gfx950,256,1728,6144,7168,128x128,flydsl,bmm,1,89.743,flydsl_bmm_mxfp8_mfma_t192x256x128_w1x4_nb4_sk1_bd2_xcd,1695.98,866.47,0.0009
gfx950,256,1792,6144,7168,128x128,flydsl,bmm,1,91.466,flydsl_bmm_mxfp8_mfma_t192x256x128_w1x4_nb4_sk1_bd2_xcd,1725.67,863.8,0.0009
gfx950,256,1856,6144,7168,128x128,flydsl,bmm,1,90.908,flydsl_bmm_mxfp8_mfma_t192x256x128_w1x4_nb4_sk1_bd3_xcd,1798.26,882.84,0.0009
gfx950,256,1920,6144,7168,128x128,flydsl,bmm,1,91.395,flydsl_bmm_mxfp8_mfma_t192x256x128_w1x4_nb4_sk1_bd3_xcd,1850.36,891.8,0.0008
gfx950,256,1984,6144,7168,128x128,flydsl,bmm,1,102.702,flydsl_bmm_mxfp8_mfma_t128x128x128_w1x4_nb4_sk1_bd2,1701.53,805.77,0.0009
gfx950,256,2048,6144,7168,128x128,flydsl,bmm,1,104.042,flydsl_bmm_mxfp8_mfma_t128x128x128_w1x4_nb3_sk1_bd2,1733.8,807.4,0.0009
gfx950,256,4096,6144,7168,128x128,flydsl,bmm,1,175.623,flydsl_bmm_mxfp8_mfma_t128x256x128_w1x4_nb4_sk1_bd3,2054.27,705.85,0.0009
gfx950,256,6144,6144,7168,128x128,flydsl,bmm,1,241.97,flydsl_bmm_mxfp8_mfma_t192x256x128_w1x4_nb4_sk1_bd3,2236.5,677.46,0.0009
gfx950,256,8192,6144,7168,128x128,flydsl,bmm,1,321.984,flydsl_bmm_mxfp8_mfma_t128x256x128_w1x2_nb2_sk1_bd1,2240.96,633.21,0.0009
gfx950,256,10240,6144,7168,128x128,flydsl,bmm,1,406.41,flydsl_bmm_mxfp8_mfma_t128x256x128_w1x2_nb2_sk1_bd1,2219.3,600.0,0.0009
gfx950,256,12288,6144,7168,128x128,flydsl,bmm,1,465.027,flydsl_bmm_mxfp8_mfma_t192x256x128_w1x4_nb3_sk1_bd2,2327.46,610.3,0.0009
gfx950,256,14336,6144,7168,128x128,flydsl,bmm,1,556.102,flydsl_bmm_mxfp8_mfma_t112x256x128_w1x2_nb2_sk1_bd1,2270.66,582.21,0.0009
gfx950,256,16384,6144,7168,128x128,flydsl,bmm,1,628.378,flydsl_bmm_mxfp8_mfma_t112x256x128_w1x2_nb3_sk1_bd2,2296.56,578.84,0.0009
gfx950,256,20480,6144,7168,128x128,flydsl,bmm,1,785.917,flydsl_bmm_mxfp8_mfma_t112x256x128_w1x2_nb3_sk1_bd2_xcd,2295.26,564.5,0.0009
gfx950,256,24576,6144,7168,128x128,flydsl,bmm,1,941.748,flydsl_bmm_mxfp8_mfma_t112x256x128_w1x2_nb3_sk1_bd2,2298.56,555.96,0.0009
gfx950,256,28672,6144,7168,128x128,flydsl,bmm,1,1072.013,flydsl_bmm_mxfp8_mfma_t112x256x128_w1x2_nb3_sk1_bd2,2355.79,562.95,0.0009
gfx950,256,32768,6144,7168,128x128,flydsl,bmm,1,1263.288,flydsl_bmm_mxfp8_mfma_t112x256x128_w1x2_nb3_sk1_bd2_xcd,2284.69,540.98,0.0009
gfx950,256,40960,6144,7168,128x128,flydsl,bmm,1,1587.746,flydsl_bmm_mxfp8_mfma_t112x256x128_w1x2_nb3_sk1_bd2_xcd,2272.26,531.1,0.0009
gfx950,256,49152,6144,7168,128x128,flydsl,bmm,1,1916.416,flydsl_bmm_mxfp8_mfma_t256x256x128_w1x4_nb3_sk1_bd1_xcd_sps,2259.07,523.42,0.0009
gfx950,256,57344,6144,7168,128x128,flydsl,bmm,1,2232.008,flydsl_bmm_mxfp8_mfma_t256x256x128_w1x4_nb2_sk1_bd1_xcd_sps,2262.93,521.03,0.0009
gfx950,256,65536,6144,7168,128x128,flydsl,bmm,1,2569.889,flydsl_bmm_mxfp8_mfma_t256x256x128_w1x4_nb2_sk1_bd1_xcd_sps,2246.18,514.72,0.0009
gfx950,256,1,7168,384,128x128,flydsl,bmm,1,3.33,flydsl_bmm_mxfp8_mfma_t16x32x128_w1x1_nb4_sk1_nt,1.65,831.09,0.0007
gfx950,256,2,7168,384,128x128,flydsl,bmm,1,3.361,flydsl_bmm_mxfp8_mfma_t16x32x128_w1x1_nb4_sk1_nt_sps,3.28,827.65,0.0003
gfx950,256,4,7168,384,128x128,flydsl,bmm,1,3.275,flydsl_bmm_mxfp8_mfma_t16x32x128_w1x2_nb4_sk1_nt_sps,6.72,858.56,0.0005
gfx950,256,8,7168,384,128x128,flydsl,bmm,1,3.359,flydsl_bmm_mxfp8_mfma_t16x32x128_w1x2_nb4_sk1_nt_sps,13.11,854.55,0.0005
gfx950,256,16,7168,384,128x128,flydsl,bmm,1,3.472,flydsl_bmm_mxfp8_mfma_t16x32x128_w1x1_nb4_sk1_nt,25.37,860.56,0.0003
gfx950,256,32,7168,384,128x128,flydsl,bmm,1,3.57,flydsl_bmm_mxfp8_mfma_t32x32x128_w1x1_nb4_sk1_nt_sps,49.34,903.01,0.0003
gfx950,256,48,7168,384,128x128,flydsl,bmm,1,3.711,flydsl_bmm_mxfp8_mfma_t48x32x128_w1x2_nb4_sk1_nt,71.21,932.32,0.0004
gfx950,256,64,7168,384,128x128,flydsl,bmm,1,3.917,flydsl_bmm_mxfp8_mfma_t64x32x128_w1x2_nb4_sk1_nt,89.96,943.4,0.0004
gfx950,256,80,7168,384,128x128,flydsl,bmm,1,4.076,flydsl_bmm_mxfp8_mfma_t64x64x128_w2x2_nb4_sk1_xcd_sps,108.05,964.29,0.0003
gfx950,256,96,7168,384,128x128,flydsl,bmm,1,4.189,flydsl_bmm_mxfp8_mfma_t64x64x128_w2x2_nb4_sk1_xcd_sps,126.16,994.55,0.0004
gfx950,256,112,7168,384,128x128,flydsl,bmm,1,4.234,flydsl_bmm_mxfp8_mfma_t64x64x128_w1x4_nb4_sk1_xcd_sps,145.61,1039.49,0.0004
gfx950,256,128,7168,384,128x128,flydsl,bmm,1,4.299,flydsl_bmm_mxfp8_mfma_t64x64x128_w4x1_nb4_sk1_xcd_sps,163.92,1078.72,0.0004
gfx950,256,144,7168,384,128x128,flydsl,bmm,1,4.479,flydsl_bmm_mxfp8_mfma_t96x64x128_w2x2_nb4_sk1_xcd_sps,176.99,1087.91,0.0003
gfx950,256,160,7168,384,128x128,flydsl,bmm,1,4.55,flydsl_bmm_mxfp8_mfma_t96x64x128_w1x4_nb4_sk1_xcd_sps,193.56,1122.61,0.0003
gfx950,256,176,7168,384,128x128,flydsl,bmm,1,4.669,flydsl_bmm_mxfp8_mfma_t96x64x128_w1x4_nb4_sk1_xcd_sps,207.53,1144.65,0.0003
gfx950,256,192,7168,384,128x128,flydsl,bmm,1,4.793,flydsl_bmm_mxfp8_mfma_t96x64x128_w2x2_nb4_sk1_xcd_sps,220.52,1164.05,0.0003
gfx950,256,208,7168,384,128x128,flydsl,bmm,1,4.905,flydsl_bmm_mxfp8_mfma_t128x64x128_w1x4_nb4_sk1_bd1_xcd_sps,233.44,1185.53,0.0004
gfx950,256,224,7168,384,128x128,flydsl,bmm,1,4.976,flydsl_bmm_mxfp8_mfma_t128x64x128_w1x4_nb4_sk1_bd1_xcd_sps,247.83,1216.04,0.0004
gfx950,256,240,7168,384,128x128,flydsl,bmm,1,5.087,flydsl_bmm_mxfp8_mfma_t128x64x128_w1x4_nb4_sk1_bd1_xcd_sps,259.73,1235.78,0.0003
gfx950,256,256,7168,384,128x128,flydsl,bmm,1,5.212,flydsl_bmm_mxfp8_mfma_t128x64x128_w1x4_nb4_sk1_bd1_sps,270.39,1251.31,0.0004
gfx950,256,288,7168,384,128x128,flydsl,bmm,1,5.806,flydsl_bmm_mxfp8_mfma_t192x64x128_w1x4_nb4_sk1_bd1_xcd_sps,273.05,1204.35,0.0004
gfx950,256,320,7168,384,128x128,flydsl,bmm,1,5.81,flydsl_bmm_mxfp8_mfma_t192x64x128_w1x4_nb4_sk1_bd1_xcd,303.18,1284.58,0.0003
gfx950,256,352,7168,384,128x128,flydsl,bmm,1,6.016,flydsl_bmm_mxfp8_mfma_t192x64x128_w1x4_nb4_sk1_bd1,322.09,1318.97,0.0003
gfx950,256,384,7168,384,128x128,flydsl,bmm,1,6.042,flydsl_bmm_mxfp8_mfma_t96x64x128_w1x4_nb4_sk1_bd1,349.86,1391.25,0.0004
gfx950,256,416,7168,384,128x128,flydsl,bmm,1,6.785,flydsl_bmm_mxfp8_mfma_t96x64x128_w1x2_nb4_sk1_bd1,337.54,1308.47,0.0003
gfx950,256,448,7168,384,128x128,flydsl,bmm,1,6.743,flydsl_bmm_mxfp8_mfma_t64x128x128_w1x4_nb4_sk1_bd1,365.77,1386.51,0.0004
gfx950,256,480,7168,384,128x128,flydsl,bmm,1,7.008,flydsl_bmm_mxfp8_mfma_t128x128x128_w1x4_nb4_sk1_bd1,377.08,1401.3,0.0003
gfx950,256,512,7168,384,128x128,flydsl,bmm,1,7.018,flydsl_bmm_mxfp8_mfma_t128x128x128_w1x4_nb4_sk1_bd1_sps,401.62,1466.37,0.0004
gfx950,256,544,7168,384,128x128,flydsl,bmm,1,7.283,flydsl_bmm_mxfp8_mfma_t64x128x128_w1x4_nb3_sk1_bd1,411.17,1477.59,0.0004
gfx950,256,576,7168,384,128x128,flydsl,bmm,1,7.369,flydsl_bmm_mxfp8_mfma_t64x128x128_w1x4_nb3_sk1_bd1,430.3,1524.37,0.0004
gfx950,256,608,7168,384,128x128,flydsl,bmm,1,7.734,flydsl_bmm_mxfp8_mfma_t96x128x128_w1x4_nb3_sk1_bd1,432.79,1513.42,0.0003
gfx950,256,640,7168,384,128x128,flydsl,bmm,1,7.842,flydsl_bmm_mxfp8_mfma_t96x128x128_w1x4_nb3_sk1_bd1,449.3,1552.68,0.0003
gfx950,256,672,7168,384,128x128,flydsl,bmm,1,7.938,flydsl_bmm_mxfp8_mfma_t96x128x128_w1x4_nb3_sk1_bd1,466.03,1593.16,0.0004
gfx950,256,704,7168,384,128x128,flydsl,bmm,1,8.228,flydsl_bmm_mxfp8_mfma_t192x128x128_w1x4_nb4_sk1_bd1,471.04,1594.35,0.0003
gfx950,256,736,7168,384,128x128,flydsl,bmm,1,8.255,flydsl_bmm_mxfp8_mfma_t192x128x128_w1x4_nb4_sk1_bd1_sps,490.83,1646.17,0.0004
gfx950,256,768,7168,384,128x128,flydsl,bmm,1,8.278,flydsl_bmm_mxfp8_mfma_t64x128x128_w1x4_nb4_sk1_bd1,510.72,1698.42,0.0004
gfx950,256,800,7168,384,128x128,flydsl,bmm,1,8.391,flydsl_bmm_mxfp8_mfma_t64x128x128_w1x4_nb4_sk1_bd1,524.87,1731.81,0.0004
gfx950,256,832,7168,384,128x128,flydsl,bmm,1,8.461,flydsl_bmm_mxfp8_mfma_t96x128x128_w1x4_nb3_sk1_bd1_sps,541.32,1773.08,0.0004
gfx950,256,864,7168,384,128x128,flydsl,bmm,1,8.488,flydsl_bmm_mxfp8_mfma_t96x128x128_w1x4_nb3_sk1_bd1_sps,560.35,1822.92,0.0004
gfx950,256,896,7168,384,128x128,flydsl,bmm,1,9.318,flydsl_bmm_mxfp8_mfma_t96x128x128_w1x4_nb3_sk1_bd1_sps,529.36,1711.18,0.0004
gfx950,256,928,7168,384,128x128,flydsl,bmm,1,9.483,flydsl_bmm_mxfp8_mfma_t96x128x128_w1x4_nb3_sk1_bd1_sps,538.7,1731.0,0.0004
gfx950,256,960,7168,384,128x128,flydsl,bmm,1,9.538,flydsl_bmm_mxfp8_mfma_t64x128x128_w1x4_nb3_sk1_bd1_xcd,554.07,1770.43,0.0003
gfx950,256,992,7168,384,128x128,flydsl,bmm,1,9.534,flydsl_bmm_mxfp8_mfma_t64x128x128_w1x4_nb3_sk1_bd1,572.78,1820.59,0.0004
gfx950,256,1024,7168,384,128x128,flydsl,bmm,1,9.628,flydsl_bmm_mxfp8_mfma_t64x128x128_w1x4_nb3_sk1_bd1,585.52,1851.88,0.0004
gfx950,256,1088,7168,384,128x128,flydsl,bmm,1,9.791,flydsl_bmm_mxfp8_mfma_t96x128x128_w1x4_nb3_sk1_bd1,611.72,1917.15,0.0004
gfx950,256,1152,7168,384,128x128,flydsl,bmm,1,9.822,flydsl_bmm_mxfp8_mfma_t64x128x128_w1x4_nb3_sk1_bd1,645.64,2006.99,0.0004
gfx950,256,1216,7168,384,128x128,flydsl,bmm,1,9.972,flydsl_bmm_mxfp8_mfma_t96x128x128_w1x4_nb3_sk1_bd1_sps,671.27,2071.33,0.0003
gfx950,256,1280,7168,384,128x128,flydsl,bmm,1,10.588,flydsl_bmm_mxfp8_mfma_t64x128x128_w1x4_nb3_sk1_bd1_xcd,665.51,2039.85,0.0004
gfx950,256,1344,7168,384,128x128,flydsl,bmm,1,11.062,flydsl_bmm_mxfp8_mfma_t64x128x128_w1x4_nb4_sk1_bd1_xcd,668.86,2037.68,0.0004
gfx950,256,1408,7168,384,128x128,flydsl,bmm,1,11.193,flydsl_bmm_mxfp8_mfma_t64x128x128_w1x4_nb4_sk1_bd1_xcd,692.47,2097.91,0.0004
gfx950,256,1472,7168,384,128x128,flydsl,bmm,1,11.506,flydsl_bmm_mxfp8_mfma_t64x128x128_w1x4_nb4_sk1_bd1_xcd,704.27,2122.79,0.0004
gfx950,256,1536,7168,384,128x128,flydsl,bmm,1,10.82,flydsl_bmm_mxfp8_mfma_t96x128x128_w1x4_nb4_sk1_bd1_xcd,781.49,2344.49,0.0004
gfx950,256,1600,7168,384,128x128,flydsl,bmm,1,11.302,flydsl_bmm_mxfp8_mfma_t96x128x128_w1x4_nb4_sk1_bd1_xcd,779.33,2327.86,0.0003
gfx950,256,1664,7168,384,128x128,flydsl,bmm,1,11.805,flydsl_bmm_mxfp8_mfma_t96x128x128_w1x4_nb4_sk1_bd1_xcd,775.99,2308.55,0.0004
gfx950,256,1728,7168,384,128x128,flydsl,bmm,1,11.571,flydsl_bmm_mxfp8_mfma_t96x128x128_w1x4_nb4_sk1_bd1_xcd,822.09,2436.54,0.0004
gfx950,256,1792,7168,384,128x128,flydsl,bmm,1,14.056,flydsl_bmm_mxfp8_mfma_t96x128x128_w1x4_nb4_sk1_bd1_xcd,701.86,2072.94,0.0004
gfx950,256,1856,7168,384,128x128,flydsl,bmm,1,14.285,flydsl_bmm_mxfp8_mfma_t96x128x128_w1x4_nb4_sk1_bd2_xcd,715.24,2105.58,0.0004
gfx950,256,1920,7168,384,128x128,flydsl,bmm,1,14.157,flydsl_bmm_mxfp8_mfma_t96x128x128_w1x4_nb4_sk1_bd1_xcd,746.58,2191.13,0.0004
gfx950,256,1984,7168,384,128x128,flydsl,bmm,1,14.478,flydsl_bmm_mxfp8_mfma_t96x128x128_w1x4_nb4_sk1_bd2_xcd,754.37,2207.66,0.0003
gfx950,256,2048,7168,384,128x128,flydsl,bmm,1,15.08,flydsl_bmm_mxfp8_mfma_t96x128x128_w1x4_nb4_sk1_bd1_xcd,747.65,2182.12,0.0004
gfx950,256,4096,7168,384,128x128,flydsl,bmm,1,25.397,flydsl_bmm_mxfp8_mfma_t96x128x128_w1x4_nb4_sk1_bd1_xcd,887.84,2482.88,0.0004
gfx950,256,6144,7168,384,128x128,flydsl,bmm,1,36.072,flydsl_bmm_mxfp8_mfma_t96x256x128_w1x4_nb4_sk1_bd1,937.66,2584.05,0.0004
gfx950,256,8192,7168,384,128x128,flydsl,bmm,1,46.939,flydsl_bmm_mxfp8_mfma_t96x256x128_w1x4_nb4_sk1_bd1_xcd,960.75,2628.15,0.0004
gfx950,256,10240,7168,384,128x128,flydsl,bmm,1,57.254,flydsl_bmm_mxfp8_mfma_t96x256x128_w1x4_nb4_sk1_bd1_xcd,984.59,2681.33,0.0004
gfx950,256,12288,7168,384,128x128,flydsl,bmm,1,65.072,flydsl_bmm_mxfp8_mfma_t96x256x128_w1x4_nb4_sk1_bd1_xcd_sps,1039.55,2822.55,0.0004
gfx950,256,14336,7168,384,128x128,flydsl,bmm,1,75.5,flydsl_bmm_mxfp8_mfma_t96x256x128_w1x4_nb4_sk1_bd1_xcd_sps,1045.3,2832.07,0.0003
gfx950,256,16384,7168,384,128x128,flydsl,bmm,1,85.327,flydsl_bmm_mxfp8_mfma_t96x256x128_w1x4_nb4_sk1_bd1_xcd,1057.04,2859.27,0.0004
gfx950,256,32768,7168,384,128x128,flydsl,bmm,1,160.371,flydsl_bmm_mxfp8_mfma_t96x256x128_w1x4_nb4_sk1_bd1_xcd,1124.82,3025.46,0.0004
gfx950,256,1,7168,768,128x128,flydsl,bmm,1,3.885,flydsl_bmm_mxfp8_mfma_t16x32x256_w1x1_nb4_sk1_nt,2.83,1421.11,0.0004
gfx950,256,2,7168,768,128x128,flydsl,bmm,1,3.807,flydsl_bmm_mxfp8_mfma_t16x32x256_w1x1_nb4_sk1_nt_sps,5.78,1453.89,0.0008
gfx950,256,4,7168,768,128x128,flydsl,bmm,1,3.759,flydsl_bmm_mxfp8_mfma_t16x32x256_w1x2_nb4_sk1_nt_sps,11.72,1480.81,0.0005
gfx950,256,8,7168,768,128x128,flydsl,bmm,1,3.826,flydsl_bmm_mxfp8_mfma_t16x32x256_w1x2_nb4_sk1_nt_sps,23.02,1470.6,0.0006
gfx950,256,16,7168,768,128x128,flydsl,bmm,1,3.933,flydsl_bmm_mxfp8_mfma_t16x32x256_w1x2_nb4_sk1_nt_sps,44.79,1461.1,0.0006
gfx950,256,32,7168,768,128x128,flydsl,bmm,1,4.239,flydsl_bmm_mxfp8_mfma_t32x32x256_w1x2_nb4_sk1_nt_sps,83.11,1412.8,0.0006
gfx950,256,48,7168,768,128x128,flydsl,bmm,1,4.547,flydsl_bmm_mxfp8_mfma_t48x32x256_w1x2_nb4_sk1_nt_sps,116.22,1370.15,0.0005
gfx950,256,64,7168,768,128x128,flydsl,bmm,1,4.621,flydsl_bmm_mxfp8_mfma_t64x32x256_w1x2_nb4_sk1_bd2_nt_sps,152.47,1400.52,0.0005
gfx950,256,80,7168,768,128x128,flydsl,bmm,1,5.042,flydsl_bmm_mxfp8_mfma_t64x64x128_w2x2_nb5_sk1_xcd_sps,174.69,1331.59,0.0006
gfx950,256,96,7168,768,128x128,flydsl,bmm,1,5.08,flydsl_bmm_mxfp8_mfma_t64x64x128_w2x2_nb5_sk1_xcd_sps,208.05,1369.2,0.0006
gfx950,256,112,7168,768,128x128,flydsl,bmm,1,5.157,flydsl_bmm_mxfp8_mfma_t64x64x128_w1x4_nb5_sk1_bd2_xcd,239.1,1395.6,0.0006
gfx950,256,128,7168,768,128x128,flydsl,bmm,1,5.232,flydsl_bmm_mxfp8_mfma_t64x64x128_w1x4_nb5_sk1_bd2_xcd,269.36,1421.89,0.0006
gfx950,256,144,7168,768,128x128,flydsl,bmm,1,5.599,flydsl_bmm_mxfp8_mfma_t96x64x128_w1x4_nb6_sk1_bd3_xcd_sps,283.14,1371.78,0.0006
gfx950,256,160,7168,768,128x128,flydsl,bmm,1,5.63,flydsl_bmm_mxfp8_mfma_t96x64x128_w1x4_nb6_sk1_bd2_xcd_sps,312.88,1407.22,0.0006
gfx950,256,176,7168,768,128x128,flydsl,bmm,1,5.781,flydsl_bmm_mxfp8_mfma_t96x64x128_w1x4_nb6_sk1_bd2_xcd,335.2,1412.36,0.0005
gfx950,256,192,7168,768,128x128,flydsl,bmm,1,5.954,flydsl_bmm_mxfp8_mfma_t96x64x128_w1x4_nb6_sk1_bd2,355.06,1411.96,0.0006
gfx950,256,208,7168,768,128x128,flydsl,bmm,1,6.277,flydsl_bmm_mxfp8_mfma_t128x64x128_w1x4_nb5_sk1_bd2_xcd_sps,364.82,1377.69,0.0005
gfx950,256,224,7168,768,128x128,flydsl,bmm,1,6.298,flydsl_bmm_mxfp8_mfma_t128x64x128_w2x2_nb5_sk1_bd2_xcd,391.58,1411.51,0.0006
gfx950,256,240,7168,768,128x128,flydsl,bmm,1,6.468,flydsl_bmm_mxfp8_mfma_t128x64x128_w2x2_nb5_sk1_bd2_xcd,408.53,1411.8,0.0006
gfx950,256,256,7168,768,128x128,flydsl,bmm,1,6.668,flydsl_bmm_mxfp8_mfma_t128x64x128_w2x2_nb5_sk1_bd2_xcd,422.69,1405.72,0.0006
gfx950,256,288,7168,768,128x128,flydsl,bmm,1,7.709,flydsl_bmm_mxfp8_mfma_t192x64x128_w2x2_nb4_sk1_bd2_xcd,411.32,1278.63,0.0006
gfx950,256,320,7168,768,128x128,flydsl,bmm,1,7.788,flydsl_bmm_mxfp8_mfma_t192x64x128_w2x2_nb4_sk1_bd2_xcd,452.4,1327.78,0.0005
gfx950,256,352,7168,768,128x128,flydsl,bmm,1,7.817,flydsl_bmm_mxfp8_mfma_t96x128x128_w1x4_nb4_sk1_bd1,495.79,1384.72,0.0005
gfx950,256,384,7168,768,128x128,flydsl,bmm,1,7.93,flydsl_bmm_mxfp8_mfma_t96x128x128_w1x4_nb4_sk1_bd1_xcd,533.11,1425.84,0.0005
gfx950,256,416,7168,768,128x128,flydsl,bmm,1,8.675,flydsl_bmm_mxfp8_mfma_t128x128x128_w2x2_nb3_sk1,527.97,1359.2,0.0006
gfx950,256,448,7168,768,128x128,flydsl,bmm,1,8.586,flydsl_bmm_mxfp8_mfma_t128x128x128_w1x4_nb4_sk1_bd1_sps,574.48,1429.61,0.0006
gfx950,256,480,7168,768,128x128,flydsl,bmm,1,8.831,flydsl_bmm_mxfp8_mfma_t128x128x128_w1x4_nb4_sk1_bd1_sps,598.43,1444.67,0.0006
gfx950,256,512,7168,768,128x128,flydsl,bmm,1,9.018,flydsl_bmm_mxfp8_mfma_t128x128x128_w1x4_nb4_sk1_bd1_xcd,625.12,1468.42,0.0005
gfx950,256,544,7168,768,128x128,flydsl,bmm,1,10.186,flydsl_bmm_mxfp8_mfma_t64x128x128_w1x4_nb4_sk1_bd1_sps,588.02,1347.47,0.0005
gfx950,256,576,7168,768,128x128,flydsl,bmm,1,10.214,flydsl_bmm_mxfp8_mfma_t64x128x128_w1x4_nb4_sk1_bd1,620.91,1391.14,0.0006
gfx950,256,608,7168,768,128x128,flydsl,bmm,1,10.827,flydsl_bmm_mxfp8_mfma_t192x128x128_w1x4_nb4_sk1_bd1,618.26,1356.95,0.0006
gfx950,256,640,7168,768,128x128,flydsl,bmm,1,10.911,flydsl_bmm_mxfp8_mfma_t192x128x128_w1x4_nb4_sk1_bd1_sps,645.81,1390.87,0.0006
gfx950,256,672,7168,768,128x128,flydsl,bmm,1,10.845,flydsl_bmm_mxfp8_mfma_t192x128x128_w4x2_nb3_sk1,682.24,1443.94,0.0006
gfx950,256,704,7168,768,128x128,flydsl,bmm,1,10.982,flydsl_bmm_mxfp8_mfma_t192x128x128_w4x2_nb3_sk1,705.77,1469.88,0.0006
gfx950,256,736,7168,768,128x128,flydsl,bmm,1,11.078,flydsl_bmm_mxfp8_mfma_t192x128x128_w2x2_nb3_sk1_bd2,731.47,1500.81,0.0005
gfx950,256,768,7168,768,128x128,flydsl,bmm,1,11.173,flydsl_bmm_mxfp8_mfma_t192x128x128_w2x2_nb3_sk1_bd2,756.82,1531.4,0.0006
gfx950,256,800,7168,768,128x128,flydsl,bmm,1,11.433,flydsl_bmm_mxfp8_mfma_t96x128x128_w2x2_nb3_sk1_bd1,770.41,1538.84,0.0005
gfx950,256,832,7168,768,128x128,flydsl,bmm,1,11.456,flydsl_bmm_mxfp8_mfma_t96x128x128_w2x2_nb3_sk1_bd1,799.63,1577.97,0.0005
gfx950,256,864,7168,768,128x128,flydsl,bmm,1,11.318,flydsl_bmm_mxfp8_mfma_t96x128x128_w1x4_nb3_sk1_bd1_xcd,840.48,1639.88,0.0006
gfx950,256,896,7168,768,128x128,flydsl,bmm,1,12.292,flydsl_bmm_mxfp8_mfma_t128x128x128_w1x4_nb2_sk1_sps,802.58,1549.34,0.0005
gfx950,256,928,7168,768,128x128,flydsl,bmm,1,13.135,flydsl_bmm_mxfp8_mfma_t128x128x128_w2x2_nb2_sk1,777.86,1486.66,0.0006
gfx950,256,960,7168,768,128x128,flydsl,bmm,1,13.098,flydsl_bmm_mxfp8_mfma_t128x128x128_w2x2_nb2_sk1,807.0,1527.84,0.0006
gfx950,256,992,7168,768,128x128,flydsl,bmm,1,13.303,flydsl_bmm_mxfp8_mfma_t128x128x128_w2x2_nb2_sk1,821.03,1540.63,0.0005
gfx950,256,1024,7168,768,128x128,flydsl,bmm,1,13.143,flydsl_bmm_mxfp8_mfma_t128x128x128_w1x4_nb3_sk1_bd1,857.84,1596.17,0.0005
gfx950,256,1088,7168,768,128x128,flydsl,bmm,1,13.435,flydsl_bmm_mxfp8_mfma_t128x128x128_w2x2_nb2_sk1_sps,891.64,1633.46,0.0006
gfx950,256,1152,7168,768,128x128,flydsl,bmm,1,13.901,flydsl_bmm_mxfp8_mfma_t128x128x128_w2x2_nb2_sk1_xcd_sps,912.41,1648.22,0.0005
gfx950,256,1216,7168,768,128x128,flydsl,bmm,1,15.994,flydsl_bmm_mxfp8_mfma_t96x128x128_w1x4_nb4_sk1_bd1_sps,837.06,1492.97,0.0006
gfx950,256,1280,7168,768,128x128,flydsl,bmm,1,15.539,flydsl_bmm_mxfp8_mfma_t96x256x128_w1x4_nb4_sk1_bd1_sps,906.94,1598.96,0.0005
gfx950,256,1344,7168,768,128x128,flydsl,bmm,1,15.666,flydsl_bmm_mxfp8_mfma_t96x256x128_w1x4_nb3_sk1_bd1_xcd,944.58,1647.76,0.0005
gfx950,256,1408,7168,768,128x128,flydsl,bmm,1,16.012,flydsl_bmm_mxfp8_mfma_t96x256x128_w1x4_nb3_sk1_bd1_xcd,968.14,1672.48,0.0006
gfx950,256,1472,7168,768,128x128,flydsl,bmm,1,15.828,flydsl_bmm_mxfp8_mfma_t96x256x128_w1x4_nb6_sk1_bd1,1023.92,1753.02,0.0006
gfx950,256,1536,7168,768,128x128,flydsl,bmm,1,15.978,flydsl_bmm_mxfp8_mfma_t96x256x128_w1x4_nb2_sk1_bd1,1058.39,1797.07,0.0006
gfx950,256,1600,7168,768,128x128,flydsl,bmm,1,16.145,flydsl_bmm_mxfp8_mfma_t96x256x128_w1x4_nb2_sk1_bd1,1091.13,1838.45,0.0006
gfx950,256,1664,7168,768,128x128,flydsl,bmm,1,16.167,flydsl_bmm_mxfp8_mfma_t96x256x128_w1x4_nb2_sk1_bd1,1133.23,1895.77,0.0006
gfx950,256,1728,7168,768,128x128,flydsl,bmm,1,16.405,flydsl_bmm_mxfp8_mfma_t96x256x128_w1x4_nb2_sk1_bd1,1159.73,1927.19,0.0006
gfx950,256,1792,7168,768,128x128,flydsl,bmm,1,20.261,flydsl_bmm_mxfp8_mfma_t96x128x128_w1x4_nb4_sk1_bd1,973.8,1608.15,0.0005
gfx950,256,1856,7168,768,128x128,flydsl,bmm,1,19.399,flydsl_bmm_mxfp8_mfma_t112x256x128_w1x2_nb2_sk1_bd1_xcd,1053.41,1729.48,0.0006
gfx950,256,1920,7168,768,128x128,flydsl,bmm,1,19.798,flydsl_bmm_mxfp8_mfma_t112x256x128_w1x2_nb2_sk1_bd1,1067.75,1743.44,0.0006
gfx950,256,1984,7168,768,128x128,flydsl,bmm,1,19.563,flydsl_bmm_mxfp8_mfma_t112x256x128_w1x2_nb3_sk1_bd1,1116.61,1813.83,0.0005
gfx950,256,2048,7168,768,128x128,flydsl,bmm,1,21.588,flydsl_bmm_mxfp8_mfma_t256x256x128_w1x4_nb2_sk1_bd1_xcd,1044.51,1688.49,0.0005
gfx950,256,4096,7168,768,128x128,flydsl,bmm,1,38.814,flydsl_bmm_mxfp8_mfma_t128x128x128_w1x4_nb4_sk1_bd2,1161.89,1736.4,0.0005
gfx950,256,6144,7168,768,128x128,flydsl,bmm,1,56.315,flydsl_bmm_mxfp8_mfma_t96x128x128_w1x4_nb3_sk1_bd1,1201.2,1746.27,0.0006
gfx950,256,8192,7168,768,128x128,flydsl,bmm,1,71.095,flydsl_bmm_mxfp8_mfma_t96x256x128_w1x4_nb3_sk1_bd1,1268.64,1818.5,0.0006
gfx950,256,10240,7168,768,128x128,flydsl,bmm,1,84.373,flydsl_bmm_mxfp8_mfma_t96x256x128_w1x4_nb3_sk1_bd1,1336.25,1899.1,0.0006
gfx950,256,12288,7168,768,128x128,flydsl,bmm,1,94.752,flydsl_bmm_mxfp8_mfma_t96x256x128_w1x4_nb5_sk1_bd1,1427.85,2017.66,0.0006
gfx950,256,14336,7168,768,128x128,flydsl,bmm,1,110.603,flydsl_bmm_mxfp8_mfma_t96x256x128_w1x4_nb5_sk1_bd1,1427.09,2008.29,0.0005
gfx950,256,16384,7168,768,128x128,flydsl,bmm,1,126.698,flydsl_bmm_mxfp8_mfma_t96x256x128_w1x4_nb5_sk1_bd1,1423.76,1997.4,0.0006
gfx950,256,20480,7168,768,128x128,flydsl,bmm,1,149.176,flydsl_bmm_mxfp8_mfma_t96x256x128_w1x4_nb4_sk1_bd1,1511.54,2111.32,0.0005
gfx950,256,24576,7168,768,128x128,flydsl,bmm,1,185.136,flydsl_bmm_mxfp8_mfma_t96x256x128_w1x4_nb6_sk1_bd1,1461.54,2035.53,0.0005
gfx950,256,28672,7168,768,128x128,flydsl,bmm,1,202.904,flydsl_bmm_mxfp8_mfma_t96x256x128_w1x4_nb5_sk1_bd1,1555.81,2162.3,0.0006
gfx950,256,32768,7168,768,128x128,flydsl,bmm,1,232.049,flydsl_bmm_mxfp8_mfma_t96x256x128_w1x4_nb4_sk1_bd1,1554.74,2157.43,0.0006
gfx950,256,40960,7168,768,128x128,flydsl,bmm,1,281.919,flydsl_bmm_mxfp8_mfma_t96x256x128_w1x4_nb4_sk1_bd1,1599.65,2214.86,0.0005
gfx950,256,49152,7168,768,128x128,flydsl,bmm,1,351.096,flydsl_bmm_mxfp8_mfma_t128x256x128_w1x2_nb2_sk1_bd1_sps,1541.36,2131.02,0.0006
gfx950,256,57344,7168,768,128x128,flydsl,bmm,1,382.587,flydsl_bmm_mxfp8_mfma_t96x256x128_w1x4_nb5_sk1_bd1,1650.24,2279.15,0.0006
gfx950,256,65536,7168,768,128x128,flydsl,bmm,1,431.844,flydsl_bmm_mxfp8_mfma_t96x256x128_w1x4_nb4_sk1_bd1,1670.87,2305.82,0.0005
gfx950,256,1,7168,1024,128x128,flydsl,bmm,1,3.993,flydsl_bmm_mxfp8_mfma_t16x32x128_w1x2_nb9_sk1_nt_sps,3.68,1842.12,0.0007
gfx950,256,2,7168,1024,128x128,flydsl,bmm,1,4.105,flydsl_bmm_mxfp8_mfma_t16x32x128_w1x1_nb9_sk1_nt_sps,7.15,1795.65,0.0008
gfx950,256,4,7168,1024,128x128,flydsl,bmm,1,4.046,flydsl_bmm_mxfp8_mfma_t16x32x128_w1x2_nb8_sk1_nt_sps,14.51,1829.65,0.0006
gfx950,256,8,7168,1024,128x128,flydsl,bmm,1,4.132,flydsl_bmm_mxfp8_mfma_t16x32x128_w1x2_nb9_sk1_nt_sps,28.42,1806.39,0.0007
gfx950,256,16,7168,1024,128x128,flydsl,bmm,1,4.17,flydsl_bmm_mxfp8_mfma_t16x32x128_w1x2_nb9_sk1_nt_sps,56.33,1819.34,0.0006
gfx950,256,32,7168,1024,128x128,flydsl,bmm,1,4.56,flydsl_bmm_mxfp8_mfma_t32x32x128_w1x2_nb6_sk1_nt,103.01,1717.5,0.0007
gfx950,256,64,7168,1024,128x128,flydsl,bmm,1,5.122,flydsl_bmm_mxfp8_mfma_t64x32x512_w4x1_nb3_sk1_nt_sps,183.42,1625.09,0.0006
gfx950,256,128,7168,1024,128x128,flydsl,bmm,1,5.967,flydsl_bmm_mxfp8_mfma_t64x64x128_w1x4_nb5_sk1_bd2_xcd,314.92,1559.89,0.0006
gfx950,256,256,7168,1024,128x128,flydsl,bmm,1,7.474,flydsl_bmm_mxfp8_mfma_t128x64x128_w2x2_nb4_sk1_bd2_xcd,502.8,1508.47,0.0006
gfx950,256,512,7168,1024,128x128,flydsl,bmm,1,10.537,flydsl_bmm_mxfp8_mfma_t128x128x128_w2x2_nb3_sk1_xcd,713.3,1443.35,0.0006
gfx950,256,1024,7168,1024,128x128,flydsl,bmm,1,15.736,flydsl_bmm_mxfp8_mfma_t256x128x128_w4x1_nb3_sk1,955.28,1466.51,0.0006
gfx950,256,2048,7168,1024,128x128,flydsl,bmm,1,25.448,flydsl_bmm_mxfp8_mfma_t256x256x128_w2x4_nb2_sk1,1181.44,1525.26,0.0006
gfx950,256,4096,7168,1024,128x128,flydsl,bmm,1,47.682,flydsl_bmm_mxfp8_mfma_t256x256x128_w4x2_nb2_sk1,1261.05,1474.09,0.0006
gfx950,256,8192,7168,1024,128x128,flydsl,bmm,1,86.086,flydsl_bmm_mxfp8_mfma_t256x256x128_w4x2_nb2_sk1_xcd,1396.96,1547.69,0.0007
gfx950,256,16384,7168,1024,128x128,flydsl,bmm,1,152.439,flydsl_bmm_mxfp8_mfma_t256x256x128_w4x2_nb2_sk1_xcd_sps,1577.8,1699.9,0.0006
gfx950,256,32768,7168,1024,128x128,flydsl,bmm,1,293.314,flydsl_bmm_mxfp8_mfma_t256x256x128_w4x2_nb2_sk1_xcd_sps,1640.01,1741.89,0.0007
gfx950,256,1,7168,3072,128x128,flydsl,bmm,1,6.054,flydsl_bmm_mxfp8_mfma_t16x32x256_w1x2_nb6_sk1_nt_sps,7.27,3640.35,0.0003
gfx950,256,2,7168,3072,128x128,flydsl,bmm,1,6.078,flydsl_bmm_mxfp8_mfma_t16x32x256_w1x2_nb7_sk1_nt_sps,14.49,3629.08,0.0008
gfx950,256,4,7168,3072,128x128,flydsl,bmm,1,6.119,flydsl_bmm_mxfp8_mfma_t16x32x256_w1x2_nb8_sk1_nt_sps,28.79,3610.22,0.0008
gfx950,256,8,7168,3072,128x128,flydsl,bmm,1,6.169,flydsl_bmm_mxfp8_mfma_t16x32x256_w1x2_nb8_sk1_nt_sps,57.11,3592.34,0.0009
gfx950,256,16,7168,3072,128x128,flydsl,bmm,1,6.393,flydsl_bmm_mxfp8_mfma_t16x32x512_w1x1_nb6_sk1_bd3_sps,110.23,3488.38,0.0007
gfx950,256,32,7168,3072,128x128,flydsl,bmm,1,7.037,flydsl_bmm_mxfp8_mfma_t32x32x512_w1x2_nb6_sk1_bd3,200.27,3208.75,0.0009
gfx950,256,48,7168,3072,128x128,flydsl,bmm,1,8.088,flydsl_bmm_mxfp8_mfma_t48x32x512_w1x2_nb6_sk1_bd3_nt,261.38,2826.34,0.0008
gfx950,256,64,7168,3072,128x128,flydsl,bmm,1,8.588,flydsl_bmm_mxfp8_mfma_t64x32x512_w4x1_nb3_sk1_nt,328.18,2693.96,0.0009
gfx950,256,80,7168,3072,128x128,flydsl,bmm,1,9.743,flydsl_bmm_mxfp8_mfma_t48x64x256_w1x4_nb5_sk1_bd2,361.61,2403.34,0.0008
gfx950,256,96,7168,3072,128x128,flydsl,bmm,1,9.727,flydsl_bmm_mxfp8_mfma_t48x64x256_w1x4_nb5_sk1_bd2_xcd,434.66,2436.04,0.0008
gfx950,256,112,7168,3072,128x128,flydsl,bmm,1,10.312,flydsl_bmm_mxfp8_mfma_t64x64x128_w2x2_nb5_sk1_xcd,478.33,2324.89,0.0008
gfx950,256,128,7168,3072,128x128,flydsl,bmm,1,10.575,flydsl_bmm_mxfp8_mfma_t64x64x128_w1x4_nb5_sk1_xcd,533.05,2293.35,0.0008
gfx950,256,144,7168,3072,128x128,flydsl,bmm,1,11.242,flydsl_bmm_mxfp8_mfma_t96x64x128_w2x2_nb4_sk1_xcd,564.12,2182.18,0.0008
gfx950,256,160,7168,3072,128x128,flydsl,bmm,1,11.482,flydsl_bmm_mxfp8_mfma_t96x64x128_w2x2_nb4_sk1,613.67,2160.76,0.0008
gfx950,256,176,7168,3072,128x128,flydsl,bmm,1,11.307,flydsl_bmm_mxfp8_mfma_t96x64x128_w1x4_nb5_sk1_bd2_xcd,685.51,2218.93,0.0008
gfx950,256,192,7168,3072,128x128,flydsl,bmm,1,11.783,flydsl_bmm_mxfp8_mfma_t96x64x128_w1x4_nb5_sk1_bd2,717.64,2153.02,0.0008
gfx950,256,208,7168,3072,128x128,flydsl,bmm,1,14.43,flydsl_bmm_mxfp8_mfma_t128x64x128_w4x2_nb5_sk1_xcd,634.8,1777.33,0.0008
gfx950,256,224,7168,3072,128x128,flydsl,bmm,1,14.338,flydsl_bmm_mxfp8_mfma_t128x64x128_w4x2_nb5_sk1,688.05,1808.25,0.0008
gfx950,256,240,7168,3072,128x128,flydsl,bmm,1,13.665,flydsl_bmm_mxfp8_mfma_t128x64x128_w2x4_nb4_sk1,773.47,1917.66,0.0008
gfx950,256,256,7168,3072,128x128,flydsl,bmm,1,14.433,flydsl_bmm_mxfp8_mfma_t128x64x128_w4x2_nb5_sk1,781.14,1834.95,0.0008
gfx950,256,288,7168,3072,128x128,flydsl,bmm,1,16.637,flydsl_bmm_mxfp8_mfma_t96x128x128_w2x2_nb4_sk1,762.38,1625.42,0.0008
gfx950,256,320,7168,3072,128x128,flydsl,bmm,1,17.14,flydsl_bmm_mxfp8_mfma_t96x128x128_w1x4_nb4_sk1_bd2_xcd,822.21,1610.23,0.0008
gfx950,256,352,7168,3072,128x128,flydsl,bmm,1,17.216,flydsl_bmm_mxfp8_mfma_t96x128x128_w1x4_nb5_sk1_bd2_xcd,900.43,1635.5,0.0008
gfx950,256,384,7168,3072,128x128,flydsl,bmm,1,17.54,flydsl_bmm_mxfp8_mfma_t96x128x128_w1x4_nb4_sk1_xcd,964.14,1637.09,0.0008
gfx950,256,416,7168,3072,128x128,flydsl,bmm,1,18.52,flydsl_bmm_mxfp8_mfma_t128x128x128_w2x4_nb4_sk1,989.21,1580.58,0.0008
gfx950,256,448,7168,3072,128x128,flydsl,bmm,1,18.861,flydsl_bmm_mxfp8_mfma_t128x128x128_w4x2_nb4_sk1_xcd,1046.07,1581.61,0.0008
gfx950,256,480,7168,3072,128x128,flydsl,bmm,1,18.948,flydsl_bmm_mxfp8_mfma_t128x128x128_w2x4_nb4_sk1,1115.66,1603.82,0.0008
gfx950,256,512,7168,3072,128x128,flydsl,bmm,1,19.404,flydsl_bmm_mxfp8_mfma_t128x128x128_w4x2_nb4_sk1_xcd,1162.05,1594.84,0.0008
gfx950,256,544,7168,3072,128x128,flydsl,bmm,1,23.582,flydsl_bmm_mxfp8_mfma_t192x128x128_w4x2_nb3_sk1,1015.95,1335.97,0.0008
gfx950,256,576,7168,3072,128x128,flydsl,bmm,1,23.474,flydsl_bmm_mxfp8_mfma_t192x128x128_w4x2_nb3_sk1,1080.63,1365.84,0.0008
gfx950,256,608,7168,3072,128x128,flydsl,bmm,1,24.684,flydsl_bmm_mxfp8_mfma_t192x128x128_w4x2_nb3_sk1,1084.77,1321.51,0.0008
gfx950,256,640,7168,3072,128x128,flydsl,bmm,1,24.84,flydsl_bmm_mxfp8_mfma_t192x128x128_w4x2_nb3_sk1_xcd,1134.71,1335.69,0.0008
gfx950,256,672,7168,3072,128x128,flydsl,bmm,1,24.807,flydsl_bmm_mxfp8_mfma_t192x128x128_w4x2_nb3_sk1,1193.02,1359.94,0.0008
gfx950,256,704,7168,3072,128x128,flydsl,bmm,1,25.306,flydsl_bmm_mxfp8_mfma_t192x128x128_w4x2_nb3_sk1,1225.18,1355.16,0.0008
gfx950,256,736,7168,3072,128x128,flydsl,bmm,1,25.014,flydsl_bmm_mxfp8_mfma_t192x128x128_w4x2_nb3_sk1,1295.82,1393.28,0.0008
gfx950,256,768,7168,3072,128x128,flydsl,bmm,1,25.873,flydsl_bmm_mxfp8_mfma_t192x128x128_w4x2_nb3_sk1,1307.28,1368.59,0.0008
gfx950,256,800,7168,3072,128x128,flydsl,bmm,1,30.757,flydsl_bmm_mxfp8_mfma_t96x128x128_w1x4_nb3_sk1_bd1_xcd,1145.51,1169.4,0.0008
gfx950,256,832,7168,3072,128x128,flydsl,bmm,1,30.488,flydsl_bmm_mxfp8_mfma_t128x128x128_w1x4_nb3_sk1_bd2_xcd,1201.83,1198.01,0.0008
gfx950,256,864,7168,3072,128x128,flydsl,bmm,1,30.948,flydsl_bmm_mxfp8_mfma_t256x128x128_w4x2_nb3_sk1,1229.52,1198.24,0.0008
gfx950,256,896,7168,3072,128x128,flydsl,bmm,1,30.663,flydsl_bmm_mxfp8_mfma_t256x128x128_w4x2_nb3_sk1,1286.88,1227.54,0.0008
gfx950,256,928,7168,3072,128x128,flydsl,bmm,1,31.716,flydsl_bmm_mxfp8_mfma_t256x128x128_w4x2_nb3_sk1,1288.6,1204.39,0.0008
gfx950,256,960,7168,3072,128x128,flydsl,bmm,1,31.274,flydsl_bmm_mxfp8_mfma_t256x128x128_w4x2_nb3_sk1_xcd,1351.86,1239.23,0.0008
gfx950,256,992,7168,3072,128x128,flydsl,bmm,1,31.44,flydsl_bmm_mxfp8_mfma_t256x128x128_w4x2_nb3_sk1,1389.58,1250.46,0.0008
gfx950,256,1024,7168,3072,128x128,flydsl,bmm,1,32.83,flydsl_bmm_mxfp8_mfma_t256x128x128_w4x2_nb3_sk1,1373.65,1214.49,0.0008
gfx950,256,1088,7168,3072,128x128,flydsl,bmm,1,35.64,flydsl_bmm_mxfp8_mfma_t128x128x128_w1x4_nb4_sk1_bd1_xcd,1344.43,1150.04,0.0008
gfx950,256,1152,7168,3072,128x128,flydsl,bmm,1,35.38,flydsl_bmm_mxfp8_mfma_t128x128x128_w1x4_nb3_sk1_bd1_xcd,1433.96,1190.01,0.0008
gfx950,256,1216,7168,3072,128x128,flydsl,bmm,1,43.022,flydsl_bmm_mxfp8_mfma_t96x128x128_w1x2_nb2_sk1_bd1_xcd,1244.77,1004.57,0.0008
gfx950,256,1280,7168,3072,128x128,flydsl,bmm,1,39.75,flydsl_bmm_mxfp8_mfma_t144x128x128_w1x2_nb2_sk1_bd1_xcd,1418.15,1115.33,0.0008
gfx950,256,1344,7168,3072,128x128,flydsl,bmm,1,43.713,flydsl_bmm_mxfp8_mfma_t192x128x128_w1x2_nb2_sk1_bd1_xcd,1354.07,1039.75,0.0008
gfx950,256,1408,7168,3072,128x128,flydsl,bmm,1,44.888,flydsl_bmm_mxfp8_mfma_t192x128x128_w1x2_nb3_sk1_bd2,1381.41,1037.38,0.0008
gfx950,256,1472,7168,3072,128x128,flydsl,bmm,1,44.902,flydsl_bmm_mxfp8_mfma_t192x128x128_w1x2_nb3_sk1_bd2,1443.76,1061.9,0.0008
gfx950,256,1536,7168,3072,128x128,flydsl,bmm,1,45.472,flydsl_bmm_mxfp8_mfma_t192x128x128_w1x2_nb3_sk1_bd2_xcd,1487.64,1073.13,0.0008
gfx950,256,1600,7168,3072,128x128,flydsl,bmm,1,47.484,flydsl_bmm_mxfp8_mfma_t192x128x128_w1x2_nb3_sk1_bd2_sps,1483.97,1051.15,0.0008
gfx950,256,1664,7168,3072,128x128,flydsl,bmm,1,48.287,flydsl_bmm_mxfp8_mfma_t192x256x128_w4x2_nb2_sk1_xcd_sps,1517.65,1056.77,0.0008
gfx950,256,1728,7168,3072,128x128,flydsl,bmm,1,47.3,flydsl_bmm_mxfp8_mfma_t192x128x128_w1x2_nb3_sk1_bd2_xcd_sps,1608.92,1102.41,0.0008
gfx950,256,1792,7168,3072,128x128,flydsl,bmm,1,53.287,flydsl_bmm_mxfp8_mfma_t256x256x128_w4x2_nb2_sk1_xcd,1481.04,999.49,0.0008
gfx950,256,1856,7168,3072,128x128,flydsl,bmm,1,54.01,flydsl_bmm_mxfp8_mfma_t256x256x128_w4x2_nb2_sk1,1513.4,1006.77,0.0008
gfx950,256,1920,7168,3072,128x128,flydsl,bmm,1,54.699,flydsl_bmm_mxfp8_mfma_t112x256x128_w1x2_nb2_sk1_bd1,1545.86,1014.48,0.0008
gfx950,256,1984,7168,3072,128x128,flydsl,bmm,1,55.208,flydsl_bmm_mxfp8_mfma_t256x256x128_w4x2_nb2_sk1_xcd,1582.66,1025.33,0.0008
gfx950,256,2048,7168,3072,128x128,flydsl,bmm,1,55.924,flydsl_bmm_mxfp8_mfma_t256x256x128_w4x2_nb2_sk1,1612.81,1032.16,0.0008
gfx950,256,4096,7168,3072,128x128,flydsl,bmm,1,101.807,flydsl_bmm_mxfp8_mfma_t256x256x128_w4x2_nb2_sk1,1771.86,917.64,0.0008
gfx950,256,6144,7168,3072,128x128,flydsl,bmm,1,147.641,flydsl_bmm_mxfp8_mfma_t256x256x128_w4x2_nb2_sk1,1832.71,874.58,0.0008
gfx950,256,8192,7168,3072,128x128,flydsl,bmm,1,190.217,flydsl_bmm_mxfp8_mfma_t256x256x128_w4x2_nb2_sk1_xcd,1896.66,866.51,0.0008
gfx950,256,10240,7168,3072,128x128,flydsl,bmm,1,230.965,flydsl_bmm_mxfp8_mfma_t128x256x128_w1x4_nb4_sk1_bd3,1952.55,868.2,0.0008
gfx950,256,12288,7168,3072,128x128,flydsl,bmm,1,269.899,flydsl_bmm_mxfp8_mfma_t192x256x128_w1x4_nb4_sk1_bd2,2005.07,875.24,0.0008
gfx950,256,14336,7168,3072,128x128,flydsl,bmm,1,311.769,flydsl_bmm_mxfp8_mfma_t112x256x128_w1x2_nb2_sk1_bd1,2025.09,872.21,0.0008
gfx950,256,16384,7168,3072,128x128,flydsl,bmm,1,344.136,flydsl_bmm_mxfp8_mfma_t256x256x128_w4x2_nb2_sk1,2096.72,893.91,0.0008
gfx950,256,20480,7168,3072,128x128,flydsl,bmm,1,421.856,flydsl_bmm_mxfp8_mfma_t256x256x128_w4x2_nb2_sk1,2138.04,898.48,0.0008
gfx950,256,24576,7168,3072,128x128,flydsl,bmm,1,513.74,flydsl_bmm_mxfp8_mfma_t256x256x128_w4x2_nb2_sk1,2106.77,876.77,0.0008
gfx950,256,28672,7168,3072,128x128,flydsl,bmm,1,599.587,flydsl_bmm_mxfp8_mfma_t256x256x128_w4x2_nb2_sk1,2105.98,870.32,0.0008
gfx950,256,32768,7168,3072,128x128,flydsl,bmm,1,677.616,flydsl_bmm_mxfp8_mfma_t256x256x128_w4x2_nb2_sk1_xcd,2129.69,875.47,0.0008
gfx950,256,40960,7168,3072,128x128,flydsl,bmm,1,844.234,flydsl_bmm_mxfp8_mfma_t256x256x128_w4x2_nb2_sk1,2136.71,871.84,0.0008
gfx950,256,49152,7168,3072,128x128,flydsl,bmm,1,1003.634,flydsl_bmm_mxfp8_mfma_t256x256x128_w4x2_nb2_sk1,2156.82,875.66,0.0008
gfx950,256,57344,7168,3072,128x128,flydsl,bmm,1,1180.748,flydsl_bmm_mxfp8_mfma_t256x256x128_w4x2_nb2_sk1_xcd,2138.85,865.25,0.0008
gfx950,256,65536,7168,3072,128x128,flydsl,bmm,1,1339.295,flydsl_bmm_mxfp8_mfma_t256x256x128_w4x2_nb2_sk1_xcd,2155.03,869.45,0.0008
gfx950,256,1,7168,4096,128x128,flydsl,bmm,1,7.233,flydsl_bmm_mxfp8_mfma_t16x32x128_w1x2_nb9_sk1_nt_xcd_sps,8.12,4062.03,0.0007
gfx950,256,2,7168,4096,128x128,flydsl,bmm,1,7.198,flydsl_bmm_mxfp8_mfma_t16x32x128_w1x2_nb8_sk1_nt_xcd_sps,16.32,4084.26,0.0006
gfx950,256,4,7168,4096,128x128,flydsl,bmm,1,7.259,flydsl_bmm_mxfp8_mfma_t16x32x128_w1x2_nb10_sk1_nt_xcd,32.36,4055.18,0.0006
gfx950,256,8,7168,4096,128x128,flydsl,bmm,1,7.346,flydsl_bmm_mxfp8_mfma_t16x32x128_w1x2_nb10_sk1_nt_xcd,63.94,4016.9,0.0008
gfx950,256,16,7168,4096,128x128,flydsl,bmm,1,7.56,flydsl_bmm_mxfp8_mfma_t16x32x128_w1x2_nb9_sk1_xcd,124.27,3922.7,0.0008
gfx950,256,32,7168,4096,128x128,flydsl,bmm,1,8.528,flydsl_bmm_mxfp8_mfma_t32x32x128_w1x2_nb8_sk1_xcd,220.34,3512.25,0.0008
gfx950,256,48,7168,4096,128x128,flydsl,bmm,1,9.515,flydsl_bmm_mxfp8_mfma_t48x32x128_w1x2_nb8_sk1_xcd,296.22,3178.95,0.0009
gfx950,256,64,7168,4096,128x128,flydsl,bmm,1,10.462,flydsl_bmm_mxfp8_mfma_t64x32x512_w4x1_nb3_sk1_nt,359.23,2919.59,0.0009
gfx950,256,80,7168,4096,128x128,flydsl,bmm,1,11.544,flydsl_bmm_mxfp8_mfma_t48x64x256_w1x4_nb5_sk1_bd2_xcd,406.94,2671.5,0.0009
gfx950,256,96,7168,4096,128x128,flydsl,bmm,1,11.983,flydsl_bmm_mxfp8_mfma_t48x64x256_w1x4_nb5_sk1_bd2_xcd_sps,470.43,2598.24,0.0009
gfx950,256,112,7168,4096,128x128,flydsl,bmm,1,12.297,flydsl_bmm_mxfp8_mfma_t64x64x256_w1x4_nb5_sk1_bd2_sps,534.84,2555.98,0.0009
gfx950,256,128,7168,4096,128x128,flydsl,bmm,1,12.645,flydsl_bmm_mxfp8_mfma_t64x64x128_w1x4_nb5_sk1_xcd,594.4,2508.92,0.0008
gfx950,256,144,7168,4096,128x128,flydsl,bmm,1,14.672,flydsl_bmm_mxfp8_mfma_t96x64x128_w2x2_nb4_sk1_xcd,576.33,2182.5,0.0008
gfx950,256,160,7168,4096,128x128,flydsl,bmm,1,14.287,flydsl_bmm_mxfp8_mfma_t96x64x128_w2x2_nb5_sk1_xcd,657.59,2261.87,0.0008
gfx950,256,176,7168,4096,128x128,flydsl,bmm,1,14.723,flydsl_bmm_mxfp8_mfma_t96x64x128_w2x2_nb5_sk1,701.93,2214.95,0.0009
gfx950,256,192,7168,4096,128x128,flydsl,bmm,1,15.055,flydsl_bmm_mxfp8_mfma_t96x64x128_w2x2_nb6_sk1_xcd,748.87,2185.77,0.0008
gfx950,256,208,7168,4096,128x128,flydsl,bmm,1,16.31,flydsl_bmm_mxfp8_mfma_t128x64x128_w4x2_nb5_sk1,748.83,2035.65,0.0008
gfx950,256,224,7168,4096,128x128,flydsl,bmm,1,16.41,flydsl_bmm_mxfp8_mfma_t128x64x128_w4x2_nb5_sk1,801.55,2041.33,0.0008
gfx950,256,240,7168,4096,128x128,flydsl,bmm,1,16.621,flydsl_bmm_mxfp8_mfma_t128x64x128_w2x2_nb4_sk1,847.91,2033.2,0.0008
gfx950,256,256,7168,4096,128x128,flydsl,bmm,1,17.196,flydsl_bmm_mxfp8_mfma_t128x64x128_w2x2_nb4_sk1_xcd,874.18,1982.37,0.0009
gfx950,256,288,7168,4096,128x128,flydsl,bmm,1,21.58,flydsl_bmm_mxfp8_mfma_t128x128x128_w4x2_nb4_sk1_xcd,783.65,1607.01,0.0008
gfx950,256,320,7168,4096,128x128,flydsl,bmm,1,21.245,flydsl_bmm_mxfp8_mfma_t96x128x128_w1x4_nb4_sk1_bd2,884.47,1660.19,0.0008
gfx950,256,352,7168,4096,128x128,flydsl,bmm,1,20.691,flydsl_bmm_mxfp8_mfma_t96x128x128_w1x4_nb5_sk1_bd2,998.96,1733.19,0.0008
gfx950,256,384,7168,4096,128x128,flydsl,bmm,1,22.422,flydsl_bmm_mxfp8_mfma_t192x64x128_w4x2_nb4_sk1,1005.64,1625.72,0.0009
gfx950,256,416,7168,4096,128x128,flydsl,bmm,1,22.955,flydsl_bmm_mxfp8_mfma_t128x128x128_w4x2_nb4_sk1,1064.17,1613.74,0.0008
gfx950,256,448,7168,4096,128x128,flydsl,bmm,1,23.39,flydsl_bmm_mxfp8_mfma_t128x128x128_w2x4_nb4_sk1,1124.69,1608.95,0.0008
gfx950,256,480,7168,4096,128x128,flydsl,bmm,1,23.882,flydsl_bmm_mxfp8_mfma_t128x128x128_w4x2_nb4_sk1,1180.19,1600.54,0.0008
gfx950,256,512,7168,4096,128x128,flydsl,bmm,1,25.237,flydsl_bmm_mxfp8_mfma_t128x128x128_w4x2_nb4_sk1_xcd,1191.31,1538.06,0.0008
gfx950,256,544,7168,4096,128x128,flydsl,bmm,1,29.735,flydsl_bmm_mxfp8_mfma_t192x128x128_w4x2_nb3_sk1,1074.29,1325.26,0.0008
gfx950,256,576,7168,4096,128x128,flydsl,bmm,1,30.587,flydsl_bmm_mxfp8_mfma_t192x128x128_w4x2_nb3_sk1,1105.8,1307.66,0.0009
gfx950,256,608,7168,4096,128x128,flydsl,bmm,1,32.428,flydsl_bmm_mxfp8_mfma_t192x128x128_w4x2_nb3_sk1_xcd,1100.97,1251.65,0.0008
gfx950,256,640,7168,4096,128x128,flydsl,bmm,1,31.992,flydsl_bmm_mxfp8_mfma_t192x128x128_w4x2_nb3_sk1_xcd,1174.7,1287.16,0.0008
gfx950,256,672,7168,4096,128x128,flydsl,bmm,1,32.295,flydsl_bmm_mxfp8_mfma_t192x128x128_w4x2_nb3_sk1_xcd,1221.87,1293.39,0.0008
gfx950,256,704,7168,4096,128x128,flydsl,bmm,1,32.958,flydsl_bmm_mxfp8_mfma_t192x128x128_w4x2_nb3_sk1_xcd,1254.31,1285.3,0.0008
gfx950,256,736,7168,4096,128x128,flydsl,bmm,1,33.81,flydsl_bmm_mxfp8_mfma_t192x128x128_w4x2_nb3_sk1_xcd,1278.26,1270.37,0.0008
gfx950,256,768,7168,4096,128x128,flydsl,bmm,1,32.97,flydsl_bmm_mxfp8_mfma_t192x128x128_w4x2_nb3_sk1,1367.8,1320.64,0.0008
gfx950,256,800,7168,4096,128x128,flydsl,bmm,1,41.153,flydsl_bmm_mxfp8_mfma_t128x256x128_w1x4_nb3_sk1_bd2_xcd,1141.51,1072.43,0.0008
gfx950,256,832,7168,4096,128x128,flydsl,bmm,1,40.297,flydsl_bmm_mxfp8_mfma_t96x256x128_w1x4_nb3_sk1_bd2_xcd,1212.39,1109.87,0.0008
gfx950,256,864,7168,4096,128x128,flydsl,bmm,1,37.827,flydsl_bmm_mxfp8_mfma_t128x128x128_w1x4_nb4_sk1_bd2_xcd,1341.21,1197.94,0.0008
gfx950,256,896,7168,4096,128x128,flydsl,bmm,1,36.927,flydsl_bmm_mxfp8_mfma_t128x128x128_w1x2_nb3_sk1_bd2_xcd,1424.79,1243.14,0.0008
gfx950,256,928,7168,4096,128x128,flydsl,bmm,1,42.222,flydsl_bmm_mxfp8_mfma_t112x128x128_w1x2_nb3_sk1_bd2_xcd,1290.62,1101.25,0.0008
gfx950,256,960,7168,4096,128x128,flydsl,bmm,1,42.454,flydsl_bmm_mxfp8_mfma_t112x128x128_w1x2_nb3_sk1_bd2_xcd_sps,1327.83,1109.15,0.0008
gfx950,256,992,7168,4096,128x128,flydsl,bmm,1,43.102,flydsl_bmm_mxfp8_mfma_t112x128x128_w1x2_nb3_sk1_bd2_xcd,1351.46,1106.18,0.0008
gfx950,256,1024,7168,4096,128x128,flydsl,bmm,1,44.587,flydsl_bmm_mxfp8_mfma_t128x256x128_w1x4_nb3_sk1_bd2_xcd,1348.6,1082.59,0.0008
gfx950,256,1088,7168,4096,128x128,flydsl,bmm,1,45.569,flydsl_bmm_mxfp8_mfma_t128x256x128_w1x4_nb3_sk1_bd2_xcd,1402.0,1085.18,0.0008
gfx950,256,1152,7168,4096,128x128,flydsl,bmm,1,46.457,flydsl_bmm_mxfp8_mfma_t128x256x128_w1x4_nb3_sk1_bd2_xcd_sps,1456.08,1089.87,0.0008
gfx950,256,1216,7168,4096,128x128,flydsl,bmm,1,53.752,flydsl_bmm_mxfp8_mfma_t192x256x128_w1x4_nb3_sk1_bd2,1328.39,963.94,0.0008
gfx950,256,1280,7168,4096,128x128,flydsl,bmm,1,54.835,flydsl_bmm_mxfp8_mfma_t192x256x128_w1x4_nb3_sk1_bd2_xcd,1370.68,966.45,0.0008
gfx950,256,1344,7168,4096,128x128,flydsl,bmm,1,55.62,flydsl_bmm_mxfp8_mfma_t192x256x128_w1x4_nb3_sk1_bd2_xcd,1418.91,974.06,0.0008
gfx950,256,1408,7168,4096,128x128,flydsl,bmm,1,57.817,flydsl_bmm_mxfp8_mfma_t192x256x128_w1x4_nb4_sk1_bd2,1430.01,957.5,0.0008
gfx950,256,1472,7168,4096,128x128,flydsl,bmm,1,57.865,flydsl_bmm_mxfp8_mfma_t192x256x128_w1x4_nb3_sk1_bd2,1493.77,977.12,0.0008
gfx950,256,1536,7168,4096,128x128,flydsl,bmm,1,58.744,flydsl_bmm_mxfp8_mfma_t192x256x128_w1x4_nb5_sk1_bd2,1535.37,982.61,0.0008
gfx950,256,1600,7168,4096,128x128,flydsl,bmm,1,60.562,flydsl_bmm_mxfp8_mfma_t192x256x128_w1x4_nb3_sk1_bd2_xcd_sps,1551.34,972.62,0.0008
gfx950,256,1664,7168,4096,128x128,flydsl,bmm,1,61.924,flydsl_bmm_mxfp8_mfma_t192x256x128_w1x4_nb3_sk1_bd2_sps,1577.9,970.31,0.0009
gfx950,256,1728,7168,4096,128x128,flydsl,bmm,1,61.318,flydsl_bmm_mxfp8_mfma_t192x256x128_w1x4_nb3_sk1_bd2,1654.8,999.18,0.0008
gfx950,256,1792,7168,4096,128x128,flydsl,bmm,1,73.956,flydsl_bmm_mxfp8_mfma_t128x256x128_w1x4_nb3_sk1_bd2,1422.82,844.41,0.0009
gfx950,256,1856,7168,4096,128x128,flydsl,bmm,1,72.674,flydsl_bmm_mxfp8_mfma_t112x256x128_w1x2_nb2_sk1_bd1_xcd,1499.64,875.57,0.0008
gfx950,256,1920,7168,4096,128x128,flydsl,bmm,1,73.196,flydsl_bmm_mxfp8_mfma_t112x256x128_w1x2_nb2_sk1_bd1,1540.28,885.46,0.0008
gfx950,256,1984,7168,4096,128x128,flydsl,bmm,1,69.557,flydsl_bmm_mxfp8_mfma_t112x256x128_w1x2_nb3_sk1_bd2_xcd,1674.9,948.78,0.0008
gfx950,256,2048,7168,4096,128x128,flydsl,bmm,1,75.721,flydsl_bmm_mxfp8_mfma_t256x256x128_w1x4_nb2_sk1_bd1_xcd,1588.18,887.15,0.0008
gfx950,256,4096,7168,4096,128x128,flydsl,bmm,1,133.837,flydsl_bmm_mxfp8_mfma_t128x256x128_w1x2_nb2_sk1_bd1,1797.1,784.47,0.0008
gfx950,256,6144,7168,4096,128x128,flydsl,bmm,1,192.588,flydsl_bmm_mxfp8_mfma_t128x256x128_w1x2_nb2_sk1_bd1,1873.31,741.51,0.0008
gfx950,256,8192,7168,4096,128x128,flydsl,bmm,1,244.514,flydsl_bmm_mxfp8_mfma_t128x256x128_w1x4_nb3_sk1_bd2,1967.31,738.68,0.0008
gfx950,256,10240,7168,4096,128x128,flydsl,bmm,1,299.23,flydsl_bmm_mxfp8_mfma_t128x256x128_w1x4_nb3_sk1_bd2,2009.48,729.98,0.0008
gfx950,256,12288,7168,4096,128x128,flydsl,bmm,1,342.589,flydsl_bmm_mxfp8_mfma_t192x256x128_w1x4_nb3_sk1_bd2,2106.18,747.97,0.0008
gfx950,256,14336,7168,4096,128x128,flydsl,bmm,1,415.759,flydsl_bmm_mxfp8_mfma_t128x256x128_w1x2_nb2_sk1_bd1,2024.76,707.29,0.0008
gfx950,256,16384,7168,4096,128x128,flydsl,bmm,1,459.708,flydsl_bmm_mxfp8_mfma_t128x256x128_w1x2_nb2_sk1_bd1,2092.79,721.93,0.0008
gfx950,256,20480,7168,4096,128x128,flydsl,bmm,1,575.125,flydsl_bmm_mxfp8_mfma_t128x256x128_w1x2_nb2_sk1_bd1,2091.01,708.55,0.0008
gfx950,256,24576,7168,4096,128x128,flydsl,bmm,1,693.057,flydsl_bmm_mxfp8_mfma_t128x256x128_w1x2_nb2_sk1_bd1,2082.24,697.1,0.0008
gfx950,256,28672,7168,4096,128x128,flydsl,bmm,1,815.473,flydsl_bmm_mxfp8_mfma_t128x256x128_w1x2_nb2_sk1_bd1,2064.6,685.2,0.0008
gfx950,256,32768,7168,4096,128x128,flydsl,bmm,1,925.503,flydsl_bmm_mxfp8_mfma_t128x256x128_w1x2_nb2_sk1_bd1,2079.03,685.45,0.0008
gfx950,256,40960,7168,4096,128x128,flydsl,bmm,1,1161.599,flydsl_bmm_mxfp8_mfma_t128x256x128_w1x2_nb2_sk1_bd1,2070.58,676.35,0.0008
gfx950,256,49152,7168,4096,128x128,flydsl,bmm,1,1393.553,flydsl_bmm_mxfp8_mfma_t128x256x128_w1x2_nb2_sk1_bd1,2071.12,672.31,0.0008
gfx950,256,57344,7168,4096,128x128,flydsl,bmm,1,1651.411,flydsl_bmm_mxfp8_mfma_t128x256x128_w1x2_nb2_sk1_bd1_sps,2039.02,658.93,0.0008
gfx950,256,65536,7168,4096,128x128,flydsl,bmm,1,1888.241,flydsl_bmm_mxfp8_mfma_t256x256x128_w1x4_nb2_sk1_bd1_xcd_sps,2038.03,656.39,0.0008
gfx950,256,1,7168,7168,128x128,flydsl,bmm,1,10.575,flydsl_bmm_mxfp8_mfma_t16x32x512_w1x2_nb6_sk1_bd3_nt,9.72,4861.19,0.0006
gfx950,256,2,7168,7168,128x128,flydsl,bmm,1,10.485,flydsl_bmm_mxfp8_mfma_t16x32x512_w1x2_nb6_sk1_bd3_nt_sps,19.6,4904.54,0.001
gfx950,256,4,7168,7168,128x128,flydsl,bmm,1,10.425,flydsl_bmm_mxfp8_mfma_t16x32x256_w1x2_nb6_sk1_bd2_sps,39.43,4937.05,0.0008
gfx950,256,8,7168,7168,128x128,flydsl,bmm,1,10.531,flydsl_bmm_mxfp8_mfma_t16x32x512_w1x1_nb7_sk1_bd4_nt,78.06,4895.47,0.0009
gfx950,256,16,7168,7168,128x128,flydsl,bmm,1,10.891,flydsl_bmm_mxfp8_mfma_t16x32x512_w1x1_nb5_sk1_bd2_sps,150.97,4749.67,0.0009
gfx950,256,32,7168,7168,128x128,flydsl,bmm,1,12.054,flydsl_bmm_mxfp8_mfma_t32x32x512_w1x2_nb5_sk1_bd3_nt,272.8,4320.01,0.0008
gfx950,256,48,7168,7168,128x128,flydsl,bmm,2,13.95,flydsl_bmm_mxfp8_mfma_t64x64x128_w4x1_nb6_sk2_nt,353.59,3757.59,0.0009
gfx950,256,64,7168,7168,128x128,flydsl,bmm,2,15.372,flydsl_bmm_mxfp8_mfma_t64x64x128_w2x2_nb6_sk2_nt,427.84,3432.51,0.0008
gfx950,256,80,7168,7168,128x128,flydsl,bmm,2,17.062,flydsl_bmm_mxfp8_mfma_t96x64x128_w2x2_nb6_sk2_nt,481.82,3112.63,0.0009
gfx950,256,96,7168,7168,128x128,flydsl,bmm,2,17.875,flydsl_bmm_mxfp8_mfma_t96x64x128_w2x2_nb5_sk2_nt,551.89,2990.4,0.0009
gfx950,256,112,7168,7168,128x128,flydsl,bmm,1,19.533,flydsl_bmm_mxfp8_mfma_t64x64x256_w1x4_nb5_sk1_bd2,589.22,2754.25,0.0008
gfx950,256,128,7168,7168,128x128,flydsl,bmm,2,20.146,flydsl_bmm_mxfp8_mfma_t128x64x128_w4x1_nb4_sk2_xcd,652.91,2687.58,0.0009
gfx950,256,144,7168,7168,128x128,flydsl,bmm,2,23.385,flydsl_bmm_mxfp8_mfma_t192x64x128_w4x1_nb4_sk2_xcd,632.79,2330.07,0.0009
gfx950,256,160,7168,7168,128x128,flydsl,bmm,2,22.804,flydsl_bmm_mxfp8_mfma_t192x64x128_w4x1_nb4_sk2_nt_xcd,721.0,2404.54,0.0009
gfx950,256,176,7168,7168,128x128,flydsl,bmm,2,23.353,flydsl_bmm_mxfp8_mfma_t192x64x128_w4x1_nb4_sk2_nt_xcd,774.45,2362.76,0.0008
gfx950,256,192,7168,7168,128x128,flydsl,bmm,2,24.031,flydsl_bmm_mxfp8_mfma_t192x64x128_w4x1_nb4_sk2_nt_xcd,821.01,2310.43,0.0009
gfx950,256,208,7168,7168,128x128,flydsl,bmm,2,26.183,flydsl_bmm_mxfp8_mfma_t128x128x128_w4x2_nb4_sk2_xcd,816.34,2133.75,0.0009
gfx950,256,224,7168,7168,128x128,flydsl,bmm,2,26.848,flydsl_bmm_mxfp8_mfma_t128x128x128_w4x2_nb4_sk2,857.37,2093.78,0.0008
gfx950,256,240,7168,7168,128x128,flydsl,bmm,2,26.929,flydsl_bmm_mxfp8_mfma_t128x128x128_w4x2_nb4_sk2,915.84,2100.26,0.0008
gfx950,256,256,7168,7168,128x128,flydsl,bmm,2,27.716,flydsl_bmm_mxfp8_mfma_t128x128x128_w4x2_nb4_sk2_xcd,949.14,2053.05,0.0009
gfx950,256,288,7168,7168,128x128,flydsl,bmm,1,35.553,flydsl_bmm_mxfp8_mfma_t128x128x128_w2x4_nb4_sk1,832.42,1619.91,0.0008
gfx950,256,320,7168,7168,128x128,flydsl,bmm,1,36.251,flydsl_bmm_mxfp8_mfma_t128x128x128_w4x2_nb4_sk1,907.1,1607.75,0.0008
gfx950,256,352,7168,7168,128x128,flydsl,bmm,1,36.556,flydsl_bmm_mxfp8_mfma_t128x128x128_w4x2_nb4_sk1,989.49,1613.21,0.0009
gfx950,256,384,7168,7168,128x128,flydsl,bmm,1,37.446,flydsl_bmm_mxfp8_mfma_t128x128x128_w4x2_nb4_sk1,1053.77,1593.27,0.0009
gfx950,256,416,7168,7168,128x128,flydsl,bmm,1,40.902,flydsl_bmm_mxfp8_mfma_t128x128x128_w4x2_nb4_sk1,1045.13,1475.52,0.0009
gfx950,256,448,7168,7168,128x128,flydsl,bmm,1,40.409,flydsl_bmm_mxfp8_mfma_t128x128x128_w4x2_nb4_sk1,1139.26,1510.6,0.0009
gfx950,256,480,7168,7168,128x128,flydsl,bmm,1,41.672,flydsl_bmm_mxfp8_mfma_t128x128x128_w4x2_nb4_sk1,1183.65,1481.38,0.0009
gfx950,256,512,7168,7168,128x128,flydsl,bmm,1,42.906,flydsl_bmm_mxfp8_mfma_t128x128x128_w4x2_nb4_sk1_xcd,1226.23,1454.84,0.0008
gfx950,256,544,7168,7168,128x128,flydsl,bmm,1,49.822,flydsl_bmm_mxfp8_mfma_t192x128x128_w4x2_nb3_sk1_xcd,1122.03,1266.75,0.0009
gfx950,256,576,7168,7168,128x128,flydsl,bmm,1,49.662,flydsl_bmm_mxfp8_mfma_t192x128x128_w4x2_nb3_sk1_xcd,1191.85,1284.72,0.0009
gfx950,256,608,7168,7168,128x128,flydsl,bmm,1,55.417,flydsl_bmm_mxfp8_mfma_t192x128x128_w4x2_nb3_sk1_xcd,1127.42,1163.76,0.0009
gfx950,256,640,7168,7168,128x128,flydsl,bmm,1,56.004,flydsl_bmm_mxfp8_mfma_t112x128x128_w1x2_nb3_sk1_bd2_xcd,1174.32,1163.87,0.0009
gfx950,256,672,7168,7168,128x128,flydsl,bmm,1,56.194,flydsl_bmm_mxfp8_mfma_t112x128x128_w1x2_nb3_sk1_bd2_xcd,1228.87,1172.22,0.0009
gfx950,256,704,7168,7168,128x128,flydsl,bmm,1,59.543,flydsl_bmm_mxfp8_mfma_t128x128x128_w1x2_nb4_sk1_bd3_xcd,1214.98,1117.88,0.0008
gfx950,256,736,7168,7168,128x128,flydsl,bmm,1,60.711,flydsl_bmm_mxfp8_mfma_t112x128x128_w1x2_nb4_sk1_bd3_xcd,1245.77,1107.74,0.0009
gfx950,256,768,7168,7168,128x128,flydsl,bmm,1,60.673,flydsl_bmm_mxfp8_mfma_t112x128x128_w1x2_nb3_sk1_bd2_xcd,1300.75,1119.8,0.0009
gfx950,256,800,7168,7168,128x128,flydsl,bmm,1,64.009,flydsl_bmm_mxfp8_mfma_t96x256x128_w1x4_nb3_sk1_bd2_xcd,1284.32,1072.21,0.0009
gfx950,256,832,7168,7168,128x128,flydsl,bmm,1,64.008,flydsl_bmm_mxfp8_mfma_t96x256x128_w1x4_nb4_sk1_bd2_xcd,1335.71,1083.01,0.0009
gfx950,256,864,7168,7168,128x128,flydsl,bmm,1,64.95,flydsl_bmm_mxfp8_mfma_t96x256x128_w1x4_nb4_sk1_bd3_xcd,1366.98,1077.93,0.0009
gfx950,256,896,7168,7168,128x128,flydsl,bmm,1,66.057,flydsl_bmm_mxfp8_mfma_t128x128x128_w1x2_nb3_sk1_bd2_xcd,1393.85,1070.3,0.0009
gfx950,256,928,7168,7168,128x128,flydsl,bmm,1,68.814,flydsl_bmm_mxfp8_mfma_t112x128x128_w1x2_nb3_sk1_bd2_xcd,1385.79,1037.45,0.0009
gfx950,256,960,7168,7168,128x128,flydsl,bmm,1,69.901,flydsl_bmm_mxfp8_mfma_t112x128x128_w1x2_nb4_sk1_bd3_xcd,1411.27,1031.18,0.0009
gfx950,256,992,7168,7168,128x128,flydsl,bmm,1,70.566,flydsl_bmm_mxfp8_mfma_t112x128x128_w1x2_nb4_sk1_bd3_xcd,1444.59,1031.25,0.0009
gfx950,256,1024,7168,7168,128x128,flydsl,bmm,1,70.788,flydsl_bmm_mxfp8_mfma_t128x256x128_w1x4_nb3_sk1_bd2_xcd,1486.5,1037.75,0.0009
gfx950,256,1088,7168,7168,128x128,flydsl,bmm,1,74.154,flydsl_bmm_mxfp8_mfma_t128x256x128_w1x4_nb3_sk1_bd2_xcd,1507.72,1009.26,0.0009
gfx950,256,1152,7168,7168,128x128,flydsl,bmm,1,75.799,flydsl_bmm_mxfp8_mfma_t128x256x128_w1x4_nb3_sk1_bd2_xcd,1561.75,1005.55,0.0009
gfx950,256,1216,7168,7168,128x128,flydsl,bmm,1,87.711,flydsl_bmm_mxfp8_mfma_t192x256x128_w1x4_nb5_sk1_bd3_xcd,1424.63,884.72,0.0009
gfx950,256,1280,7168,7168,128x128,flydsl,bmm,1,88.255,flydsl_bmm_mxfp8_mfma_t192x256x128_w1x4_nb4_sk1_bd2_xcd,1490.38,894.91,0.0009
gfx950,256,1344,7168,7168,128x128,flydsl,bmm,1,87.729,flydsl_bmm_mxfp8_mfma_t192x256x128_w1x4_nb5_sk1_bd3_xcd,1574.28,916.01,0.0009
gfx950,256,1408,7168,7168,128x128,flydsl,bmm,1,92.335,flydsl_bmm_mxfp8_mfma_t192x256x128_w1x4_nb4_sk1_bd3,1566.98,885.26,0.0009
gfx950,256,1472,7168,7168,128x128,flydsl,bmm,1,93.464,flydsl_bmm_mxfp8_mfma_t192x256x128_w1x4_nb5_sk1_bd3_xcd,1618.42,889.33,0.0009
gfx950,256,1536,7168,7168,128x128,flydsl,bmm,1,93.248,flydsl_bmm_mxfp8_mfma_t192x256x128_w1x4_nb4_sk1_bd3,1692.7,906.18,0.0009
gfx950,256,1600,7168,7168,128x128,flydsl,bmm,1,98.757,flydsl_bmm_mxfp8_mfma_t192x256x128_w1x4_nb4_sk1_bd3_xcd,1664.87,869.61,0.0009
gfx950,256,1664,7168,7168,128x128,flydsl,bmm,1,97.912,flydsl_bmm_mxfp8_mfma_t192x256x128_w1x4_nb4_sk1_bd3_xcd,1746.39,891.2,0.0009
gfx950,256,1728,7168,7168,128x128,flydsl,bmm,1,98.539,flydsl_bmm_mxfp8_mfma_t192x256x128_w1x4_nb4_sk1_bd3_xcd,1802.03,899.53,0.0009
gfx950,256,1792,7168,7168,128x128,flydsl,bmm,1,111.978,flydsl_bmm_mxfp8_mfma_t256x256x128_w4x2_nb2_sk1_xcd_sps,1644.49,803.9,0.0009
gfx950,256,1856,7168,7168,128x128,flydsl,bmm,1,116.172,flydsl_bmm_mxfp8_mfma_t256x256x128_w4x2_nb2_sk1,1641.74,786.76,0.0009
gfx950,256,1920,7168,7168,128x128,flydsl,bmm,1,115.991,flydsl_bmm_mxfp8_mfma_t256x256x128_w4x2_nb2_sk1,1700.99,799.87,0.0009
gfx950,256,1984,7168,7168,128x128,flydsl,bmm,1,116.904,flydsl_bmm_mxfp8_mfma_t256x256x128_w4x2_nb2_sk1,1743.97,805.43,0.0009
gfx950,256,2048,7168,7168,128x128,flydsl,bmm,1,118.035,flydsl_bmm_mxfp8_mfma_t256x256x128_w4x2_nb2_sk1,1782.97,809.41,0.0009
gfx950,256,4096,7168,7168,128x128,flydsl,bmm,1,213.031,flydsl_bmm_mxfp8_mfma_t256x256x128_w4x2_nb2_sk1,1975.8,655.74,0.0009
gfx950,256,6144,7168,7168,128x128,flydsl,bmm,1,303.683,flydsl_bmm_mxfp8_mfma_t256x256x128_w4x2_nb2_sk1,2079.01,605.39,0.0009
gfx950,256,8192,7168,7168,128x128,flydsl,bmm,1,396.655,flydsl_bmm_mxfp8_mfma_t256x256x128_w4x2_nb2_sk1,2122.28,574.81,0.0009
gfx950,256,10240,7168,7168,128x128,flydsl,bmm,1,493.016,flydsl_bmm_mxfp8_mfma_t256x256x128_w4x2_nb2_sk1,2134.35,552.03,0.0009
gfx950,256,12288,7168,7168,128x128,flydsl,bmm,1,559.632,flydsl_bmm_mxfp8_mfma_t192x256x128_w1x4_nb4_sk1_bd3,2256.34,565.22,0.0009
gfx950,256,14336,7168,7168,128x128,flydsl,bmm,1,673.631,flydsl_bmm_mxfp8_mfma_t112x256x128_w1x2_nb2_sk1_bd1,2186.92,535.11,0.0009
gfx950,256,16384,7168,7168,128x128,flydsl,bmm,1,727.291,flydsl_bmm_mxfp8_mfma_t256x256x128_w4x2_nb2_sk1,2314.93,556.34,0.0009
gfx950,256,20480,7168,7168,128x128,flydsl,bmm,1,926.866,flydsl_bmm_mxfp8_mfma_t256x256x128_w4x2_nb2_sk1,2270.59,531.83,0.0009
gfx950,256,24576,7168,7168,128x128,flydsl,bmm,1,1129.1,flydsl_bmm_mxfp8_mfma_t256x256x128_w4x2_nb2_sk1,2236.69,514.78,0.0009
gfx950,256,28672,7168,7168,128x128,flydsl,bmm,1,1339.388,flydsl_bmm_mxfp8_mfma_t256x256x128_w4x2_nb2_sk1,2199.77,499.89,0.0009
gfx950,256,32768,7168,7168,128x128,flydsl,bmm,1,1524.459,flydsl_bmm_mxfp8_mfma_t256x256x128_w4x2_nb2_sk1_xcd,2208.82,497.13,0.0009
gfx950,256,40960,7168,7168,128x128,flydsl,bmm,1,1921.739,flydsl_bmm_mxfp8_mfma_t256x256x128_w4x2_nb2_sk1_xcd,2190.24,486.27,0.0009
gfx950,256,49152,7168,7168,128x128,flydsl,bmm,1,2277.448,flydsl_bmm_mxfp8_mfma_t256x256x128_w4x2_nb2_sk1_xcd,2217.78,487.87,0.0009
gfx950,256,57344,7168,7168,128x128,flydsl,bmm,1,2683.884,flydsl_bmm_mxfp8_mfma_t256x256x128_w4x2_nb2_sk1_xcd,2195.59,479.8,0.0009
gfx950,256,65536,7168,7168,128x128,flydsl,bmm,1,3045.413,flydsl_bmm_mxfp8_mfma_t256x256x128_w4x2_nb2_sk1_xcd,2211.36,480.83,0.0009
gfx950,256,1,7168,16384,128x128,flydsl,bmm,1,19.238,flydsl_bmm_mxfp8_mfma_t16x32x512_w1x2_nb6_sk1_nt_xcd_sps,12.21,6106.69,0.0006
gfx950,256,2,7168,16384,128x128,flydsl,bmm,1,19.197,flydsl_bmm_mxfp8_mfma_t16x32x256_w1x2_nb6_sk1_nt_xcd_sps,24.47,6121.25,0.0005
gfx950,256,4,7168,16384,128x128,flydsl,bmm,1,19.251,flydsl_bmm_mxfp8_mfma_t16x32x256_w1x2_nb6_sk1_nt_xcd_sps,48.81,6107.42,0.0008
gfx950,256,8,7168,16384,128x128,flydsl,bmm,1,19.549,flydsl_bmm_mxfp8_mfma_t16x32x512_w1x2_nb6_sk1_nt_xcd,96.12,6020.51,0.001
gfx950,256,16,7168,16384,128x128,flydsl,bmm,1,20.209,flydsl_bmm_mxfp8_mfma_t16x32x512_w1x1_nb5_sk1_bd2_nt_xcd_sps,185.96,5836.16,0.0009
gfx950,256,32,7168,16384,128x128,flydsl,bmm,2,22.001,flydsl_bmm_mxfp8_mfma_t32x64x128_w2x2_nb4_sk2_nt,341.62,5383.05,0.0009
gfx950,256,48,7168,16384,128x128,flydsl,bmm,2,23.83,flydsl_bmm_mxfp8_mfma_t64x64x128_w2x2_nb6_sk2_nt,473.11,4990.7,0.0009
gfx950,256,64,7168,16384,128x128,flydsl,bmm,2,25.996,flydsl_bmm_mxfp8_mfma_t64x64x128_w4x1_nb6_sk2_nt,578.25,4593.8,0.0009
gfx950,256,80,7168,16384,128x128,flydsl,bmm,2,31.982,flydsl_bmm_mxfp8_mfma_t128x64x128_w4x2_nb5_sk2_nt_xcd,587.53,3749.42,0.0009
gfx950,256,96,7168,16384,128x128,flydsl,bmm,2,33.522,flydsl_bmm_mxfp8_mfma_t128x64x128_w4x2_nb5_sk2_nt,672.66,3591.98,0.0009
gfx950,256,112,7168,16384,128x128,flydsl,bmm,2,35.307,flydsl_bmm_mxfp8_mfma_t128x64x128_w4x1_nb4_sk2_nt_xcd,745.09,3424.34,0.0008
gfx950,256,128,7168,16384,128x128,flydsl,bmm,4,33.389,flydsl_bmm_mxfp8_mfma_t128x128x128_w4x2_nb4_sk4_nt_xcd,900.43,3635.79,0.0009
gfx950,256,144,7168,16384,128x128,flydsl,bmm,2,49.375,flydsl_bmm_mxfp8_mfma_t128x128x128_w4x2_nb4_sk2,685.02,2468.64,0.0009
gfx950,256,160,7168,16384,128x128,flydsl,bmm,2,49.876,flydsl_bmm_mxfp8_mfma_t128x128x128_w2x4_nb4_sk2_xcd,753.49,2453.77,0.0009
gfx950,256,176,7168,16384,128x128,flydsl,bmm,2,48.994,flydsl_bmm_mxfp8_mfma_t128x128x128_w4x2_nb4_sk2_xcd,843.75,2507.98,0.0009
gfx950,256,192,7168,16384,128x128,flydsl,bmm,2,49.936,flydsl_bmm_mxfp8_mfma_t128x128x128_w4x2_nb4_sk2,903.09,2470.56,0.0009
gfx950,256,208,7168,16384,128x128,flydsl,bmm,2,51.03,flydsl_bmm_mxfp8_mfma_t128x128x128_w4x2_nb4_sk2_xcd,957.39,2427.29,0.0009
gfx950,256,224,7168,16384,128x128,flydsl,bmm,2,52.151,flydsl_bmm_mxfp8_mfma_t128x128x128_w4x2_nb4_sk2_xcd,1008.87,2384.59,0.0009
gfx950,256,240,7168,16384,128x128,flydsl,bmm,2,53.521,flydsl_bmm_mxfp8_mfma_t128x128x128_w4x2_nb4_sk2,1053.25,2332.74,0.0009
gfx950,256,256,7168,16384,128x128,flydsl,bmm,2,53.904,flydsl_bmm_mxfp8_mfma_t128x128x128_w4x2_nb4_sk2,1115.49,2325.33,0.0009
gfx950,256,288,7168,16384,128x128,flydsl,bmm,1,73.77,flydsl_bmm_mxfp8_mfma_t128x128x128_w4x2_nb4_sk1,916.98,1712.5,0.0009
gfx950,256,320,7168,16384,128x128,flydsl,bmm,2,73.928,flydsl_bmm_mxfp8_mfma_t128x256x128_w4x2_nb3_sk2_xcd,1016.69,1722.21,0.0009
gfx950,256,352,7168,16384,128x128,flydsl,bmm,1,77.207,flydsl_bmm_mxfp8_mfma_t128x128x128_w4x2_nb4_sk1_xcd,1070.87,1661.85,0.0009
gfx950,256,384,7168,16384,128x128,flydsl,bmm,2,79.784,flydsl_bmm_mxfp8_mfma_t128x256x128_w4x2_nb3_sk2_xcd,1130.48,1620.54,0.0009
gfx950,256,416,7168,16384,128x128,flydsl,bmm,1,85.257,flydsl_bmm_mxfp8_mfma_t128x128x128_w4x2_nb4_sk1_xcd,1146.07,1528.1,0.0009
gfx950,256,448,7168,16384,128x128,flydsl,bmm,1,86.737,flydsl_bmm_mxfp8_mfma_t128x128x128_w4x2_nb4_sk1_xcd,1213.17,1513.4,0.0009
gfx950,256,480,7168,16384,128x128,flydsl,bmm,1,86.578,flydsl_bmm_mxfp8_mfma_t128x128x128_w4x2_nb4_sk1_xcd,1302.21,1527.58,0.0009
gfx950,256,512,7168,16384,128x128,flydsl,bmm,2,88.23,flydsl_bmm_mxfp8_mfma_t128x256x128_w2x4_nb3_sk2_xcd,1363.02,1510.17,0.0009
gfx950,256,544,7168,16384,128x128,flydsl,bmm,1,104.312,flydsl_bmm_mxfp8_mfma_t112x128x128_w1x2_nb3_sk1_bd2_xcd,1224.94,1286.81,0.0009
gfx950,256,576,7168,16384,128x128,flydsl,bmm,1,106.635,flydsl_bmm_mxfp8_mfma_t96x128x128_w1x2_nb3_sk1_bd2_xcd,1268.73,1268.02,0.0009
gfx950,256,608,7168,16384,128x128,flydsl,bmm,1,113.254,flydsl_bmm_mxfp8_mfma_t112x128x128_w1x2_nb3_sk1_bd2_xcd,1260.95,1202.64,0.0009
gfx950,256,640,7168,16384,128x128,flydsl,bmm,1,112.677,flydsl_bmm_mxfp8_mfma_t112x128x128_w1x2_nb3_sk1_bd2_xcd,1334.11,1217.56,0.0009
gfx950,256,672,7168,16384,128x128,flydsl,bmm,1,113.486,flydsl_bmm_mxfp8_mfma_t112x128x128_w1x2_nb3_sk1_bd2_xcd,1390.84,1217.58,0.0009
gfx950,256,704,7168,16384,128x128,flydsl,bmm,1,120.906,flydsl_bmm_mxfp8_mfma_t128x128x128_w1x2_nb3_sk1_bd2_xcd,1367.64,1151.02,0.0009
gfx950,256,736,7168,16384,128x128,flydsl,bmm,1,121.335,flydsl_bmm_mxfp8_mfma_t192x128x128_w1x4_nb4_sk1_bd2_xcd,1424.76,1155.09,0.0009
gfx950,256,768,7168,16384,128x128,flydsl,bmm,1,121.227,flydsl_bmm_mxfp8_mfma_t192x128x128_w2x4_nb4_sk1_bd2_xcd,1488.02,1164.25,0.0009
gfx950,256,800,7168,16384,128x128,flydsl,bmm,1,131.25,flydsl_bmm_mxfp8_mfma_t96x256x128_w1x4_nb3_sk1_bd2_xcd,1431.66,1082.87,0.0009
gfx950,256,832,7168,16384,128x128,flydsl,bmm,1,130.683,flydsl_bmm_mxfp8_mfma_t128x256x128_w1x4_nb4_sk1_bd3_xcd,1495.39,1095.12,0.0009
gfx950,256,864,7168,16384,128x128,flydsl,bmm,1,131.565,flydsl_bmm_mxfp8_mfma_t128x128x128_w1x2_nb3_sk1_bd2_xcd,1542.48,1095.28,0.0009
gfx950,256,896,7168,16384,128x128,flydsl,bmm,1,131.666,flydsl_bmm_mxfp8_mfma_t128x128x128_w1x2_nb3_sk1_bd2_xcd,1598.39,1101.94,0.0009
gfx950,256,928,7168,16384,128x128,flydsl,bmm,1,139.401,flydsl_bmm_mxfp8_mfma_t128x256x128_w1x4_nb4_sk1_bd3_xcd,1563.62,1047.87,0.0009
gfx950,256,960,7168,16384,128x128,flydsl,bmm,1,141.009,flydsl_bmm_mxfp8_mfma_t128x256x128_w1x4_nb3_sk1_bd2,1599.08,1042.92,0.0009
gfx950,256,992,7168,16384,128x128,flydsl,bmm,1,141.373,flydsl_bmm_mxfp8_mfma_t128x256x128_w1x4_nb4_sk1_bd3,1648.14,1047.22,0.0009
gfx950,256,1024,7168,16384,128x128,flydsl,bmm,1,143.795,flydsl_bmm_mxfp8_mfma_t128x256x128_w1x4_nb5_sk1_bd3,1672.65,1036.45,0.0009
gfx950,256,1088,7168,16384,128x128,flydsl,bmm,1,146.054,flydsl_bmm_mxfp8_mfma_t128x256x128_w1x4_nb3_sk1_bd2_xcd,1749.7,1033.93,0.0009
gfx950,256,1152,7168,16384,128x128,flydsl,bmm,1,147.348,flydsl_bmm_mxfp8_mfma_t128x256x128_w1x4_nb4_sk1_bd3_xcd,1836.36,1038.26,0.0009
gfx950,256,1216,7168,16384,128x128,flydsl,bmm,1,176.033,flydsl_bmm_mxfp8_mfma_t192x256x128_w1x4_nb3_sk1_bd2_xcd,1622.51,880.28,0.0009
gfx950,256,1280,7168,16384,128x128,flydsl,bmm,1,177.157,flydsl_bmm_mxfp8_mfma_t192x256x128_w1x4_nb3_sk1_bd2_xcd,1697.07,885.84,0.0009
gfx950,256,1344,7168,16384,128x128,flydsl,bmm,1,178.549,flydsl_bmm_mxfp8_mfma_t192x256x128_w1x4_nb3_sk1_bd2_xcd,1768.03,889.99,0.0009
gfx950,256,1408,7168,16384,128x128,flydsl,bmm,1,185.894,flydsl_bmm_mxfp8_mfma_t192x256x128_w1x4_nb4_sk1_bd2_xcd,1779.04,865.45,0.0009
gfx950,256,1472,7168,16384,128x128,flydsl,bmm,1,187.724,flydsl_bmm_mxfp8_mfma_t192x256x128_w1x4_nb4_sk1_bd3,1841.78,867.53,0.0009
gfx950,256,1536,7168,16384,128x128,flydsl,bmm,1,189.367,flydsl_bmm_mxfp8_mfma_t192x256x128_w1x4_nb4_sk1_bd2_xcd,1905.18,870.43,0.0009
gfx950,256,1600,7168,16384,128x128,flydsl,bmm,1,198.439,flydsl_bmm_mxfp8_mfma_t192x256x128_w1x4_nb3_sk1_bd2_xcd,1893.83,840.58,0.0009
gfx950,256,1664,7168,16384,128x128,flydsl,bmm,1,198.016,flydsl_bmm_mxfp8_mfma_t192x256x128_w1x4_nb3_sk1_bd2_xcd,1973.79,852.35,0.0009
gfx950,256,1728,7168,16384,128x128,flydsl,bmm,1,199.605,flydsl_bmm_mxfp8_mfma_t192x256x128_w1x4_nb4_sk1_bd3_xcd,2033.39,855.45,0.0009
gfx950,256,1792,7168,16384,128x128,flydsl,bmm,1,223.7,flydsl_bmm_mxfp8_mfma_t112x256x128_w1x2_nb2_sk1_bd1_xcd,1881.57,772.14,0.0009
gfx950,256,1856,7168,16384,128x128,flydsl,bmm,1,225.799,flydsl_bmm_mxfp8_mfma_t112x256x128_w1x2_nb3_sk1_bd2,1930.65,773.7,0.0009
gfx950,256,1920,7168,16384,128x128,flydsl,bmm,1,221.72,flydsl_bmm_mxfp8_mfma_t112x256x128_w1x2_nb3_sk1_bd2_xcd,2033.97,796.84,0.0009
gfx950,256,1984,7168,16384,128x128,flydsl,bmm,1,224.109,flydsl_bmm_mxfp8_mfma_t112x256x128_w1x2_nb3_sk1_bd2_xcd,2079.36,797.16,0.0009
gfx950,256,2048,7168,16384,128x128,flydsl,bmm,1,251.241,flydsl_bmm_mxfp8_mfma_t256x256x128_w1x4_nb2_sk1_bd1_xcd,1914.64,718.93,0.0009
gfx950,256,4096,7168,16384,128x128,flydsl,bmm,1,456.73,flydsl_bmm_mxfp8_mfma_t128x128x128_w1x4_nb3_sk1_bd2,2106.44,533.8,0.0009
gfx950,256,6144,7168,16384,128x128,flydsl,bmm,1,677.277,flydsl_bmm_mxfp8_mfma_t128x256x128_w1x2_nb2_sk1_bd1,2130.75,453.25,0.0009
gfx950,256,8192,7168,16384,128x128,flydsl,bmm,1,852.696,flydsl_bmm_mxfp8_mfma_t128x256x128_w1x4_nb4_sk1_bd3,2256.54,434.1,0.0009
gfx950,256,10240,7168,16384,128x128,flydsl,bmm,1,1093.616,flydsl_bmm_mxfp8_mfma_t128x256x128_w1x4_nb4_sk1_bd3,2199.29,396.24,0.0009
gfx950,256,12288,7168,16384,128x128,flydsl,bmm,1,1238.925,flydsl_bmm_mxfp8_mfma_t192x256x128_w1x4_nb4_sk1_bd3,2329.61,400.76,0.0009
gfx950,256,14336,7168,16384,128x128,flydsl,bmm,1,1570.116,flydsl_bmm_mxfp8_mfma_t224x256x128_w1x4_nb2_sk1_bd1_xcd,2144.59,356.46,0.0009
gfx950,256,16384,7168,16384,128x128,flydsl,bmm,1,1759.868,flydsl_bmm_mxfp8_mfma_t256x256x128_w1x4_nb2_sk1_bd1,2186.69,353.93,0.0009
gfx950,256,20480,7168,16384,128x128,flydsl,bmm,1,2231.514,flydsl_bmm_mxfp8_mfma_t256x256x128_w1x4_nb3_sk1_bd1_xcd_sps,2155.65,335.74,0.0009
gfx950,256,24576,7168,16384,128x128,flydsl,bmm,1,2687.42,flydsl_bmm_mxfp8_mfma_t256x256x128_w1x4_nb2_sk1_bd1_xcd,2147.95,325.8,0.0009
gfx950,256,28672,7168,16384,128x128,flydsl,bmm,1,3136.165,flydsl_bmm_mxfp8_mfma_t224x256x128_w1x4_nb2_sk1_bd1_xcd,2147.37,319.47,0.0009
gfx950,256,32768,7168,16384,128x128,flydsl,bmm,1,3549.159,flydsl_bmm_mxfp8_mfma_t256x256x128_w1x4_nb2_sk1_bd1_xcd,2168.56,317.9,0.0009
gfx950,256,40960,7168,16384,128x128,flydsl,bmm,1,4537.386,flydsl_bmm_mxfp8_mfma_t256x256x128_w1x4_nb3_sk1_bd1_xcd_sps,2120.32,304.36,0.0009
gfx950,256,49152,7168,16384,128x128,flydsl,bmm,1,5345.635,flydsl_bmm_mxfp8_mfma_t256x256x128_w1x4_nb3_sk1_bd1_xcd_sps,2159.68,305.61,0.0009
gfx950,256,57344,7168,16384,128x128,flydsl,bmm,1,6316.458,flydsl_bmm_mxfp8_mfma_t224x256x128_w1x4_nb2_sk1_bd1_xcd,2132.37,298.65,0.0009
gfx950,256,65536,7168,16384,128x128,flydsl,bmm,1,7002.621,flydsl_bmm_mxfp8_mfma_t224x256x128_w1x4_nb3_sk1_bd2_xcd,2198.2,305.47,0.0009
gfx950,256,16,7168,21504,128x128,flydsl,bmm,1,26.564,flydsl_bmm_mxfp8_mfma_t16x32x512_w1x2_nb6_sk1_bd2_nt,185.68,5824.64,0.0008
gfx950,256,32,7168,21504,128x128,flydsl,bmm,2,27.666,flydsl_bmm_mxfp8_mfma_t32x64x128_w2x2_nb6_sk2_nt,356.57,5613.38,0.0009
gfx950,256,64,7168,21504,128x128,flydsl,bmm,2,34.701,flydsl_bmm_mxfp8_mfma_t64x64x128_w2x2_nb6_sk2_nt_xcd,568.57,4508.61,0.0008
gfx950,256,128,7168,21504,128x128,flydsl,bmm,2,47.285,flydsl_bmm_mxfp8_mfma_t128x64x128_w2x2_nb4_sk2_nt,834.51,3357.47,0.0009
gfx950,256,256,7168,21504,128x128,flydsl,bmm,2,65.438,flydsl_bmm_mxfp8_mfma_t128x128x128_w4x2_nb4_sk2,1206.03,2496.54,0.0009
gfx950,256,512,7168,21504,128x128,flydsl,bmm,1,112.387,flydsl_bmm_mxfp8_mfma_t128x128x128_w4x2_nb4_sk1_xcd,1404.43,1535.64,0.0009
gfx950,256,1024,7168,21504,128x128,flydsl,bmm,1,179.571,flydsl_bmm_mxfp8_mfma_t128x256x128_w1x4_nb4_sk1_bd3,1757.96,1063.77,0.0009
gfx950,256,2048,7168,21504,128x128,flydsl,bmm,1,318.709,flydsl_bmm_mxfp8_mfma_t128x256x128_w1x4_nb4_sk1_bd3,1981.0,715.06,0.0009
gfx950,256,3072,7168,21504,128x128,flydsl,bmm,1,441.808,flydsl_bmm_mxfp8_mfma_t192x256x128_w1x4_nb4_sk1_bd3,2143.56,599.28,0.0009
gfx950,256,4096,7168,21504,128x128,flydsl,bmm,1,593.557,flydsl_bmm_mxfp8_mfma_t128x256x128_w1x4_nb4_sk1_bd3,2127.38,508.19,0.0009
gfx950,256,1,8192,1536,128x128,flydsl,bmm,1,4.74,flydsl_bmm_mxfp8_mfma_t16x32x256_w1x2_nb6_sk1_nt_sps,5.31,2658.75,0.0009
gfx950,256,2,8192,1536,128x128,flydsl,bmm,1,4.74,flydsl_bmm_mxfp8_mfma_t16x32x128_w1x2_nb9_sk1_nt_sps,10.62,2662.08,0.0006
gfx950,256,4,8192,1536,128x128,flydsl,bmm,1,4.787,flydsl_bmm_mxfp8_mfma_t16x32x128_w1x2_nb9_sk1_nt_sps,21.03,2643.82,0.0009
gfx950,256,8,8192,1536,128x128,flydsl,bmm,1,4.849,flydsl_bmm_mxfp8_mfma_t16x32x128_w1x2_nb12_sk1_nt_sps,41.52,2624.67,0.0006
gfx950,256,16,8192,1536,128x128,flydsl,bmm,1,5.072,flydsl_bmm_mxfp8_mfma_t16x32x128_w1x2_nb10_sk1_nt_sps,79.38,2537.46,0.0008
gfx950,256,32,8192,1536,128x128,flydsl,bmm,1,5.603,flydsl_bmm_mxfp8_mfma_t32x32x128_w1x2_nb10_sk1_nt_sps,143.74,2348.42,0.0007
gfx950,256,48,8192,1536,128x128,flydsl,bmm,1,6.195,flydsl_bmm_mxfp8_mfma_t64x32x512_w4x1_nb3_sk1,194.98,2170.15,0.0007
gfx950,256,64,8192,1536,128x128,flydsl,bmm,1,6.334,flydsl_bmm_mxfp8_mfma_t64x32x512_w4x1_nb3_sk1_nt,254.27,2167.77,0.0007
gfx950,256,80,8192,1536,128x128,flydsl,bmm,1,6.818,flydsl_bmm_mxfp8_mfma_t48x64x256_w1x4_nb5_sk1_bd2_xcd,295.28,2056.04,0.0006
gfx950,256,96,8192,1536,128x128,flydsl,bmm,1,6.985,flydsl_bmm_mxfp8_mfma_t64x64x128_w2x2_nb5_sk1_xcd_sps,345.85,2047.87,0.0007
gfx950,256,112,8192,1536,128x128,flydsl,bmm,1,7.071,flydsl_bmm_mxfp8_mfma_t64x64x128_w2x2_nb5_sk1_xcd_sps,398.63,2063.76,0.0007
gfx950,256,128,8192,1536,128x128,flydsl,bmm,1,7.357,flydsl_bmm_mxfp8_mfma_t64x64x128_w1x4_nb5_sk1_xcd,437.83,2022.38,0.0007
gfx950,256,144,8192,1536,128x128,flydsl,bmm,1,7.964,flydsl_bmm_mxfp8_mfma_t96x64x128_w2x2_nb4_sk1_xcd,455.01,1904.22,0.0007
gfx950,256,160,8192,1536,128x128,flydsl,bmm,1,7.981,flydsl_bmm_mxfp8_mfma_t96x64x128_w2x2_nb5_sk1,504.5,1936.15,0.0007
gfx950,256,176,8192,1536,128x128,flydsl,bmm,1,8.192,flydsl_bmm_mxfp8_mfma_t96x64x128_w2x2_nb4_sk1,540.68,1921.37,0.0007
gfx950,256,192,8192,1536,128x128,flydsl,bmm,1,8.433,flydsl_bmm_mxfp8_mfma_t96x64x128_w2x2_nb4_sk1,572.95,1900.4,0.0007
gfx950,256,208,8192,1536,128x128,flydsl,bmm,1,8.701,flydsl_bmm_mxfp8_mfma_t128x64x128_w4x2_nb4_sk1,601.59,1874.9,0.0007
gfx950,256,224,8192,1536,128x128,flydsl,bmm,1,8.937,flydsl_bmm_mxfp8_mfma_t128x64x128_w2x2_nb4_sk1,630.73,1857.41,0.0007
gfx950,256,240,8192,1536,128x128,flydsl,bmm,1,9.247,flydsl_bmm_mxfp8_mfma_t128x64x128_w2x2_nb4_sk1,653.19,1826.32,0.0007
gfx950,256,256,8192,1536,128x128,flydsl,bmm,1,9.439,flydsl_bmm_mxfp8_mfma_t128x64x128_w2x4_nb5_sk1,682.53,1819.48,0.0007
gfx950,256,288,8192,1536,128x128,flydsl,bmm,1,10.743,flydsl_bmm_mxfp8_mfma_t192x64x128_w4x2_nb4_sk1,674.64,1652.03,0.0007
gfx950,256,320,8192,1536,128x128,flydsl,bmm,1,10.899,flydsl_bmm_mxfp8_mfma_t192x64x128_w4x2_nb4_sk1,738.91,1681.12,0.0007
gfx950,256,352,8192,1536,128x128,flydsl,bmm,1,11.344,flydsl_bmm_mxfp8_mfma_t192x64x128_w4x2_nb4_sk1,780.92,1665.77,0.0007
gfx950,256,384,8192,1536,128x128,flydsl,bmm,1,11.579,flydsl_bmm_mxfp8_mfma_t192x64x128_w4x2_nb4_sk1_sps,834.58,1681.44,0.0007
gfx950,256,416,8192,1536,128x128,flydsl,bmm,1,12.039,flydsl_bmm_mxfp8_mfma_t128x128x128_w4x2_nb4_sk1,869.58,1664.86,0.0007
gfx950,256,448,8192,1536,128x128,flydsl,bmm,1,12.806,flydsl_bmm_mxfp8_mfma_t128x128x128_w4x2_nb3_sk1_sps,880.4,1609.98,0.0007
gfx950,256,480,8192,1536,128x128,flydsl,bmm,1,12.773,flydsl_bmm_mxfp8_mfma_t128x128x128_w1x4_nb4_sk1_bd2,945.68,1659.0,0.0007
gfx950,256,512,8192,1536,128x128,flydsl,bmm,1,13.907,flydsl_bmm_mxfp8_mfma_t128x128x128_w4x2_nb4_sk1_xcd,926.53,1565.07,0.0007
gfx950,256,544,8192,1536,128x128,flydsl,bmm,1,15.363,flydsl_bmm_mxfp8_mfma_t192x128x128_w1x4_nb4_sk1_bd2_xcd,891.12,1454.07,0.0007
gfx950,256,576,8192,1536,128x128,flydsl,bmm,1,14.998,flydsl_bmm_mxfp8_mfma_t192x128x128_w4x2_nb3_sk1,966.51,1527.72,0.0007
gfx950,256,608,8192,1536,128x128,flydsl,bmm,1,15.69,flydsl_bmm_mxfp8_mfma_t192x128x128_w4x2_nb3_sk1,975.23,1496.94,0.0007
gfx950,256,640,8192,1536,128x128,flydsl,bmm,1,15.601,flydsl_bmm_mxfp8_mfma_t192x128x128_w4x2_nb3_sk1,1032.36,1542.2,0.0007
gfx950,256,672,8192,1536,128x128,flydsl,bmm,1,15.451,flydsl_bmm_mxfp8_mfma_t192x128x128_w2x4_nb3_sk1,1094.54,1594.35,0.0007
gfx950,256,704,8192,1536,128x128,flydsl,bmm,1,15.735,flydsl_bmm_mxfp8_mfma_t192x128x128_w4x2_nb3_sk1,1125.95,1602.03,0.0007
gfx950,256,736,8192,1536,128x128,flydsl,bmm,1,15.624,flydsl_bmm_mxfp8_mfma_t192x128x128_w4x2_nb3_sk1,1185.51,1650.17,0.0007
gfx950,256,768,8192,1536,128x128,flydsl,bmm,1,15.922,flydsl_bmm_mxfp8_mfma_t192x128x128_w4x2_nb3_sk1,1213.87,1655.27,0.0007
gfx950,256,800,8192,1536,128x128,flydsl,bmm,1,19.042,flydsl_bmm_mxfp8_mfma_t128x128x128_w1x2_nb3_sk1_bd1_xcd,1057.27,1414.2,0.0007
gfx950,256,832,8192,1536,128x128,flydsl,bmm,1,19.043,flydsl_bmm_mxfp8_mfma_t128x128x128_w1x2_nb3_sk1_bd1_xcd,1099.53,1444.28,0.0007
gfx950,256,864,8192,1536,128x128,flydsl,bmm,1,19.099,flydsl_bmm_mxfp8_mfma_t128x128x128_w1x2_nb3_sk1_bd1_xcd,1138.47,1470.09,0.0007
gfx950,256,896,8192,1536,128x128,flydsl,bmm,1,19.421,flydsl_bmm_mxfp8_mfma_t128x128x128_w1x2_nb3_sk1_bd1_xcd,1161.07,1475.28,0.0007
gfx950,256,928,8192,1536,128x128,flydsl,bmm,1,20.275,flydsl_bmm_mxfp8_mfma_t128x128x128_w2x4_nb2_sk1,1151.87,1441.43,0.0007
gfx950,256,960,8192,1536,128x128,flydsl,bmm,1,21.137,flydsl_bmm_mxfp8_mfma_t128x128x128_w2x4_nb2_sk1_xcd,1143.0,1409.8,0.0007
gfx950,256,992,8192,1536,128x128,flydsl,bmm,1,21.883,flydsl_bmm_mxfp8_mfma_t128x128x128_w4x1_nb2_sk1_xcd_sps,1140.82,1387.94,0.0007
gfx950,256,1024,8192,1536,128x128,flydsl,bmm,1,21.983,flydsl_bmm_mxfp8_mfma_t128x128x128_w1x4_nb3_sk1_bd1,1172.27,1407.74,0.0007
gfx950,256,1088,8192,1536,128x128,flydsl,bmm,1,24.35,flydsl_bmm_mxfp8_mfma_t96x128x128_w1x4_nb3_sk1_bd1,1124.44,1318.0,0.0007
gfx950,256,1152,8192,1536,128x128,flydsl,bmm,1,24.177,flydsl_bmm_mxfp8_mfma_t96x128x128_w1x4_nb2_sk1_bd1,1199.1,1374.9,0.0007
gfx950,256,1216,8192,1536,128x128,flydsl,bmm,1,26.096,flydsl_bmm_mxfp8_mfma_t192x256x128_w1x4_nb3_sk1_bd2,1172.67,1317.81,0.0007
gfx950,256,1280,8192,1536,128x128,flydsl,bmm,1,26.217,flydsl_bmm_mxfp8_mfma_t192x256x128_w1x4_nb3_sk1_bd2_xcd,1228.67,1355.47,0.0007
gfx950,256,1344,8192,1536,128x128,flydsl,bmm,1,26.432,flydsl_bmm_mxfp8_mfma_t192x256x128_w1x4_nb3_sk1_bd2_xcd,1279.64,1387.9,0.0007
gfx950,256,1408,8192,1536,128x128,flydsl,bmm,1,28.133,flydsl_bmm_mxfp8_mfma_t96x256x128_w1x4_nb2_sk1_bd1,1259.51,1344.76,0.0007
gfx950,256,1472,8192,1536,128x128,flydsl,bmm,1,27.774,flydsl_bmm_mxfp8_mfma_t96x256x128_w1x4_nb2_sk1_bd1,1333.77,1403.45,0.0007
gfx950,256,1536,8192,1536,128x128,flydsl,bmm,1,28.223,flydsl_bmm_mxfp8_mfma_t192x256x128_w1x4_nb3_sk1_bd1,1369.61,1421.78,0.0007
gfx950,256,1600,8192,1536,128x128,flydsl,bmm,1,32.575,flydsl_bmm_mxfp8_mfma_t256x256x128_w2x4_nb2_sk1_sps,1236.09,1267.08,0.0007
gfx950,256,1664,8192,1536,128x128,flydsl,bmm,1,32.742,flydsl_bmm_mxfp8_mfma_t256x256x128_w4x2_nb2_sk1_sps,1278.95,1295.64,0.0007
gfx950,256,1728,8192,1536,128x128,flydsl,bmm,1,32.673,flydsl_bmm_mxfp8_mfma_t256x256x128_w2x4_nb2_sk1_xcd_sps,1330.95,1333.51,0.0007
gfx950,256,1792,8192,1536,128x128,flydsl,bmm,1,33.379,flydsl_bmm_mxfp8_mfma_t256x256x128_w4x2_nb2_sk1_sps,1351.05,1339.69,0.0007
gfx950,256,1856,8192,1536,128x128,flydsl,bmm,1,34.68,flydsl_bmm_mxfp8_mfma_t256x256x128_w4x2_nb2_sk1_xcd_sps,1346.82,1322.53,0.0007
gfx950,256,1920,8192,1536,128x128,flydsl,bmm,1,33.99,flydsl_bmm_mxfp8_mfma_t128x256x128_w1x2_nb3_sk1_bd1_xcd,1421.56,1383.16,0.0007
gfx950,256,1984,8192,1536,128x128,flydsl,bmm,1,35.436,flydsl_bmm_mxfp8_mfma_t256x256x128_w4x2_nb2_sk1_xcd_sps,1408.99,1359.09,0.0007
gfx950,256,2048,8192,1536,128x128,flydsl,bmm,1,35.477,flydsl_bmm_mxfp8_mfma_t256x256x128_w4x2_nb2_sk1_xcd,1452.77,1389.88,0.0007
gfx950,256,4096,8192,1536,128x128,flydsl,bmm,1,66.589,flydsl_bmm_mxfp8_mfma_t256x256x128_w4x2_nb2_sk1,1547.99,1292.0,0.0008
gfx950,256,6144,8192,1536,128x128,flydsl,bmm,1,95.733,flydsl_bmm_mxfp8_mfma_t256x256x128_w4x2_nb2_sk1,1615.11,1282.3,0.0007
gfx950,256,8192,8192,1536,128x128,flydsl,bmm,1,122.206,flydsl_bmm_mxfp8_mfma_t128x256x128_w1x2_nb3_sk1_bd1,1686.97,1305.03,0.0007
gfx950,256,10240,8192,1536,128x128,flydsl,bmm,1,150.773,flydsl_bmm_mxfp8_mfma_t128x256x128_w1x2_nb2_sk1_bd1,1709.18,1301.34,0.0007
gfx950,256,12288,8192,1536,128x128,flydsl,bmm,1,179.414,flydsl_bmm_mxfp8_mfma_t128x256x128_w1x2_nb2_sk1_bd1,1723.6,1298.29,0.0007
gfx950,256,14336,8192,1536,128x128,flydsl,bmm,1,206.645,flydsl_bmm_mxfp8_mfma_t128x256x128_w1x2_nb2_sk1_bd1,1745.88,1304.93,0.0007
gfx950,256,16384,8192,1536,128x128,flydsl,bmm,1,236.859,flydsl_bmm_mxfp8_mfma_t128x256x128_w1x2_nb2_sk1_bd1,1740.77,1293.52,0.0007
gfx950,256,20480,8192,1536,128x128,flydsl,bmm,1,288.801,flydsl_bmm_mxfp8_mfma_t128x256x128_w1x2_nb2_sk1_bd1,1784.61,1315.2,0.0007
gfx950,256,24576,8192,1536,128x128,flydsl,bmm,1,348.232,flydsl_bmm_mxfp8_mfma_t128x256x128_w1x2_nb3_sk1_bd1,1776.05,1301.66,0.0007
gfx950,256,28672,8192,1536,128x128,flydsl,bmm,1,399.98,flydsl_bmm_mxfp8_mfma_t128x256x128_w1x2_nb2_sk1_bd1,1803.98,1316.89,0.0007
gfx950,256,32768,8192,1536,128x128,flydsl,bmm,1,482.579,flydsl_bmm_mxfp8_mfma_t112x256x128_w1x2_nb2_sk1_bd1,1708.8,1243.69,0.0007
gfx950,256,40960,8192,1536,128x128,flydsl,bmm,1,574.107,flydsl_bmm_mxfp8_mfma_t128x256x128_w1x2_nb2_sk1_bd1,1795.47,1301.29,0.0007
gfx950,256,49152,8192,1536,128x128,flydsl,bmm,1,672.401,flydsl_bmm_mxfp8_mfma_t112x256x128_w1x2_nb4_sk1_bd2,1839.6,1329.53,0.0007
gfx950,256,57344,8192,1536,128x128,flydsl,bmm,1,790.796,flydsl_bmm_mxfp8_mfma_t128x256x128_w1x2_nb2_sk1_bd1,1824.88,1316.24,0.0007
gfx950,256,65536,8192,1536,128x128,flydsl,bmm,1,915.334,flydsl_bmm_mxfp8_mfma_t112x256x128_w1x2_nb2_sk1_bd1,1801.82,1297.64,0.0007
gfx950,256,1,16384,1536,128x128,flydsl,bmm,1,6.416,flydsl_bmm_mxfp8_mfma_t16x32x128_w1x2_nb9_sk1_nt_sps,7.85,3928.15,0.0007
gfx950,256,2,16384,1536,128x128,flydsl,bmm,1,6.41,flydsl_bmm_mxfp8_mfma_t16x32x128_w1x1_nb5_sk1_nt,15.7,3937.17,0.0007
gfx950,256,4,16384,1536,128x128,flydsl,bmm,1,6.427,flydsl_bmm_mxfp8_mfma_t16x32x128_w1x1_nb5_sk1_nt_sps,31.32,3937.16,0.0006
gfx950,256,8,16384,1536,128x128,flydsl,bmm,1,6.488,flydsl_bmm_mxfp8_mfma_t16x32x128_w1x1_nb5_sk1_nt_sps,62.06,3921.51,0.0007
gfx950,256,16,16384,1536,128x128,flydsl,bmm,1,6.594,flydsl_bmm_mxfp8_mfma_t16x32x128_w1x1_nb5_sk1_nt_sps,122.12,3899.78,0.0007
gfx950,256,32,16384,1536,128x128,flydsl,bmm,1,7.046,flydsl_bmm_mxfp8_mfma_t32x64x128_w2x2_nb5_sk1_nt,228.59,3727.85,0.0007
gfx950,256,48,16384,1536,128x128,flydsl,bmm,1,7.587,flydsl_bmm_mxfp8_mfma_t64x64x128_w1x4_nb8_sk1_bd3_nt,318.45,3534.47,0.0007
gfx950,256,64,16384,1536,128x128,flydsl,bmm,1,7.806,flydsl_bmm_mxfp8_mfma_t64x64x128_w1x4_nb8_sk1_bd4_nt,412.67,3505.55,0.0008
gfx950,256,80,16384,1536,128x128,flydsl,bmm,1,8.591,flydsl_bmm_mxfp8_mfma_t96x64x128_w1x4_nb8_sk1_bd3_nt,468.69,3249.03,0.0007
gfx950,256,96,16384,1536,128x128,flydsl,bmm,1,8.881,flydsl_bmm_mxfp8_mfma_t96x64x128_w1x4_nb7_sk1_bd3_nt,544.04,3204.61,0.0007
gfx950,256,112,16384,1536,128x128,flydsl,bmm,1,9.752,flydsl_bmm_mxfp8_mfma_t128x64x128_w1x4_nb6_sk1_bd3_nt_xcd,578.08,2974.99,0.0008
gfx950,256,128,16384,1536,128x128,flydsl,bmm,1,9.99,flydsl_bmm_mxfp8_mfma_t128x64x128_w1x4_nb6_sk1_bd3,644.87,2958.85,0.0007
gfx950,256,144,16384,1536,128x128,flydsl,bmm,1,11.581,flydsl_bmm_mxfp8_mfma_t192x64x128_w1x4_nb6_sk1_bd2_nt,625.85,2599.95,0.0007
gfx950,256,160,16384,1536,128x128,flydsl,bmm,1,11.515,flydsl_bmm_mxfp8_mfma_t192x64x128_w1x4_nb6_sk1_bd3_nt,699.35,2662.42,0.0007
gfx950,256,176,16384,1536,128x128,flydsl,bmm,1,11.51,flydsl_bmm_mxfp8_mfma_t192x64x128_w1x4_nb4_sk1_bd2_nt,769.64,2711.34,0.0008
gfx950,256,192,16384,1536,128x128,flydsl,bmm,1,11.58,flydsl_bmm_mxfp8_mfma_t192x64x128_w1x4_nb3_sk1_bd2_nt,834.52,2742.35,0.0007
gfx950,256,208,16384,1536,128x128,flydsl,bmm,1,12.528,flydsl_bmm_mxfp8_mfma_t128x128x128_w2x4_nb4_sk1,835.68,2578.72,0.0007
gfx950,256,224,16384,1536,128x128,flydsl,bmm,1,13.358,flydsl_bmm_mxfp8_mfma_t128x128x128_w4x2_nb4_sk1,843.99,2459.46,0.0007
gfx950,256,240,16384,1536,128x128,flydsl,bmm,1,12.59,flydsl_bmm_mxfp8_mfma_t128x128x128_w4x2_nb4_sk1_xcd,959.44,2653.1,0.0008
gfx950,256,256,16384,1536,128x128,flydsl,bmm,1,13.92,flydsl_bmm_mxfp8_mfma_t128x128x128_w2x2_nb4_sk1_xcd,925.61,2439.03,0.0007
gfx950,256,288,16384,1536,128x128,flydsl,bmm,1,17.293,flydsl_bmm_mxfp8_mfma_t96x128x128_w1x4_nb2_sk1_xcd,838.24,2026.88,0.0007
gfx950,256,320,16384,1536,128x128,flydsl,bmm,1,16.726,flydsl_bmm_mxfp8_mfma_t192x128x128_w1x4_nb4_sk1_bd2_xcd,962.92,2161.17,0.0007
gfx950,256,352,16384,1536,128x128,flydsl,bmm,1,16.555,flydsl_bmm_mxfp8_mfma_t192x128x128_w1x4_nb3_sk1_bd2_xcd,1070.19,2249.9,0.0008
gfx950,256,384,16384,1536,128x128,flydsl,bmm,1,16.734,flydsl_bmm_mxfp8_mfma_t192x128x128_w1x4_nb3_sk1_bd2,1154.97,2291.41,0.0007
gfx950,256,416,16384,1536,128x128,flydsl,bmm,1,18.978,flydsl_bmm_mxfp8_mfma_t256x128x128_w4x2_nb3_sk1,1103.3,2078.39,0.0007
gfx950,256,448,16384,1536,128x128,flydsl,bmm,1,19.2,flydsl_bmm_mxfp8_mfma_t256x128x128_w4x2_nb3_sk1,1174.43,2111.55,0.0007
gfx950,256,480,16384,1536,128x128,flydsl,bmm,1,19.585,flydsl_bmm_mxfp8_mfma_t256x128x128_w4x2_nb3_sk1,1233.58,2126.11,0.0007
gfx950,256,512,16384,1536,128x128,flydsl,bmm,1,20.038,flydsl_bmm_mxfp8_mfma_t256x128x128_w4x2_nb3_sk1,1286.05,2132.81,0.0007
gfx950,256,544,16384,1536,128x128,flydsl,bmm,1,26.311,flydsl_bmm_mxfp8_mfma_t192x128x128_w4x2_nb3_sk1_xcd,1040.65,1666.06,0.0007
gfx950,256,576,16384,1536,128x128,flydsl,bmm,1,24.984,flydsl_bmm_mxfp8_mfma_t288x128x128_w1x4_nb3_sk1_bd1_xcd,1160.38,1798.49,0.0007
gfx950,256,608,16384,1536,128x128,flydsl,bmm,1,27.912,flydsl_bmm_mxfp8_mfma_t192x256x128_w1x4_nb3_sk1_bd1_xcd,1096.34,1649.14,0.0007
gfx950,256,640,16384,1536,128x128,flydsl,bmm,1,27.744,flydsl_bmm_mxfp8_mfma_t192x256x128_w1x4_nb4_sk1_bd2_xcd,1161.04,1698.71,0.0007
gfx950,256,672,16384,1536,128x128,flydsl,bmm,1,27.592,flydsl_bmm_mxfp8_mfma_t192x256x128_w1x4_nb4_sk1_bd2,1225.84,1747.91,0.0007
gfx950,256,704,16384,1536,128x128,flydsl,bmm,1,27.538,flydsl_bmm_mxfp8_mfma_t192x256x128_w1x4_nb3_sk1_bd2_xcd,1286.69,1791.16,0.0007
gfx950,256,736,16384,1536,128x128,flydsl,bmm,1,27.852,flydsl_bmm_mxfp8_mfma_t192x256x128_w1x4_nb3_sk1_bd2_xcd,1330.03,1810.42,0.0007
gfx950,256,768,16384,1536,128x128,flydsl,bmm,1,27.662,flydsl_bmm_mxfp8_mfma_t192x256x128_w1x4_nb3_sk1_bd2_xcd,1397.37,1862.53,0.0007
gfx950,256,800,16384,1536,128x128,flydsl,bmm,1,37.651,flydsl_bmm_mxfp8_mfma_t128x128x128_w1x4_nb3_sk1_bd1_xcd,1069.44,1397.58,0.0007
gfx950,256,832,16384,1536,128x128,flydsl,bmm,1,37.036,flydsl_bmm_mxfp8_mfma_t128x128x128_w1x4_nb3_sk1_bd1_xcd,1130.67,1450.41,0.0007
gfx950,256,864,16384,1536,128x128,flydsl,bmm,1,37.257,flydsl_bmm_mxfp8_mfma_t128x128x128_w1x4_nb3_sk1_bd1_xcd,1167.21,1471.31,0.0007
gfx950,256,896,16384,1536,128x128,flydsl,bmm,1,37.746,flydsl_bmm_mxfp8_mfma_t128x128x128_w1x4_nb2_sk1_bd1_xcd,1194.75,1481.33,0.0007
gfx950,256,928,16384,1536,128x128,flydsl,bmm,1,40.713,flydsl_bmm_mxfp8_mfma_t128x128x128_w1x4_nb3_sk1_bd1,1147.24,1400.34,0.0007
gfx950,256,960,16384,1536,128x128,flydsl,bmm,1,41.065,flydsl_bmm_mxfp8_mfma_t128x128x128_w2x2_nb2_sk1,1176.63,1415.09,0.0007
gfx950,256,992,16384,1536,128x128,flydsl,bmm,1,41.902,flydsl_bmm_mxfp8_mfma_t128x128x128_w1x4_nb3_sk1_bd1,1191.57,1413.04,0.0007
gfx950,256,1024,16384,1536,128x128,flydsl,bmm,1,42.121,flydsl_bmm_mxfp8_mfma_t128x128x128_w1x4_nb3_sk1_bd1,1223.62,1431.77,0.0007
gfx950,256,1088,16384,1536,128x128,flydsl,bmm,1,46.689,flydsl_bmm_mxfp8_mfma_t96x128x128_w1x4_nb3_sk1_bd1,1172.88,1338.7,0.0007
gfx950,256,1152,16384,1536,128x128,flydsl,bmm,1,45.432,flydsl_bmm_mxfp8_mfma_t96x256x128_w1x4_nb3_sk1_bd1,1276.24,1424.09,0.0007
gfx950,256,1216,16384,1536,128x128,flydsl,bmm,1,50.023,flydsl_bmm_mxfp8_mfma_t128x128x128_w1x4_nb4_sk1_bd2,1223.5,1337.3,0.0007
gfx950,256,1280,16384,1536,128x128,flydsl,bmm,1,51.197,flydsl_bmm_mxfp8_mfma_t128x128x128_w1x4_nb4_sk1_bd3,1258.35,1349.52,0.0007
gfx950,256,1344,16384,1536,128x128,flydsl,bmm,1,53.011,flydsl_bmm_mxfp8_mfma_t96x128x128_w1x4_nb3_sk1_bd1,1276.07,1344.78,0.0007
gfx950,256,1408,16384,1536,128x128,flydsl,bmm,1,53.601,flydsl_bmm_mxfp8_mfma_t96x256x128_w1x4_nb3_sk1_bd1,1322.13,1370.96,0.0007
gfx950,256,1472,16384,1536,128x128,flydsl,bmm,1,53.379,flydsl_bmm_mxfp8_mfma_t96x256x128_w1x4_nb3_sk1_bd1,1387.95,1417.78,0.0007
gfx950,256,1536,16384,1536,128x128,flydsl,bmm,1,53.092,flydsl_bmm_mxfp8_mfma_t96x256x128_w1x4_nb2_sk1_bd1,1456.15,1466.83,0.0007
gfx950,256,1600,16384,1536,128x128,flydsl,bmm,1,61.51,flydsl_bmm_mxfp8_mfma_t256x256x128_w4x2_nb2_sk1_xcd,1309.22,1301.78,0.0007
gfx950,256,1664,16384,1536,128x128,flydsl,bmm,1,61.168,flydsl_bmm_mxfp8_mfma_t256x256x128_w2x4_nb2_sk1_xcd_sps,1369.2,1344.96,0.0007
gfx950,256,1728,16384,1536,128x128,flydsl,bmm,1,61.767,flydsl_bmm_mxfp8_mfma_t256x256x128_w2x4_nb2_sk1_xcd_sps,1408.08,1367.48,0.0007
gfx950,256,1792,16384,1536,128x128,flydsl,bmm,1,62.257,flydsl_bmm_mxfp8_mfma_t256x256x128_w4x2_nb2_sk1_xcd,1448.75,1392.0,0.0007
gfx950,256,1856,16384,1536,128x128,flydsl,bmm,1,64.43,flydsl_bmm_mxfp8_mfma_t256x256x128_w2x4_nb2_sk1_xcd_sps,1449.89,1379.15,0.0007
gfx950,256,1920,16384,1536,128x128,flydsl,bmm,1,64.51,flydsl_bmm_mxfp8_mfma_t256x256x128_w4x2_nb2_sk1_sps,1498.0,1411.47,0.0007
gfx950,256,1984,16384,1536,128x128,flydsl,bmm,1,66.119,flydsl_bmm_mxfp8_mfma_t256x256x128_w2x4_nb2_sk1_xcd_sps,1510.28,1410.35,0.0007
gfx950,256,2048,16384,1536,128x128,flydsl,bmm,1,67.039,flydsl_bmm_mxfp8_mfma_t256x256x128_w4x2_nb2_sk1,1537.6,1423.74,0.0007
gfx950,256,4096,16384,1536,128x128,flydsl,bmm,1,123.012,flydsl_bmm_mxfp8_mfma_t128x256x128_w1x2_nb3_sk1_bd1,1675.92,1347.23,0.0007
gfx950,256,6144,16384,1536,128x128,flydsl,bmm,1,176.436,flydsl_bmm_mxfp8_mfma_t128x256x128_w1x2_nb2_sk1_bd1,1752.69,1337.62,0.0007
gfx950,256,8192,16384,1536,128x128,flydsl,bmm,1,233.166,flydsl_bmm_mxfp8_mfma_t128x256x128_w1x2_nb2_sk1_bd1,1768.34,1313.59,0.0007
gfx950,256,10240,16384,1536,128x128,flydsl,bmm,1,285.875,flydsl_bmm_mxfp8_mfma_t128x256x128_w1x2_nb3_sk1_bd1,1802.87,1317.23,0.0007
gfx950,256,12288,16384,1536,128x128,flydsl,bmm,1,340.119,flydsl_bmm_mxfp8_mfma_t128x256x128_w1x2_nb2_sk1_bd1,1818.41,1313.78,0.0007
gfx950,256,14336,16384,1536,128x128,flydsl,bmm,1,391.94,flydsl_bmm_mxfp8_mfma_t128x256x128_w1x2_nb3_sk1_bd1,1840.98,1319.39,0.0007
gfx950,256,16384,16384,1536,128x128,flydsl,bmm,1,473.583,flydsl_bmm_mxfp8_mfma_t112x256x128_w1x2_nb2_sk1_bd1,1741.27,1240.33,0.0007
gfx950,256,20480,16384,1536,128x128,flydsl,bmm,1,545.39,flydsl_bmm_mxfp8_mfma_t256x256x128_w4x2_nb2_sk1,1890.01,1334.75,0.0007
gfx950,256,24576,16384,1536,128x128,flydsl,bmm,1,671.414,flydsl_bmm_mxfp8_mfma_t128x256x128_w1x2_nb3_sk1_bd1,1842.31,1293.57,0.0007
gfx950,256,28672,16384,1536,128x128,flydsl,bmm,1,758.014,flydsl_bmm_mxfp8_mfma_t128x256x128_w1x2_nb2_sk1_bd1,1903.8,1331.21,0.0007
gfx950,256,32768,16384,1536,128x128,flydsl,bmm,1,883.829,flydsl_bmm_mxfp8_mfma_t112x256x128_w1x2_nb2_sk1_bd1,1866.05,1300.74,0.0007
gfx950,256,40960,16384,1536,128x128,flydsl,bmm,1,1075.795,flydsl_bmm_mxfp8_mfma_t128x256x128_w1x2_nb2_sk1_bd1,1916.34,1329.95,0.0007
gfx950,256,49152,16384,1536,128x128,flydsl,bmm,1,1277.116,flydsl_bmm_mxfp8_mfma_t112x256x128_w1x2_nb4_sk1_bd2,1937.1,1340.42,0.0007
gfx950,256,57344,16384,1536,128x128,flydsl,bmm,1,1506.129,flydsl_bmm_mxfp8_mfma_t128x256x128_w1x2_nb2_sk1_bd1,1916.31,1323.25,0.0007
gfx950,256,65536,16384,1536,128x128,flydsl,bmm,1,1736.646,flydsl_bmm_mxfp8_mfma_t112x256x128_w1x2_nb2_sk1_bd1,1899.37,1309.48,0.0007
gfx950,256,1,65536,1536,128x128,flydsl,bmm,1,15.945,flydsl_bmm_mxfp8_mfma_t16x32x128_w1x2_nb5_sk1_bd3_nt,12.63,6321.77,0.0005
gfx950,256,2,65536,1536,128x128,flydsl,bmm,1,15.905,flydsl_bmm_mxfp8_mfma_t16x32x128_w1x2_nb6_sk1_bd3_nt,25.32,6345.95,0.0006
gfx950,256,4,65536,1536,128x128,flydsl,bmm,1,15.905,flydsl_bmm_mxfp8_mfma_t16x32x128_w1x2_nb6_sk1_bd4_nt,50.63,6362.75,0.0007
gfx950,256,8,65536,1536,128x128,flydsl,bmm,1,15.941,flydsl_bmm_mxfp8_mfma_t16x32x128_w1x2_nb6_sk1_bd3_nt,101.03,6381.61,0.0007
gfx950,256,16,65536,1536,128x128,flydsl,bmm,1,16.3,flydsl_bmm_mxfp8_mfma_t16x32x128_w1x2_nb5_sk1_bd2_nt,197.62,6306.31,0.0007
gfx950,256,32,65536,1536,128x128,flydsl,bmm,1,16.81,flydsl_bmm_mxfp8_mfma_t32x64x128_w2x2_nb6_sk1_nt,383.25,6241.12,0.0007
gfx950,256,48,65536,1536,128x128,flydsl,bmm,1,18.277,flydsl_bmm_mxfp8_mfma_t64x128x128_w1x4_nb4_sk1_bd2_nt,528.72,5856.15,0.0007
gfx950,256,64,65536,1536,128x128,flydsl,bmm,1,18.825,flydsl_bmm_mxfp8_mfma_t64x128x128_w1x4_nb4_sk1_bd1_nt,684.46,5798.58,0.0007
gfx950,256,80,65536,1536,128x128,flydsl,bmm,1,20.2,flydsl_bmm_mxfp8_mfma_t96x128x128_w1x4_nb4_sk1_bd1_nt,797.32,5508.76,0.0007
gfx950,256,96,65536,1536,128x128,flydsl,bmm,1,21.193,flydsl_bmm_mxfp8_mfma_t96x128x128_w1x4_nb3_sk1_bd1_nt_xcd,911.95,5350.78,0.0007
gfx950,256,112,65536,1536,128x128,flydsl,bmm,1,22.859,flydsl_bmm_mxfp8_mfma_t128x256x128_w1x4_nb4_sk1_bd2_nt,986.41,5053.68,0.0008
gfx950,256,128,65536,1536,128x128,flydsl,bmm,1,23.648,flydsl_bmm_mxfp8_mfma_t128x256x128_w1x4_nb3_sk1_bd2_nt,1089.72,4974.81,0.0007
gfx950,256,144,65536,1536,128x128,flydsl,bmm,1,27.883,flydsl_bmm_mxfp8_mfma_t192x256x128_w1x4_nb3_sk1_bd2_nt,1039.75,4295.37,0.0007
gfx950,256,160,65536,1536,128x128,flydsl,bmm,1,28.745,flydsl_bmm_mxfp8_mfma_t192x256x128_w1x4_nb4_sk1_bd2_nt,1120.61,4240.32,0.0007
gfx950,256,176,65536,1536,128x128,flydsl,bmm,1,29.189,flydsl_bmm_mxfp8_mfma_t192x256x128_w1x4_nb3_sk1_bd2_nt,1213.94,4248.57,0.0007
gfx950,256,192,65536,1536,128x128,flydsl,bmm,1,29.365,flydsl_bmm_mxfp8_mfma_t192x256x128_w1x4_nb3_sk1_bd2_nt,1316.36,4295.36,0.0007
gfx950,256,208,65536,1536,128x128,flydsl,bmm,1,33.024,flydsl_bmm_mxfp8_mfma_t224x256x128_w1x4_nb2_sk1_bd1_nt_xcd,1268.06,3883.72,0.0007
gfx950,256,224,65536,1536,128x128,flydsl,bmm,1,33.452,flydsl_bmm_mxfp8_mfma_t224x256x128_w1x4_nb2_sk1_bd1_nt,1348.1,3897.37,0.0007
gfx950,256,240,65536,1536,128x128,flydsl,bmm,1,36.225,flydsl_bmm_mxfp8_mfma_t256x256x128_w1x4_nb2_sk1_bd1_xcd,1333.85,3657.68,0.0007
gfx950,256,256,65536,1536,128x128,flydsl,bmm,1,36.496,flydsl_bmm_mxfp8_mfma_t256x256x128_w1x4_nb2_sk1_bd1_xcd,1412.18,3688.58,0.0007
gfx950,256,288,65536,1536,128x128,flydsl,bmm,1,53.742,flydsl_bmm_mxfp8_mfma_t192x256x128_w1x4_nb2_sk1_bd1_xcd,1078.89,2583.89,0.0007
gfx950,256,320,65536,1536,128x128,flydsl,bmm,1,54.056,flydsl_bmm_mxfp8_mfma_t192x256x128_w1x4_nb2_sk1_bd1,1191.81,2647.39,0.0007
gfx950,256,352,65536,1536,128x128,flydsl,bmm,1,54.605,flydsl_bmm_mxfp8_mfma_t192x256x128_w1x4_nb3_sk1_bd1_xcd,1297.82,2698.52,0.0007
gfx950,256,384,65536,1536,128x128,flydsl,bmm,1,53.902,flydsl_bmm_mxfp8_mfma_t192x256x128_w1x4_nb3_sk1_bd2_xcd,1434.25,2812.42,0.0007
gfx950,256,416,65536,1536,128x128,flydsl,bmm,1,68.732,flydsl_bmm_mxfp8_mfma_t256x128x128_w4x2_nb3_sk1,1218.53,2267.35,0.0007
gfx950,256,448,65536,1536,128x128,flydsl,bmm,1,71.449,flydsl_bmm_mxfp8_mfma_t256x128x128_w4x2_nb3_sk1,1262.37,2240.53,0.0007
gfx950,256,480,65536,1536,128x128,flydsl,bmm,1,72.392,flydsl_bmm_mxfp8_mfma_t256x128x128_w4x2_nb3_sk1_xcd,1334.91,2269.97,0.0007
gfx950,256,512,65536,1536,128x128,flydsl,bmm,1,74.595,flydsl_bmm_mxfp8_mfma_t256x128x128_w4x2_nb3_sk1,1381.86,2259.82,0.0007
gfx950,256,544,65536,1536,128x128,flydsl,bmm,1,87.049,flydsl_bmm_mxfp8_mfma_t192x128x128_w4x2_nb3_sk1,1258.16,1985.25,0.0007
gfx950,256,576,65536,1536,128x128,flydsl,bmm,1,81.044,flydsl_bmm_mxfp8_mfma_t192x256x128_w1x4_nb4_sk1_bd1,1430.87,2184.71,0.0007
gfx950,256,608,65536,1536,128x128,flydsl,bmm,1,96.189,flydsl_bmm_mxfp8_mfma_t128x128x128_w1x4_nb4_sk1_bd1_xcd,1272.56,1884.85,0.0007
gfx950,256,640,65536,1536,128x128,flydsl,bmm,1,96.934,flydsl_bmm_mxfp8_mfma_t128x128x128_w1x4_nb4_sk1_bd1_xcd,1329.24,1914.15,0.0007
gfx950,256,672,65536,1536,128x128,flydsl,bmm,1,100.034,flydsl_bmm_mxfp8_mfma_t256x128x128_w4x2_nb3_sk1,1352.45,1897.26,0.0007
gfx950,256,704,65536,1536,128x128,flydsl,bmm,1,102.98,flydsl_bmm_mxfp8_mfma_t256x128x128_w4x2_nb3_sk1,1376.32,1884.18,0.0007
gfx950,256,736,65536,1536,128x128,flydsl,bmm,1,105.73,flydsl_bmm_mxfp8_mfma_t256x128x128_w4x2_nb3_sk1_xcd,1401.46,1875.32,0.0007
gfx950,256,768,65536,1536,128x128,flydsl,bmm,1,106.456,flydsl_bmm_mxfp8_mfma_t256x128x128_w4x2_nb3_sk1_xcd,1452.42,1902.4,0.0007
gfx950,256,800,65536,1536,128x128,flydsl,bmm,1,128.316,flydsl_bmm_mxfp8_mfma_t256x128x128_w4x2_nb3_sk1,1255.19,1611.37,0.0007
gfx950,256,832,65536,1536,128x128,flydsl,bmm,1,128.379,flydsl_bmm_mxfp8_mfma_t128x128x128_w1x4_nb4_sk1_bd1_xcd,1304.76,1643.65,0.0007
gfx950,256,864,65536,1536,128x128,flydsl,bmm,1,128.631,flydsl_bmm_mxfp8_mfma_t128x128x128_w1x4_nb4_sk1_bd1_xcd,1352.29,1673.42,0.0007
gfx950,256,896,65536,1536,128x128,flydsl,bmm,1,129.517,flydsl_bmm_mxfp8_mfma_t128x128x128_w1x4_nb4_sk1_bd1_xcd,1392.78,1694.73,0.0007
gfx950,256,928,65536,1536,128x128,flydsl,bmm,1,132.619,flydsl_bmm_mxfp8_mfma_t256x128x128_w4x2_nb3_sk1_xcd,1408.78,1687.1,0.0007
gfx950,256,960,65536,1536,128x128,flydsl,bmm,1,135.592,flydsl_bmm_mxfp8_mfma_t256x128x128_w4x2_nb3_sk1,1425.41,1681.4,0.0007
gfx950,256,992,65536,1536,128x128,flydsl,bmm,1,139.431,flydsl_bmm_mxfp8_mfma_t128x256x128_w1x2_nb3_sk1_bd1,1432.36,1665.54,0.0007
gfx950,256,1024,65536,1536,128x128,flydsl,bmm,1,140.536,flydsl_bmm_mxfp8_mfma_t128x256x128_w1x2_nb3_sk1_bd1_xcd,1466.94,1682.64,0.0007
gfx950,256,1088,65536,1536,128x128,flydsl,bmm,1,150.081,flydsl_bmm_mxfp8_mfma_t112x256x128_w1x2_nb2_sk1_bd1,1459.5,1632.19,0.0007
gfx950,256,1152,65536,1536,128x128,flydsl,bmm,1,156.894,flydsl_bmm_mxfp8_mfma_t96x128x128_w1x2_nb3_sk1_bd1,1478.25,1615.41,0.0007
gfx950,256,1216,65536,1536,128x128,flydsl,bmm,1,162.006,flydsl_bmm_mxfp8_mfma_t128x256x128_w1x2_nb2_sk1_bd1,1511.14,1616.82,0.0007
gfx950,256,1280,65536,1536,128x128,flydsl,bmm,1,162.859,flydsl_bmm_mxfp8_mfma_t128x256x128_w1x2_nb2_sk1_bd1,1582.34,1660.47,0.0007
gfx950,256,1344,65536,1536,128x128,flydsl,bmm,1,172.478,flydsl_bmm_mxfp8_mfma_t112x256x128_w1x2_nb2_sk1_bd1,1568.79,1617.08,0.0007
gfx950,256,1408,65536,1536,128x128,flydsl,bmm,1,184.187,flydsl_bmm_mxfp8_mfma_t128x256x128_w1x2_nb3_sk1_bd1,1539.02,1560.36,0.0007
gfx950,256,1472,65536,1536,128x128,flydsl,bmm,1,187.577,flydsl_bmm_mxfp8_mfma_t128x256x128_w1x2_nb2_sk1_bd1,1579.9,1577.41,0.0007
gfx950,256,1536,65536,1536,128x128,flydsl,bmm,1,189.723,flydsl_bmm_mxfp8_mfma_t128x256x128_w1x2_nb3_sk1_bd1,1629.94,1604.3,0.0007
gfx950,256,1600,65536,1536,128x128,flydsl,bmm,1,206.105,flydsl_bmm_mxfp8_mfma_t256x256x128_w2x4_nb2_sk1_xcd_sps,1562.9,1517.97,0.0007
gfx950,256,1664,65536,1536,128x128,flydsl,bmm,1,205.637,flydsl_bmm_mxfp8_mfma_t256x256x128_w2x4_nb2_sk1_xcd_sps,1629.12,1562.7,0.0007
gfx950,256,1728,65536,1536,128x128,flydsl,bmm,1,210.019,flydsl_bmm_mxfp8_mfma_t256x256x128_w2x4_nb2_sk1_xcd_sps,1656.48,1570.51,0.0007
gfx950,256,1792,65536,1536,128x128,flydsl,bmm,1,213.131,flydsl_bmm_mxfp8_mfma_t256x256x128_w2x4_nb2_sk1_xcd_sps,1692.75,1587.4,0.0007
gfx950,256,1856,65536,1536,128x128,flydsl,bmm,1,231.407,flydsl_bmm_mxfp8_mfma_t256x256x128_w4x2_nb2_sk1_sps,1614.74,1498.71,0.0007
gfx950,256,1920,65536,1536,128x128,flydsl,bmm,1,236.602,flydsl_bmm_mxfp8_mfma_t256x256x128_w4x2_nb2_sk1_sps,1633.74,1501.68,0.0007
gfx950,256,1984,65536,1536,128x128,flydsl,bmm,1,244.386,flydsl_bmm_mxfp8_mfma_t256x256x128_w4x2_nb2_sk1_sps,1634.43,1488.58,0.0007
gfx950,256,2048,65536,1536,128x128,flydsl,bmm,1,250.542,flydsl_bmm_mxfp8_mfma_t256x256x128_w4x2_nb2_sk1_sps,1645.7,1485.88,0.0007
gfx950,256,4096,65536,1536,128x128,flydsl,bmm,1,481.712,flydsl_bmm_mxfp8_mfma_t256x256x128_w4x2_nb2_sk1,1711.88,1336.65,0.0007
gfx950,256,6144,65536,1536,128x128,flydsl,bmm,1,694.038,flydsl_bmm_mxfp8_mfma_t128x256x128_w1x2_nb3_sk1_bd1,1782.25,1319.07,0.0007
gfx950,256,8192,65536,1536,128x128,flydsl,bmm,1,937.068,flydsl_bmm_mxfp8_mfma_t224x256x128_w1x4_nb2_sk1_bd1_xcd,1760.03,1266.82,0.0007
gfx950,256,10240,65536,1536,128x128,flydsl,bmm,1,1114.45,flydsl_bmm_mxfp8_mfma_t128x256x128_w1x2_nb3_sk1_bd1,1849.87,1308.9,0.0007
gfx950,256,12288,65536,1536,128x128,flydsl,bmm,1,1331.057,flydsl_bmm_mxfp8_mfma_t128x256x128_w1x2_nb3_sk1_bd1,1858.6,1299.95,0.0007
gfx950,256,14336,65536,1536,128x128,flydsl,bmm,1,1543.647,flydsl_bmm_mxfp8_mfma_t128x256x128_w1x2_nb3_sk1_bd1,1869.74,1296.87,0.0007
gfx950,256,16384,65536,1536,128x128,flydsl,bmm,1,1766.89,flydsl_bmm_mxfp8_mfma_t112x256x128_w1x2_nb4_sk1_bd1,1866.86,1286.73,0.0007
gfx950,256,20480,65536,1536,128x128,flydsl,bmm,1,2130.145,flydsl_bmm_mxfp8_mfma_t128x256x128_w1x2_nb3_sk1_bd1,1935.63,1322.32,0.0007
gfx950,256,24576,65536,1536,128x128,flydsl,bmm,1,2566.578,flydsl_bmm_mxfp8_mfma_t128x256x128_w1x2_nb3_sk1_bd1,1927.78,1309.11,0.0007
gfx950,256,28672,65536,1536,128x128,flydsl,bmm,1,2974.371,flydsl_bmm_mxfp8_mfma_t256x256x128_w4x2_nb2_sk1,1940.73,1312.26,0.0007
gfx950,256,32768,65536,1536,128x128,flydsl,bmm,1,3438.888,flydsl_bmm_mxfp8_mfma_t112x256x128_w1x2_nb2_sk1_bd1,1918.37,1292.96,0.0007
gfx950,256,40960,65536,1536,128x128,flydsl,bmm,1,4191.566,flydsl_bmm_mxfp8_mfma_t256x256x128_w4x2_nb2_sk1,1967.36,1319.98,0.0007
gfx950,256,49152,65536,1536,128x128,flydsl,bmm,1,4914.687,flydsl_bmm_mxfp8_mfma_t112x256x128_w1x2_nb4_sk1_bd2,2013.48,1346.82,0.0007
gfx950,256,57344,65536,1536,128x128,flydsl,bmm,1,5805.52,flydsl_bmm_mxfp8_mfma_t256x256x128_w4x2_nb2_sk1_sps,1988.6,1327.29,0.0007
gfx950,256,65536,65536,1536,128x128,flydsl,bmm,1,6830.474,flydsl_bmm_mxfp8_mfma_t112x256x128_w1x2_nb2_sk1_bd1,1931.66,1287.18,0.0007
gfx1250,256,16,1536,4096,128x128,flydsl,11,1,4.6663,flydsl_mxfp8_128_bpreshuffle_wmma_t16x32x1024_mw1_nw2_nb4_sk1_cm1_cn1,43.14,1372.85,0.0
gfx1250,256,32,1536,4096,128x128,flydsl,11,1,4.6347,flydsl_mxfp8_128_bpreshuffle_wmma_t16x32x1024_mw1_nw2_nb4_sk1_cm1_cn1,86.88,1406.96,0.0
gfx1250,256,64,1536,4096,128x128,flydsl,113,1,4.8581,flydsl_mxfp8_128_bpreshuffle_wmma_t32x32x1024_mw2_nw2_nb3_sk1_cm1_cn1,165.77,1389.47,0.0
gfx1250,256,128,1536,4096,128x128,flydsl,111,1,5.0545,flydsl_mxfp8_128_bpreshuffle_wmma_t32x32x512_mw2_nw2_nb4_sk1_cm1_cn1,318.65,1426.25,0.0
gfx1250,256,256,1536,4096,128x128,flydsl,268,1,7.5286,flydsl_mxfp8_128_bpreshuffle_wmma_t64x32x512_mw4_nw1_nb4_sk1_cm1_cn1,427.87,1079.41,0.0
gfx1250,256,512,1536,4096,128x128,flydsl,520,1,20.1471,flydsl_mxfp8_128_bpreshuffle_wmma_t256x192x128_mw2_nw2_nb4_sk1_cm1_cn1,319.77,494.44,0.0
gfx1250,256,1024,1536,4096,128x128,flydsl,520,1,20.4533,flydsl_mxfp8_128_bpreshuffle_wmma_t256x192x128_mw2_nw2_nb4_sk1_cm1_cn1,629.97,666.47,0.0
gfx1250,256,2048,1536,4096,128x128,flydsl,520,1,21.2556,flydsl_mxfp8_128_bpreshuffle_wmma_t256x192x128_mw2_nw2_nb4_sk1_cm1_cn1,1212.38,986.64,0.0
gfx1250,256,4096,1536,4096,128x128,flydsl,520,1,24.2353,flydsl_mxfp8_128_bpreshuffle_wmma_t256x192x128_mw2_nw2_nb4_sk1_cm1_cn1,2126.63,1471.06,0.0
gfx1250,256,8192,1536,4096,128x128,flydsl,520,1,31.5428,flydsl_mxfp8_128_bpreshuffle_wmma_t256x192x128_mw2_nw2_nb4_sk1_cm1_cn1,3267.92,2061.06,0.0
gfx1250,256,16384,1536,4096,128x128,flydsl,520,1,50.0119,flydsl_mxfp8_128_bpreshuffle_wmma_t256x192x128_mw2_nw2_nb4_sk1_cm1_cn1,4122.19,2474.05,0.0
gfx1250,256,32768,1536,4096,128x128,flydsl,520,1,94.6298,flydsl_mxfp8_128_bpreshuffle_wmma_t256x192x128_mw2_nw2_nb4_sk1_cm1_cn1,4357.16,2548.59,0.0
gfx1250,256,16,8192,1024,128x128,flydsl,6,1,3.8571,flydsl_mxfp8_128_bpreshuffle_wmma_t16x32x512_mw1_nw2_nb2_sk1_cm1_cn1,69.6,2247.06,0.0
gfx1250,256,32,8192,1024,128x128,flydsl,109,1,3.9317,flydsl_mxfp8_128_bpreshuffle_wmma_t32x32x512_mw2_nw2_nb2_sk1_cm1_cn1,136.55,2275.27,0.0
gfx1250,256,64,8192,1024,128x128,flydsl,266,1,4.4178,flydsl_mxfp8_128_bpreshuffle_wmma_t64x32x512_mw4_nw1_nb2_sk1_cm1_cn1,243.05,2151.01,0.0
gfx1250,256,128,8192,1024,128x128,flydsl,279,1,4.959,flydsl_mxfp8_128_bpreshuffle_wmma_t64x64x256_mw2_nw2_nb3_sk1_cm1_cn1,433.05,2140.92,0.0
gfx1250,256,256,8192,1024,128x128,flydsl,408,1,4.814,flydsl_mxfp8_128_bpreshuffle_wmma_t128x64x256_mw2_nw2_nb4_sk1_cm1_cn1,892.18,2668.27,0.0
gfx1250,256,512,8192,1024,128x128,flydsl,528,1,13.3373,flydsl_mxfp8_128_bpreshuffle_wmma_t256x256x128_mw2_nw2_nb4_sk1_cm1_cn1,644.05,1297.23,0.0
gfx1250,256,1024,8192,1024,128x128,flydsl,528,1,14.222,flydsl_mxfp8_128_bpreshuffle_wmma_t256x256x128_mw2_nw2_nb4_sk1_cm1_cn1,1207.98,1843.23,0.0
gfx1250,256,2048,8192,1024,128x128,flydsl,528,1,15.7626,flydsl_mxfp8_128_bpreshuffle_wmma_t256x256x128_mw2_nw2_nb4_sk1_cm1_cn1,2179.83,2793.97,0.0
gfx1250,256,4096,8192,1024,128x128,flydsl,528,1,28.6146,flydsl_mxfp8_128_bpreshuffle_wmma_t256x256x128_mw2_nw2_nb4_sk1_cm1_cn1,2401.55,2785.0,0.0
gfx1250,256,8192,8192,1024,128x128,flydsl,528,1,49.0624,flydsl_mxfp8_128_bpreshuffle_wmma_t256x256x128_mw2_nw2_nb4_sk1_cm1_cn1,2801.31,3077.61,0.0
gfx1250,256,16384,8192,1024,128x128,flydsl,528,1,84.8353,flydsl_mxfp8_128_bpreshuffle_wmma_t256x256x128_mw2_nw2_nb4_sk1_cm1_cn1,3240.14,3460.84,0.0
gfx1250,256,32768,8192,1024,128x128,flydsl,528,1,155.9792,flydsl_mxfp8_128_bpreshuffle_wmma_t256x256x128_mw2_nw2_nb4_sk1_cm1_cn1,3524.55,3710.84,0.0
gfx1250,256,16,32768,1024,128x128,flydsl,49,1,4.5902,flydsl_mxfp8_128_bpreshuffle_wmma_t16x128x512_mw1_nw4_nb2_sk1_cm1_cn1,233.92,7542.02,0.0
gfx1250,256,32,32768,1024,128x128,flydsl,165,1,5.2325,flydsl_mxfp8_128_bpreshuffle_wmma_t32x128x256_mw2_nw2_nb4_sk1_cm1_cn1,410.41,6819.75,0.0
gfx1250,256,64,32768,1024,128x128,flydsl,305,1,5.9207,flydsl_mxfp8_128_bpreshuffle_wmma_t64x128x512_mw1_nw4_nb2_sk1_cm1_cn1,725.42,6386.79,0.0
gfx1250,256,128,32768,1024,128x128,flydsl,422,1,6.6403,flydsl_mxfp8_128_bpreshuffle_wmma_t128x128x256_mw2_nw2_nb3_sk1_cm1_cn1,1293.61,6336.18,0.0
gfx1250,256,256,32768,1024,128x128,flydsl,517,1,10.0313,flydsl_mxfp8_128_bpreshuffle_wmma_t256x128x256_mw4_nw1_nb3_sk1_cm1_cn1,1712.63,5043.59,0.0
gfx1250,256,512,32768,1024,128x128,flydsl,528,1,17.3261,flydsl_mxfp8_128_bpreshuffle_wmma_t256x256x128_mw2_nw2_nb4_sk1_cm1_cn1,1983.12,3903.54,0.0
gfx1250,256,1024,32768,1024,128x128,flydsl,528,1,29.5869,flydsl_mxfp8_128_bpreshuffle_wmma_t256x256x128_mw2_nw2_nb4_sk1_cm1_cn1,2322.63,3437.73,0.0
gfx1250,256,2048,32768,1024,128x128,flydsl,528,1,49.4511,flydsl_mxfp8_128_bpreshuffle_wmma_t256x256x128_mw2_nw2_nb4_sk1_cm1_cn1,2779.29,3435.1,0.0
gfx1250,256,4096,32768,1024,128x128,flydsl,528,1,86.6246,flydsl_mxfp8_128_bpreshuffle_wmma_t256x256x128_mw2_nw2_nb4_sk1_cm1_cn1,3173.21,3534.61,0.0
gfx1250,256,8192,32768,1024,128x128,flydsl,528,1,162.94,flydsl_mxfp8_128_bpreshuffle_wmma_t256x256x128_mw2_nw2_nb4_sk1_cm1_cn1,3373.98,3552.31,0.0
gfx1250,256,16384,32768,1024,128x128,flydsl,528,1,314.4169,flydsl_mxfp8_128_bpreshuffle_wmma_t256x256x128_mw2_nw2_nb4_sk1_cm1_cn1,3496.99,3575.11,0.0
gfx1250,256,32768,32768,1024,128x128,flydsl,528,1,592.9196,flydsl_mxfp8_128_bpreshuffle_wmma_t256x256x128_mw2_nw2_nb4_sk1_cm1_cn1,3708.81,3735.06,0.0
gfx1250,256,16,4096,8192,128x128,flydsl,29,1,7.2045,flydsl_mxfp8_128_bpreshuffle_wmma_t16x64x512_mw1_nw4_nb4_sk1_cm1_cn1,149.04,4693.81,0.0
gfx1250,256,32,4096,8192,128x128,flydsl,111,1,7.4162,flydsl_mxfp8_128_bpreshuffle_wmma_t32x32x512_mw2_nw2_nb4_sk1_cm1_cn1,289.57,4595.17,0.0
gfx1250,256,64,4096,8192,128x128,flydsl,111,1,8.331,flydsl_mxfp8_128_bpreshuffle_wmma_t32x32x512_mw2_nw2_nb4_sk1_cm1_cn1,515.54,4153.52,0.0
gfx1250,256,128,4096,8192,128x128,flydsl,265,1,10.1775,flydsl_mxfp8_128_bpreshuffle_wmma_t64x32x512_mw2_nw2_nb4_sk1_cm1_cn1,844.01,3502.98,0.0
gfx1250,256,256,4096,8192,128x128,flydsl,283,1,13.6797,flydsl_mxfp8_128_bpreshuffle_wmma_t64x64x512_mw2_nw2_nb4_sk1_cm1_cn1,1255.87,2759.47,0.0
gfx1250,256,512,4096,8192,128x128,flydsl,527,1,45.1621,flydsl_mxfp8_128_bpreshuffle_wmma_t256x256x128_mw2_nw2_nb3_sk1_cm1_cn1,760.81,928.72,0.0
gfx1250,256,1024,4096,8192,128x128,flydsl,527,1,47.8738,flydsl_mxfp8_128_bpreshuffle_wmma_t256x256x128_mw2_nw2_nb3_sk1_cm1_cn1,1435.43,1051.34,0.0
gfx1250,256,2048,4096,8192,128x128,flydsl,527,1,50.3622,flydsl_mxfp8_128_bpreshuffle_wmma_t256x256x128_mw2_nw2_nb3_sk1_cm1_cn1,2729.01,1332.52,0.0
gfx1250,256,4096,4096,8192,128x128,flydsl,527,1,59.4106,flydsl_mxfp8_128_bpreshuffle_wmma_t256x256x128_mw2_nw2_nb3_sk1_cm1_cn1,4626.75,1694.37,0.0
gfx1250,256,8192,4096,8192,128x128,flydsl,527,1,106.8183,flydsl_mxfp8_128_bpreshuffle_wmma_t256x256x128_mw2_nw2_nb3_sk1_cm1_cn1,5146.64,1570.63,0.0
gfx1250,256,16384,4096,8192,128x128,flydsl,527,1,215.0025,flydsl_mxfp8_128_bpreshuffle_wmma_t256x256x128_mw2_nw2_nb3_sk1_cm1_cn1,5113.95,1404.59,0.0
gfx1250,256,32768,4096,8192,128x128,flydsl,527,1,436.0188,flydsl_mxfp8_128_bpreshuffle_wmma_t256x256x128_mw2_nw2_nb3_sk1_cm1_cn1,5043.41,1308.26,0.0
gfx1250,256,16,4096,2048,128x128,flydsl,9,1,3.7073,flydsl_mxfp8_128_bpreshuffle_wmma_t16x32x1024_mw1_nw2_nb2_sk1_cm1_cn1,72.41,2306.92,0.0
gfx1250,256,32,4096,2048,128x128,flydsl,112,1,3.8106,flydsl_mxfp8_128_bpreshuffle_wmma_t32x32x1024_mw2_nw2_nb2_sk1_cm1_cn1,140.89,2287.38,0.0
gfx1250,256,64,4096,2048,128x128,flydsl,110,1,4.166,flydsl_mxfp8_128_bpreshuffle_wmma_t32x32x512_mw2_nw2_nb3_sk1_cm1_cn1,257.74,2170.9,0.0
gfx1250,256,128,4096,2048,128x128,flydsl,264,1,4.559,flydsl_mxfp8_128_bpreshuffle_wmma_t64x32x512_mw2_nw2_nb3_sk1_cm1_cn1,471.04,2127.51,0.0
gfx1250,256,256,4096,2048,128x128,flydsl,282,1,5.5657,flydsl_mxfp8_128_bpreshuffle_wmma_t64x64x512_mw2_nw2_nb3_sk1_cm1_cn1,771.69,1978.2,0.0
gfx1250,256,512,4096,2048,128x128,flydsl,528,1,15.8788,flydsl_mxfp8_128_bpreshuffle_wmma_t256x256x128_mw2_nw2_nb4_sk1_cm1_cn1,540.97,858.47,0.0
gfx1250,256,1024,4096,2048,128x128,flydsl,528,1,17.4648,flydsl_mxfp8_128_bpreshuffle_wmma_t256x256x128_mw2_nw2_nb4_sk1_cm1_cn1,983.69,1080.71,0.0
gfx1250,256,2048,4096,2048,128x128,flydsl,528,1,18.0995,flydsl_mxfp8_128_bpreshuffle_wmma_t256x256x128_mw2_nw2_nb4_sk1_cm1_cn1,1898.38,1622.15,0.0
gfx1250,256,4096,4096,2048,128x128,flydsl,528,1,22.434,flydsl_mxfp8_128_bpreshuffle_wmma_t256x256x128_mw2_nw2_nb4_sk1_cm1_cn1,3063.18,2243.54,0.0
gfx1250,256,8192,4096,2048,128x128,flydsl,528,1,39.4072,flydsl_mxfp8_128_bpreshuffle_wmma_t256x256x128_mw2_nw2_nb4_sk1_cm1_cn1,3487.66,2341.57,0.0
gfx1250,256,16384,4096,2048,128x128,flydsl,528,1,66.6971,flydsl_mxfp8_128_bpreshuffle_wmma_t256x256x128_mw2_nw2_nb4_sk1_cm1_cn1,4121.29,2641.21,0.0
gfx1250,256,32768,4096,2048,128x128,flydsl,528,1,121.0925,flydsl_mxfp8_128_bpreshuffle_wmma_t256x256x128_mw2_nw2_nb4_sk1_cm1_cn1,4539.97,2840.25,0.0
gfx1250,256,16,4096,4096,128x128,flydsl,11,1,4.8236,flydsl_mxfp8_128_bpreshuffle_wmma_t16x32x1024_mw1_nw2_nb4_sk1_cm1_cn1,111.3,3518.91,0.0
gfx1250,256,32,4096,4096,128x128,flydsl,113,1,4.7351,flydsl_mxfp8_128_bpreshuffle_wmma_t32x32x1024_mw2_nw2_nb3_sk1_cm1_cn1,226.76,3626.2,0.0
gfx1250,256,64,4096,4096,128x128,flydsl,268,1,6.2966,flydsl_mxfp8_128_bpreshuffle_wmma_t64x32x512_mw4_nw1_nb4_sk1_cm1_cn1,341.05,2789.39,0.0
gfx1250,256,128,4096,4096,128x128,flydsl,268,1,6.3485,flydsl_mxfp8_128_bpreshuffle_wmma_t64x32x512_mw4_nw1_nb4_sk1_cm1_cn1,676.53,2890.46,0.0
gfx1250,256,256,4096,4096,128x128,flydsl,283,1,8.1666,flydsl_mxfp8_128_bpreshuffle_wmma_t64x64x512_mw2_nw2_nb4_sk1_cm1_cn1,1051.84,2439.56,0.0
gfx1250,256,512,4096,4096,128x128,flydsl,528,1,23.8669,flydsl_mxfp8_128_bpreshuffle_wmma_t256x256x128_mw2_nw2_nb4_sk1_cm1_cn1,719.82,966.56,0.0
gfx1250,256,1024,4096,4096,128x128,flydsl,528,1,24.8118,flydsl_mxfp8_128_bpreshuffle_wmma_t256x256x128_mw2_nw2_nb4_sk1_cm1_cn1,1384.81,1183.31,0.0
gfx1250,256,2048,4096,4096,128x128,flydsl,528,1,26.4692,flydsl_mxfp8_128_bpreshuffle_wmma_t256x256x128_mw2_nw2_nb4_sk1_cm1_cn1,2596.21,1584.6,0.0
gfx1250,256,4096,4096,4096,128x128,flydsl,528,1,32.6565,flydsl_mxfp8_128_bpreshuffle_wmma_t256x256x128_mw2_nw2_nb4_sk1_cm1_cn1,4208.62,2054.99,0.0
gfx1250,256,8192,4096,4096,128x128,flydsl,528,1,58.3829,flydsl_mxfp8_128_bpreshuffle_wmma_t256x256x128_mw2_nw2_nb4_sk1_cm1_cn1,4708.19,2011.56,0.0
gfx1250,256,16384,4096,4096,128x128,flydsl,528,1,101.7874,flydsl_mxfp8_128_bpreshuffle_wmma_t256x256x128_mw2_nw2_nb4_sk1_cm1_cn1,5401.02,2142.74,0.0
gfx1250,256,32768,4096,4096,128x128,flydsl,528,1,199.2404,flydsl_mxfp8_128_bpreshuffle_wmma_t256x256x128_mw2_nw2_nb4_sk1_cm1_cn1,5518.52,2105.15,0.0
gfx1250,256,32,7168,768,128x128,flydsl,22,1,3.4209,flydsl_mxfp8_128_bpreshuffle_wmma_t16x64x256_mw1_nw4_nb3_sk1_cm1_cn1,102.99,1750.52,0.0
gfx1250,256,128,7168,768,128x128,flydsl,164,1,3.9758,flydsl_mxfp8_128_bpreshuffle_wmma_t32x128x256_mw2_nw2_nb3_sk1_cm1_cn1,354.47,1870.9,0.0
gfx1250,256,256,7168,768,128x128,flydsl,407,1,4.4411,flydsl_mxfp8_128_bpreshuffle_wmma_t128x64x256_mw2_nw2_nb3_sk1_cm1_cn1,634.66,2110.21,0.0
gfx1250,256,512,7168,768,128x128,flydsl,209,1,5.4108,flydsl_mxfp8_128_bpreshuffle_wmma_t128x128x256_mw2_nw2_nb3_sk1_cm1_cn1,1041.83,2446.64,0.0
gfx1250,256,1024,7168,768,128x128,flydsl,259,1,7.7998,flydsl_mxfp8_128_bpreshuffle_wmma_t256x128x256_mw4_nw1_nb3_sk1_cm1_cn1,1445.46,2688.73,0.0
gfx1250,256,2048,7168,768,128x128,flydsl,223,1,12.4581,flydsl_mxfp8_128_bpreshuffle_wmma_t128x512x128_mw1_nw4_nb3_sk1_cm1_cn1,1809.95,2924.85,0.0
gfx1250,256,4096,7168,768,128x128,flydsl,223,1,20.749,flydsl_mxfp8_128_bpreshuffle_wmma_t128x512x128_mw1_nw4_nb3_sk1_cm1_cn1,2173.46,3246.95,0.0
gfx1250,256,8192,7168,768,128x128,flydsl,263,1,35.6411,flydsl_mxfp8_128_bpreshuffle_wmma_t256x256x256_mw2_nw2_nb2_sk1_cm1_cn1,2530.63,3626.07,0.0
gfx1250,256,16384,7168,768,128x128,flydsl,529,1,65.7262,flydsl_mxfp8_128_bpreshuffle_wmma_t256x256x256_mw2_nw2_nb2_sk1_cm1_cn1,2744.55,3848.83,0.0
gfx1250,256,32768,7168,768,128x128,flydsl,529,1,126.7629,flydsl_mxfp8_128_bpreshuffle_wmma_t256x256x256_mw2_nw2_nb2_sk1_cm1_cn1,2846.08,3947.79,0.0
gfx1250,256,32,2048,7168,128x128,flydsl,111,1,6.3816,flydsl_mxfp8_128_bpreshuffle_wmma_t32x32x512_mw2_nw2_nb4_sk1_cm1_cn1,147.22,2356.86,0.0
gfx1250,256,128,2048,7168,128x128,flydsl,111,1,7.4047,flydsl_mxfp8_128_bpreshuffle_wmma_t32x32x512_mw2_nw2_nb4_sk1_cm1_cn1,507.53,2177.25,0.0
gfx1250,256,256,2048,7168,128x128,flydsl,140,1,9.4924,flydsl_mxfp8_128_bpreshuffle_wmma_t32x64x512_mw2_nw2_nb3_sk1_cm1_cn1,791.81,1850.29,0.0
gfx1250,256,512,2048,7168,128x128,flydsl,2165,4,11.289,flydsl_mxfp8_128_bpreshuffle_wmma_t128x128x256_mw2_nw2_nb3_sk4_cm1_cn1,1331.6,1811.25,0.0
gfx1250,256,1024,2048,7168,128x128,flydsl,3222,4,14.3841,flydsl_mxfp8_128_bpreshuffle_compute_wmma_t128x256x128_mw2_nw2_nb3_sk4_cm1_cn4,2090.14,1822.46,0.0
gfx1250,256,2048,2048,7168,128x128,flydsl,3207,1,17.1100,flydsl_mxfp8_128_bpreshuffle_compute_wmma_t128x256x128_mw2_nw2_nb3_sk1_cm1_cn4,3211.88,2016.38,0.0
gfx1250,256,4096,2048,7168,128x128,flydsl,3172,1,26.7639,flydsl_mxfp8_128_bpreshuffle_compute_wmma_t128x256x128_mw2_nw2_nb3_sk1_cm1_cn4,4493.33,2272.37,0.0
gfx1250,256,8192,2048,7168,128x128,flydsl,3157,1,40.2099,flydsl_mxfp8_128_bpreshuffle_compute_wmma_t256x256x128_mw2_nw2_nb2_sk1_cm1_cn4,5981.57,2659.91,0.0
gfx1250,256,16384,2048,7168,128x128,flydsl,3157,1,76.353,flydsl_mxfp8_128_bpreshuffle_compute_wmma_t256x256x128_mw2_nw2_nb2_sk1_cm1_cn4,6300.16,2609.32,0.0
gfx1250,256,32768,2048,7168,128x128,flydsl,3157,1,140.89,flydsl_mxfp8_128_bpreshuffle_compute_wmma_t256x256x128_mw2_nw2_nb2_sk1_cm1_cn4,6828.54,2723.96,0.0
gfx1250,256,32,7168,4096,128x128,flydsl,113,1,5.3092,flydsl_mxfp8_128_bpreshuffle_wmma_t32x32x1024_mw2_nw2_nb3_sk1_cm1_cn1,353.92,5641.14,0.0
gfx1250,256,64,7168,4096,128x128,flydsl,268,1,6.846,flydsl_mxfp8_128_bpreshuffle_wmma_t64x32x512_mw4_nw1_nb4_sk1_cm1_cn1,548.95,4460.97,0.0
gfx1250,256,128,7168,4096,128x128,flydsl,283,1,7.8422,flydsl_mxfp8_128_bpreshuffle_wmma_t64x64x512_mw2_nw2_nb4_sk1_cm1_cn1,958.43,4044.71,0.0
gfx1250,256,256,7168,4096,128x128,flydsl,423,1,11.9636,flydsl_mxfp8_128_bpreshuffle_wmma_t128x128x256_mw2_nw2_nb4_sk1_cm1_cn1,1256.51,2848.53,0.0
gfx1250,256,512,7168,4096,128x128,flydsl,210,1,13.6045,flydsl_mxfp8_128_bpreshuffle_wmma_t128x128x256_mw2_nw2_nb4_sk1_cm1_cn1,2209.91,2851.8,0.0
gfx1250,256,1024,7168,4096,128x128,flydsl,217,1,20.0399,flydsl_mxfp8_128_bpreshuffle_wmma_t128x256x128_mw2_nw2_nb4_sk1_cm1_cn1,3000.49,2406.92,0.0
gfx1250,256,2048,7168,4096,128x128,flydsl,262,1,27.9538,flydsl_mxfp8_128_bpreshuffle_wmma_t256x256x128_mw2_nw2_nb4_sk1_cm1_cn1,4302.07,2400.71,0.0
gfx1250,256,4096,7168,4096,128x128,flydsl,262,1,56.9068,flydsl_mxfp8_128_bpreshuffle_wmma_t256x256x128_mw2_nw2_nb4_sk1_cm1_cn1,4226.53,1842.62,0.0
gfx1250,256,8192,7168,4096,128x128,flydsl,262,1,100.3682,flydsl_mxfp8_128_bpreshuffle_wmma_t256x256x128_mw2_nw2_nb4_sk1_cm1_cn1,4792.72,1796.93,0.0
gfx1250,256,16384,7168,4096,128x128,flydsl,528,1,172.8295,flydsl_mxfp8_128_bpreshuffle_wmma_t256x256x128_mw2_nw2_nb4_sk1_cm1_cn1,5566.6,1917.21,0.0
gfx1250,256,32768,7168,4096,128x128,flydsl,528,1,340.6371,flydsl_mxfp8_128_bpreshuffle_wmma_t256x256x128_mw2_nw2_nb4_sk1_cm1_cn1,5648.67,1859.28,0.0
gfx1250,256,32,1536,7168,128x128,flydsl,111,1,6.2954,flydsl_mxfp8_128_bpreshuffle_wmma_t32x32x512_mw2_nw2_nb4_sk1_cm1_cn1,111.93,1800.95,0.0
gfx1250,256,128,1536,7168,128x128,flydsl,111,1,7.0521,flydsl_mxfp8_128_bpreshuffle_wmma_t32x32x512_mw2_nw2_nb4_sk1_cm1_cn1,399.68,1747.11,0.0
gfx1250,256,256,1536,7168,128x128,flydsl,138,1,8.4731,flydsl_mxfp8_128_bpreshuffle_wmma_t32x64x512_mw1_nw4_nb4_sk1_cm1_cn1,665.3,1608.8,0.0
gfx1250,256,512,1536,7168,128x128,flydsl,136,1,10.5785,flydsl_mxfp8_128_bpreshuffle_wmma_t64x64x512_mw2_nw2_nb4_sk1_cm1_cn1,1065.77,1536.41,0.0
gfx1250,256,1024,1536,7168,128x128,flydsl,200,1,13.83,flydsl_mxfp8_128_bpreshuffle_wmma_t128x64x256_mw4_nw1_nb4_sk1_cm1_cn1,1630.41,1554.29,0.0
gfx1250,256,2048,1536,7168,128x128,flydsl,210,1,19.068,flydsl_mxfp8_128_bpreshuffle_wmma_t128x128x256_mw2_nw2_nb4_sk1_cm1_cn1,2365.07,1677.24,0.0
gfx1250,256,4096,1536,7168,128x128,flydsl,217,1,26.7965,flydsl_mxfp8_128_bpreshuffle_wmma_t128x256x128_mw2_nw2_nb4_sk1_cm1_cn1,3365.9,1976.12,0.0
gfx1250,256,8192,1536,7168,128x128,flydsl,262,1,39.8716,flydsl_mxfp8_128_bpreshuffle_wmma_t256x256x128_mw2_nw2_nb4_sk1_cm1_cn1,4524.24,2380.04,0.0
gfx1250,256,16384,1536,7168,128x128,flydsl,528,1,79.0006,flydsl_mxfp8_128_bpreshuffle_wmma_t256x256x128_mw2_nw2_nb4_sk1_cm1_cn1,4566.77,2263.05,0.0
gfx1250,256,32768,1536,7168,128x128,flydsl,528,1,134.0169,flydsl_mxfp8_128_bpreshuffle_wmma_t256x256x128_mw2_nw2_nb4_sk1_cm1_cn1,5384.06,2585.9,0.0
gfx1250,256,32,8192,1536,128x128,flydsl,110,1,4.7064,flydsl_mxfp8_128_bpreshuffle_wmma_t32x32x512_mw2_nw2_nb3_sk1_cm1_cn1,171.11,2795.42,0.0
gfx1250,256,128,8192,1536,128x128,flydsl,280,1,5.9456,flydsl_mxfp8_128_bpreshuffle_wmma_t64x64x256_mw2_nw2_nb4_sk1_cm1_cn1,541.78,2502.13,0.0
gfx1250,256,256,8192,1536,128x128,flydsl,408,1,5.7752,flydsl_mxfp8_128_bpreshuffle_wmma_t128x64x256_mw2_nw2_nb4_sk1_cm1_cn1,1115.54,2973.13,0.0
gfx1250,256,512,8192,1536,128x128,flydsl,1368,1,6.833,flydsl_mxfp8_128_bpreshuffle_compute_wmma_t128x128x128_mw2_nw2_nb4_sk1_cm2_cn4,1885.69,3184.25,0.0
gfx1250,256,1024,8192,1536,128x128,flydsl,3172,1,10.4175,flydsl_mxfp8_128_bpreshuffle_compute_wmma_t128x256x128_mw2_nw2_nb3_sk1_cm1_cn4,2473.7,2969.33,0.0
gfx1250,256,2048,8192,1536,128x128,flydsl,3157,1,11.9523,flydsl_mxfp8_128_bpreshuffle_compute_wmma_t256x256x128_mw2_nw2_nb2_sk1_cm1_cn4,4312.11,4123.31,0.0
gfx1250,256,4096,8192,1536,128x128,flydsl,3157,1,24.9559,flydsl_mxfp8_128_bpreshuffle_compute_wmma_t256x256x128_mw2_nw2_nb2_sk1_cm1_cn4,4130.45,3445.41,0.0
gfx1250,256,8192,8192,1536,128x128,flydsl,3157,1,41.2433,flydsl_mxfp8_128_bpreshuffle_compute_wmma_t256x256x128_mw2_nw2_nb2_sk1_cm1_cn4,4998.59,3864.47,0.0
gfx1250,256,16384,8192,1536,128x128,flydsl,3157,1,81.8328,flydsl_mxfp8_128_bpreshuffle_compute_wmma_t256x256x128_mw2_nw2_nb2_sk1_cm1_cn4,5038.53,3741.58,0.0
gfx1250,256,32768,8192,1536,128x128,flydsl,3157,1,157.7343,flydsl_mxfp8_128_bpreshuffle_compute_wmma_t256x256x128_mw2_nw2_nb2_sk1_cm1_cn4,5227.99,3802.51,0.0
gfx1250,256,32,16384,1536,128x128,flydsl,165,1,5.5571,flydsl_mxfp8_128_bpreshuffle_wmma_t32x128x256_mw2_nw2_nb4_sk1_cm1_cn1,289.83,4726.13,0.0
gfx1250,256,128,16384,1536,128x128,flydsl,424,1,7.0387,flydsl_mxfp8_128_bpreshuffle_wmma_t128x128x512_mw2_nw2_nb2_sk1_cm1_cn1,915.29,4199.18,0.0
gfx1250,256,256,16384,1536,128x128,flydsl,422,1,8.0812,flydsl_mxfp8_128_bpreshuffle_wmma_t128x128x256_mw2_nw2_nb3_sk1_cm1_cn1,1594.43,4200.82,0.0
gfx1250,256,512,16384,1536,128x128,flydsl,259,1,11.5139,flydsl_mxfp8_128_bpreshuffle_wmma_t256x128x256_mw4_nw1_nb3_sk1_cm1_cn1,2238.15,3711.12,0.0
gfx1250,256,1024,16384,1536,128x128,flydsl,223,1,17.688,flydsl_mxfp8_128_bpreshuffle_wmma_t128x512x128_mw1_nw4_nb3_sk1_cm1_cn1,2913.82,3408.7,0.0
gfx1250,256,2048,16384,1536,128x128,flydsl,263,1,32.1791,flydsl_mxfp8_128_bpreshuffle_wmma_t256x256x256_mw2_nw2_nb2_sk1_cm1_cn1,3203.3,2965.29,0.0
gfx1250,256,4096,16384,1536,128x128,flydsl,263,1,56.7945,flydsl_mxfp8_128_bpreshuffle_wmma_t256x256x256_mw2_nw2_nb2_sk1_cm1_cn1,3629.9,2917.1,0.0
gfx1250,256,8192,16384,1536,128x128,flydsl,262,1,109.9768,flydsl_mxfp8_128_bpreshuffle_wmma_t256x256x128_mw2_nw2_nb4_sk1_cm1_cn1,3749.13,2784.08,0.0
gfx1250,256,16384,16384,1536,128x128,flydsl,529,1,205.4995,flydsl_mxfp8_128_bpreshuffle_wmma_t256x256x256_mw2_nw2_nb2_sk1_cm1_cn1,4012.83,2857.44,0.0
gfx1250,256,32768,16384,1536,128x128,flydsl,529,1,411.7375,flydsl_mxfp8_128_bpreshuffle_wmma_t256x256x256_mw2_nw2_nb2_sk1_cm1_cn1,4005.63,2791.19,0.0
gfx1250,256,16,7168,16384,128x128,flydsl,11,1,13.2542,flydsl_mxfp8_128_bpreshuffle_wmma_t16x32x1024_mw1_nw2_nb4_sk1_cm1_cn1,283.54,8897.71,0.0
gfx1250,256,32,7168,16384,128x128,flydsl,114,1,14.3793,flydsl_mxfp8_128_bpreshuffle_wmma_t32x32x1024_mw2_nw2_nb4_sk1_cm1_cn1,522.71,8235.7,0.0
gfx1250,256,64,7168,16384,128x128,flydsl,268,1,16.4997,flydsl_mxfp8_128_bpreshuffle_wmma_t64x32x512_mw4_nw1_nb4_sk1_cm1_cn1,911.07,7236.89,0.0
gfx1250,256,128,7168,16384,128x128,flydsl,284,1,23.6547,flydsl_mxfp8_128_bpreshuffle_wmma_t64x64x1024_mw2_nw2_nb2_sk1_cm1_cn1,1270.99,5131.02,0.0
gfx1250,256,256,7168,16384,128x128,flydsl,411,1,30.3155,flydsl_mxfp8_128_bpreshuffle_wmma_t128x64x256_mw4_nw1_nb4_sk1_cm1_cn1,1983.46,4133.36,0.0
gfx1250,256,512,7168,16384,128x128,flydsl,1452,2,25.4050,flydsl_mxfp8_128_bpreshuffle_compute_wmma_t128x256x128_mw2_nw2_nb3_sk2_cm4_cn2_fsk,4633.49,5130.91,0.0
gfx1250,256,1024,7168,16384,128x128,flydsl,3172,1,52.6075,flydsl_mxfp8_128_bpreshuffle_compute_wmma_t128x256x128_mw2_nw2_nb3_sk1_cm1_cn4,4571.94,2830.35,0.0
gfx1250,256,2048,7168,16384,128x128,flydsl,3157,1,76.5153,flydsl_mxfp8_128_bpreshuffle_compute_wmma_t256x256x128_mw2_nw2_nb2_sk1_cm1_cn4,6286.8,2357.11,0.0
gfx1250,256,4096,7168,16384,128x128,flydsl,3157,1,144.4014,flydsl_mxfp8_128_bpreshuffle_compute_wmma_t256x256x128_mw2_nw2_nb2_sk1_cm1_cn4,6662.49,1684.68,0.0
gfx1250,256,8192,7168,16384,128x128,flydsl,3157,1,291.1597,flydsl_mxfp8_128_bpreshuffle_compute_wmma_t256x256x128_mw2_nw2_nb2_sk1_cm1_cn4,6608.56,1267.68,0.0
gfx1250,256,16384,7168,16384,128x128,flydsl,3182,2,596.0501,flydsl_mxfp8_128_bpreshuffle_compute_wmma_t256x256x128_mw2_nw2_nb2_sk2_cm1_cn4,6456.32,1041.45,0.0
gfx1250,256,32768,7168,16384,128x128,flydsl,3157,1,1078.1106,flydsl_mxfp8_128_bpreshuffle_compute_wmma_t256x256x128_mw2_nw2_nb2_sk1_cm1_cn4,7138.95,1042.63,0.0
gfx1250,256,16,6144,7168,128x128,flydsl,29,1,6.9343,flydsl_mxfp8_128_bpreshuffle_wmma_t16x64x512_mw1_nw4_nb4_sk1_cm1_cn1,203.23,6395.96,0.0
gfx1250,256,32,6144,7168,128x128,flydsl,111,1,7.2383,flydsl_mxfp8_128_bpreshuffle_wmma_t32x32x512_mw2_nw2_nb4_sk1_cm1_cn1,389.4,6170.34,0.0
gfx1250,256,64,6144,7168,128x128,flydsl,268,1,8.4589,flydsl_mxfp8_128_bpreshuffle_wmma_t64x32x512_mw4_nw1_nb4_sk1_cm1_cn1,666.42,5353.58,0.0
gfx1250,256,128,6144,7168,128x128,flydsl,283,1,11.3564,flydsl_mxfp8_128_bpreshuffle_wmma_t64x64x512_mw2_nw2_nb4_sk1_cm1_cn1,992.77,4097.3,0.0
gfx1250,256,256,6144,7168,128x128,flydsl,408,1,14.9139,flydsl_mxfp8_128_bpreshuffle_wmma_t128x64x256_mw2_nw2_nb4_sk1_cm1_cn1,1511.92,3286.93,0.0
gfx1250,256,512,6144,7168,128x128,flydsl,1441,2,13.4250,flydsl_mxfp8_128_bpreshuffle_compute_wmma_t128x256x128_mw2_nw2_nb4_sk2_cm4_cn2_fsk,3360.19,4023.67,0.0
gfx1250,256,1024,6144,7168,128x128,flydsl,3172,1,24.626,flydsl_mxfp8_128_bpreshuffle_compute_wmma_t128x256x128_mw2_nw2_nb3_sk1_cm1_cn4,3662.56,2597.38,0.0
gfx1250,256,2048,6144,7168,128x128,flydsl,3157,1,35.0189,flydsl_mxfp8_128_bpreshuffle_compute_wmma_t256x256x128_mw2_nw2_nb2_sk1_cm1_cn4,5151.18,2395.45,0.0
gfx1250,256,4096,6144,7168,128x128,flydsl,3157,1,68.4804,flydsl_mxfp8_128_bpreshuffle_compute_wmma_t256x256x128_mw2_nw2_nb2_sk1_cm1_cn4,5268.33,1806.82,0.0
gfx1250,256,8192,6144,7168,128x128,flydsl,3157,1,107.514,flydsl_mxfp8_128_bpreshuffle_compute_wmma_t256x256x128_mw2_nw2_nb2_sk1_cm1_cn4,6711.26,1892.07,0.0
gfx1250,256,16384,6144,7168,128x128,flydsl,3157,1,233.6654,flydsl_mxfp8_128_bpreshuffle_compute_wmma_t256x256x128_mw2_nw2_nb2_sk1_cm1_cn4,6175.96,1552.68,0.0
gfx1250,256,32768,6144,7168,128x128,flydsl,3157,1,421.4223,flydsl_mxfp8_128_bpreshuffle_compute_wmma_t256x256x128_mw2_nw2_nb2_sk1_cm1_cn4,6848.75,1617.32,0.0
gfx1250,256,16,7168,3072,128x128,flydsl,29,1,4.5275,flydsl_mxfp8_128_bpreshuffle_wmma_t16x64x512_mw1_nw4_nb4_sk1_cm1_cn1,155.64,4925.15,0.0
gfx1250,256,32,7168,3072,128x128,flydsl,111,1,5.0085,flydsl_mxfp8_128_bpreshuffle_wmma_t32x32x512_mw2_nw2_nb4_sk1_cm1_cn1,281.38,4507.77,0.0
gfx1250,256,64,7168,3072,128x128,flydsl,268,1,5.3455,flydsl_mxfp8_128_bpreshuffle_wmma_t64x32x512_mw4_nw1_nb4_sk1_cm1_cn1,527.28,4327.79,0.0
gfx1250,256,128,7168,3072,128x128,flydsl,283,1,7.2144,flydsl_mxfp8_128_bpreshuffle_wmma_t64x64x512_mw2_nw2_nb4_sk1_cm1_cn1,781.37,3361.1,0.0
gfx1250,256,256,7168,3072,128x128,flydsl,408,1,8.3368,flydsl_mxfp8_128_bpreshuffle_wmma_t128x64x256_mw2_nw2_nb4_sk1_cm1_cn1,1352.35,3175.86,0.0
gfx1250,256,512,7168,3072,128x128,flydsl,1372,1,9.4883,flydsl_mxfp8_128_bpreshuffle_compute_wmma_t128x128x128_mw2_nw2_nb4_sk1_cm1_cn4,2376.46,3260.12,0.0
gfx1250,256,1024,7168,3072,128x128,flydsl,3172,1,14.2871,flydsl_mxfp8_128_bpreshuffle_compute_wmma_t128x256x128_mw2_nw2_nb3_sk1_cm1_cn4,3156.49,2788.94,0.0
gfx1250,256,2048,7168,3072,128x128,flydsl,3157,1,19.3112,flydsl_mxfp8_128_bpreshuffle_compute_wmma_t256x256x128_mw2_nw2_nb2_sk1_cm1_cn4,4670.57,2986.44,0.0
gfx1250,256,4096,7168,3072,128x128,flydsl,3157,1,34.9042,flydsl_mxfp8_128_bpreshuffle_compute_wmma_t256x256x128_mw2_nw2_nb2_sk1_cm1_cn4,5168.11,2673.7,0.0
gfx1250,256,8192,7168,3072,128x128,flydsl,3157,1,67.9144,flydsl_mxfp8_128_bpreshuffle_compute_wmma_t256x256x128_mw2_nw2_nb2_sk1_cm1_cn4,5312.24,2424.03,0.0
gfx1250,256,16384,7168,3072,128x128,flydsl,3157,1,121.3965,flydsl_mxfp8_128_bpreshuffle_compute_wmma_t256x256x128_mw2_nw2_nb2_sk1_cm1_cn4,5943.78,2530.82,0.0
gfx1250,256,32768,7168,3072,128x128,flydsl,3157,1,233.2363,flydsl_mxfp8_128_bpreshuffle_compute_wmma_t256x256x128_mw2_nw2_nb2_sk1_cm1_cn4,6187.33,2540.11,0.0
gfx1250,256,16,65536,1536,128x128,flydsl,80,1,8.7287,flydsl_mxfp8_128_bpreshuffle_wmma_t16x256x256_mw1_nw4_nb3_sk1_cm1_cn1,369.04,11775.52,0.0
gfx1250,256,32,65536,1536,128x128,flydsl,164,1,8.5763,flydsl_mxfp8_128_bpreshuffle_wmma_t32x128x256_mw2_nw2_nb3_sk1_cm1_cn1,751.19,12232.17,0.0
gfx1250,256,64,65536,1536,128x128,flydsl,338,1,9.8486,flydsl_mxfp8_128_bpreshuffle_wmma_t64x256x128_mw2_nw2_nb4_sk1_cm1_cn1,1308.3,11082.81,0.0
gfx1250,256,128,65536,1536,128x128,flydsl,448,1,12.3328,flydsl_mxfp8_128_bpreshuffle_wmma_t128x256x128_mw2_nw2_nb4_sk1_cm1_cn1,2089.53,9538.56,0.0
gfx1250,256,256,65536,1536,128x128,flydsl,529,1,19.3954,flydsl_mxfp8_128_bpreshuffle_wmma_t256x256x256_mw2_nw2_nb2_sk1_cm1_cn1,2657.31,6940.35,0.0
gfx1250,256,512,65536,1536,128x128,flydsl,1349,1,23.6765,flydsl_mxfp8_128_bpreshuffle_compute_wmma_t256x256x128_mw2_nw2_nb2_sk1_cm2_cn4_ps2,4353.65,7119.24,0.0
gfx1250,256,1024,65536,1536,128x128,flydsl,3157,1,48.1684,flydsl_mxfp8_128_bpreshuffle_compute_wmma_t256x256x128_mw2_nw2_nb2_sk1_cm1_cn4,4279.95,4908.9,0.0
gfx1250,256,2048,65536,1536,128x128,flydsl,3157,1,84.5674,flydsl_mxfp8_128_bpreshuffle_compute_wmma_t256x256x128_mw2_nw2_nb2_sk1_cm1_cn4,4875.6,4401.75,0.0
gfx1250,256,4096,65536,1536,128x128,flydsl,3157,1,163.3757,flydsl_mxfp8_128_bpreshuffle_compute_wmma_t256x256x128_mw2_nw2_nb2_sk1_cm1_cn4,5047.47,3940.77,0.0
gfx1250,256,8192,65536,1536,128x128,flydsl,3152,1,323.3954,flydsl_mxfp8_128_bpreshuffle_compute_wmma_t256x256x128_mw2_nw2_nb4_sk1_cm1_cn4,5099.85,3670.39,0.0
gfx1250,256,16384,65536,1536,128x128,flydsl,3152,1,642.9719,flydsl_mxfp8_128_bpreshuffle_compute_wmma_t256x256x128_mw2_nw2_nb4_sk1_cm1_cn4,5130.14,3535.63,0.0
gfx1250,256,32768,65536,1536,128x128,flydsl,3152,1,1277.5444,flydsl_mxfp8_128_bpreshuffle_compute_wmma_t256x256x128_mw2_nw2_nb4_sk1_cm1_cn4,5163.87,3480.08,0.0
gfx950,256,16,768,7168,128x128,flydsl,18459,28,8.5221,flydsl_mxpsh_32x32x256_F8_F8_B16_w0_x0_sk28,20.67,662.31,0.0
gfx950,256,32,768,7168,128x128,flydsl,18829,14,8.064,flydsl_mxpsh_32x64x256_F8_F8_B16_w0_x0_sk14,43.69,717.21,0.0
gfx950,256,64,768,7168,128x128,flydsl,18907,28,10.8672,flydsl_mxpsh_32x64x256_F8_F8_B16_w2_x0_sk28,64.84,557.83,0.0
gfx950,256,128,768,7168,128x128,flydsl,20902,7,11.2869,flydsl_mxpsh_64x32x256_F8_F8_B16_w4_x4_sk7,124.86,586.44,0.0
gfx950,256,256,768,7168,128x128,flydsl,21286,7,12.9749,flydsl_mxpsh_64x64x256_F8_F8_B16_w4_x4_sk7,217.23,596.02,0.0
gfx950,256,512,768,7168,128x128,flydsl,23334,7,15.0789,flydsl_mxpsh_96x64x256_F8_F8_B16_w0_x4_sk7,373.84,660.62,0.0
gfx950,256,1024,768,7168,128x128,flydsl,21283,4,18.2179,flydsl_mxpsh_64x64x256_F8_F8_B16_w4_x4_sk4,618.86,791.42,0.0
gfx950,256,2048,768,7168,128x128,flydsl,25667,4,26.6632,flydsl_mxpsh_128x128x256_F8_F8_B16_w2_x0_sk4,845.68,875.02,0.0
gfx950,256,4096,768,7168,128x128,flydsl,25280,1,39.1537,flydsl_mxpsh_128x64x256_F8_F8_B16_w2_x0_sk1,1151.8,1051.16,0.0
gfx950,256,8192,768,7168,128x128,flydsl,25600,1,58.3472,flydsl_mxpsh_128x128x256_F8_F8_B16_w0_x0_sk1,1545.82,1316.4,0.0
gfx950,256,16384,768,7168,128x128,flydsl,25408,1,94.8717,flydsl_mxpsh_128x128x128_F8_F8_B16_w0_x0_sk1,1901.4,1561.18,0.0
gfx950,256,32768,768,7168,128x128,flydsl,25824,1,180.0708,flydsl_mxpsh_128x256x128_F8_F8_B16_w0_x4_sk1,2003.53,1614.46,0.0
gfx950,256,16,2048,7168,128x128,flydsl,21261,14,11.1856,flydsl_mxpsh_64x64x256_F8_F8_B16_w4_x0_sk14,42.0,1328.52,0.0
gfx950,256,32,2048,7168,128x128,flydsl,18438,7,10.7007,flydsl_mxpsh_32x32x256_F8_F8_B16_w0_x0_sk7,87.8,1405.56,0.0
gfx950,256,64,2048,7168,128x128,flydsl,21222,7,12.0032,flydsl_mxpsh_64x64x256_F8_F8_B16_w2_x4_sk7,156.55,1283.07,0.0
gfx950,256,128,2048,7168,128x128,flydsl,21126,7,13.7752,flydsl_mxpsh_64x64x256_F8_F8_B16_w0_x0_sk7,272.82,1170.35,0.0
gfx950,256,256,2048,7168,128x128,flydsl,21603,4,16.1027,flydsl_mxpsh_64x128x256_F8_F8_B16_w2_x4_sk4,466.77,1090.73,0.0
gfx950,256,512,2048,7168,128x128,flydsl,25635,4,19.8818,flydsl_mxpsh_128x128x256_F8_F8_B16_w0_x4_sk4,756.09,1028.44,0.0
gfx950,256,1024,2048,7168,128x128,flydsl,25761,2,29.6087,flydsl_mxpsh_128x128x256_F8_F8_B16_w4_x4_sk2,1015.4,885.36,0.0
gfx950,256,2048,2048,7168,128x128,flydsl,25696,1,43.1737,flydsl_mxpsh_128x128x256_F8_F8_B16_w2_x4_sk1,1392.74,874.35,0.0
gfx950,256,4096,2048,7168,128x128,flydsl,25632,1,65.6712,flydsl_mxpsh_128x128x256_F8_F8_B16_w0_x4_sk1,1831.23,926.09,0.0
gfx950,256,8192,2048,7168,128x128,flydsl,25824,1,105.1812,flydsl_mxpsh_128x256x128_F8_F8_B16_w0_x4_sk1,2286.7,1016.86,0.0
gfx950,256,16384,2048,7168,128x128,flydsl,25888,1,194.4831,flydsl_mxpsh_128x256x128_F8_F8_B16_w2_x4_sk1,2473.41,1024.4,0.0
gfx950,256,32768,2048,7168,128x128,flydsl,25824,1,370.1867,flydsl_mxpsh_128x256x128_F8_F8_B16_w0_x4_sk1,2598.89,1036.72,0.0
gfx950,256,16,6144,7168,128x128,flydsl,28355,4,9.993,flydsl_mxpsh_16x64x256_F8_F8_B16_w4_x0_sk4,141.03,4438.26,0.0
gfx950,256,32,6144,7168,128x128,flydsl,18758,7,15.2572,flydsl_mxpsh_32x64x128_F8_F8_B16_w4_x0_sk7,184.74,2927.33,0.0
gfx950,256,64,6144,7168,128x128,flydsl,21958,7,17.2142,flydsl_mxpsh_64x256x256_F8_F8_B16_w2_x0_sk7,327.47,2630.7,0.0
gfx950,256,128,6144,7168,128x128,flydsl,25763,4,21.2267,flydsl_mxpsh_128x128x256_F8_F8_B16_w4_x4_sk4,531.14,2192.08,0.0
gfx950,256,256,6144,7168,128x128,flydsl,25633,2,29.0976,flydsl_mxpsh_128x128x256_F8_F8_B16_w0_x4_sk2,774.93,1684.71,0.0
gfx950,256,512,6144,7168,128x128,flydsl,21600,1,40.3335,flydsl_mxpsh_64x128x256_F8_F8_B16_w2_x4_sk1,1118.11,1338.88,0.0
gfx950,256,1024,6144,7168,128x128,flydsl,25760,1,59.2567,flydsl_mxpsh_128x128x256_F8_F8_B16_w4_x4_sk1,1522.09,1079.42,0.0
gfx950,256,2048,6144,7168,128x128,flydsl,25440,1,93.1422,flydsl_mxpsh_128x128x128_F8_F8_B16_w0_x4_sk1,1936.7,900.62,0.0
gfx950,256,4096,6144,7168,128x128,flydsl,25888,1,159.681,flydsl_mxpsh_128x256x128_F8_F8_B16_w2_x4_sk1,2259.36,774.87,0.0
gfx950,256,8192,6144,7168,128x128,flydsl,25824,1,271.3373,flydsl_mxpsh_128x256x128_F8_F8_B16_w0_x4_sk1,2659.25,749.71,0.0
gfx950,256,16384,6144,7168,128x128,flydsl,25888,1,523.8512,flydsl_mxpsh_128x256x128_F8_F8_B16_w2_x4_sk1,2754.81,692.58,0.0
gfx950,256,32768,6144,7168,128x128,flydsl,25888,1,1082.7843,flydsl_mxpsh_128x256x128_F8_F8_B16_w2_x4_sk1,2665.55,629.46,0.0
gfx950,256,16,7168,384,128x128,flydsl,18304,1,4.7737,flydsl_mxpsh_32x32x128_F8_F8_B16_w2_x0_sk1,18.45,625.94,0.0
gfx950,256,1,7168,3072,128x128,flydsl,27968,1,7.3259,flydsl_mxpsh_16x16x256_F8_F8_B16_w4_x0_sk1,6.01,3006.21,0.0
gfx950,256,16,7168,3072,128x128,flydsl,18592,1,11.2354,flydsl_mxpsh_32x32x256_F8_F8_B16_w4_x4_sk1,62.72,1984.68,0.0
gfx950,256,16,7168,7168,128x128,flydsl,19334,7,16.0711,flydsl_mxpsh_32x128x256_F8_F8_B16_w4_x0_sk7,102.31,3218.47,0.0
gfx950,256,16,7168,16384,128x128,flydsl,19367,8,26.3847,flydsl_mxpsh_32x128x256_F8_F8_B16_w4_x4_sk8,142.43,4469.71,0.0
gfx950,256,32,7168,384,128x128,flydsl,18240,1,4.9132,flydsl_mxpsh_32x32x128_F8_F8_B16_w0_x0_sk1,35.85,656.1,0.0
gfx950,256,32,7168,3072,128x128,flydsl,18496,1,11.3957,flydsl_mxpsh_32x32x256_F8_F8_B16_w2_x0_sk1,123.67,1981.2,0.0
gfx950,256,32,7168,7168,128x128,flydsl,19334,7,17.2685,flydsl_mxpsh_32x128x256_F8_F8_B16_w4_x0_sk7,190.42,3015.22,0.0
gfx950,256,32,7168,16384,128x128,flydsl,19111,8,28.7599,flydsl_mxpsh_32x128x128_F8_F8_B16_w2_x4_sk8,261.34,4117.66,0.0
gfx950,256,64,7168,384,128x128,flydsl,18304,1,4.8194,flydsl_mxpsh_32x32x128_F8_F8_B16_w2_x0_sk1,73.1,766.61,0.0
gfx950,256,64,7168,3072,128x128,flydsl,18464,1,11.8311,flydsl_mxpsh_32x32x256_F8_F8_B16_w0_x4_sk1,238.23,1955.37,0.0
gfx950,256,64,7168,7168,128x128,flydsl,23715,4,19.0098,flydsl_mxpsh_96x128x256_F8_F8_B16_w0_x4_sk4,345.96,2775.23,0.0
gfx950,256,64,7168,16384,128x128,flydsl,21543,8,31.4255,flydsl_mxpsh_64x128x256_F8_F8_B16_w0_x4_sk8,478.35,3799.67,0.0
gfx950,256,128,7168,384,128x128,flydsl,20608,1,4.9403,flydsl_mxpsh_64x32x128_F8_F8_B16_w2_x0_sk1,142.63,938.54,0.0
gfx950,256,128,7168,3072,128x128,flydsl,23456,1,14.1347,flydsl_mxpsh_96x64x256_F8_F8_B16_w4_x4_sk1,398.82,1715.52,0.0
gfx950,256,128,7168,7168,128x128,flydsl,25667,4,22.1213,flydsl_mxpsh_128x128x256_F8_F8_B16_w2_x0_sk4,594.6,2447.09,0.0
gfx950,256,128,7168,16384,128x128,flydsl,25607,8,38.0903,flydsl_mxpsh_128x128x256_F8_F8_B16_w0_x0_sk8,789.3,3186.45,0.0
gfx950,256,256,7168,384,128x128,flydsl,21056,1,6.06,flydsl_mxpsh_64x64x128_F8_F8_B16_w4_x0_sk1,232.56,1076.04,0.0
gfx950,256,256,7168,3072,128x128,flydsl,21216,1,15.5055,flydsl_mxpsh_64x64x256_F8_F8_B16_w2_x4_sk1,727.12,1707.56,0.0
gfx950,256,256,7168,7168,128x128,flydsl,25761,2,30.0391,flydsl_mxpsh_128x128x256_F8_F8_B16_w4_x4_sk2,875.75,1893.71,0.0
gfx950,256,256,7168,16384,128x128,flydsl,25763,4,53.6884,flydsl_mxpsh_128x128x256_F8_F8_B16_w4_x4_sk4,1119.97,2333.93,0.0
gfx950,256,512,7168,384,128x128,flydsl,25056,1,7.1154,flydsl_mxpsh_128x64x128_F8_F8_B16_w0_x4_sk1,396.12,1446.04,0.0
gfx950,256,512,7168,3072,128x128,flydsl,25248,1,20.2348,flydsl_mxpsh_128x64x256_F8_F8_B16_w0_x4_sk1,1114.35,1528.7,0.0
gfx950,256,512,7168,7168,128x128,flydsl,25696,1,42.2183,flydsl_mxpsh_128x128x256_F8_F8_B16_w2_x4_sk1,1246.22,1477.8,0.0
gfx950,256,512,7168,16384,128x128,flydsl,25633,2,82.244,flydsl_mxpsh_128x128x256_F8_F8_B16_w0_x4_sk2,1462.22,1619.2,0.0
gfx950,256,1024,7168,384,128x128,flydsl,27008,1,9.5833,flydsl_mxpsh_256x64x128_F8_F8_B16_w2_x0_sk1,588.23,1860.09,0.0
gfx950,256,1024,7168,3072,128x128,flydsl,25696,1,29.0408,flydsl_mxpsh_128x128x256_F8_F8_B16_w2_x4_sk1,1552.89,1372.07,0.0
gfx950,256,1024,7168,7168,128x128,flydsl,25696,1,62.7587,flydsl_mxpsh_128x128x256_F8_F8_B16_w2_x4_sk1,1676.69,1169.56,0.0
gfx950,256,1024,7168,16384,128x128,flydsl,25440,1,131.2176,flydsl_mxpsh_128x128x128_F8_F8_B16_w0_x4_sk1,1832.97,1134.74,0.0
gfx950,256,2048,7168,384,128x128,flydsl,25504,1,14.402,flydsl_mxpsh_128x128x128_F8_F8_B16_w2_x4_sk1,782.83,2284.34,0.0
gfx950,256,2048,7168,3072,128x128,flydsl,25888,1,49.3466,flydsl_mxpsh_128x256x128_F8_F8_B16_w2_x4_sk1,1827.77,1168.71,0.0
gfx950,256,2048,7168,7168,128x128,flydsl,25824,1,100.9259,flydsl_mxpsh_128x256x128_F8_F8_B16_w0_x4_sk1,2085.23,945.45,0.0
gfx950,256,2048,7168,16384,128x128,flydsl,25824,1,222.3904,flydsl_mxpsh_128x256x128_F8_F8_B16_w0_x4_sk1,2163.03,810.98,0.0
gfx950,256,4096,7168,384,128x128,flydsl,21728,1,23.0085,flydsl_mxpsh_64x256x128_F8_F8_B16_w0_x4_sk1,980.01,2740.1,0.0
gfx950,256,4096,7168,3072,128x128,flydsl,25824,1,86.4579,flydsl_mxpsh_128x256x128_F8_F8_B16_w0_x4_sk1,2086.43,1079.41,0.0
gfx950,256,4096,7168,7168,128x128,flydsl,25824,1,179.8017,flydsl_mxpsh_128x256x128_F8_F8_B16_w0_x4_sk1,2340.95,775.64,0.0
gfx950,256,4096,7168,16384,128x128,flydsl,25824,1,400.1569,flydsl_mxpsh_128x256x128_F8_F8_B16_w0_x4_sk1,2404.24,607.94,0.0
gfx950,256,8192,7168,384,128x128,flydsl,21792,1,41.8905,flydsl_mxpsh_64x256x128_F8_F8_B16_w2_x4_sk1,1076.55,2944.31,0.0
gfx950,256,8192,7168,3072,128x128,flydsl,25824,1,149.5362,flydsl_mxpsh_128x256x128_F8_F8_B16_w0_x4_sk1,2412.64,1100.91,0.0
gfx950,256,8192,7168,7168,128x128,flydsl,25824,1,309.9695,flydsl_mxpsh_128x256x128_F8_F8_B16_w0_x4_sk1,2715.79,734.08,0.0
gfx950,256,8192,7168,16384,128x128,flydsl,25792,1,728.3908,flydsl_mxpsh_128x256x128_F8_F8_B16_w0_x0_sk1,2641.64,506.73,0.0
gfx950,256,16384,7168,384,128x128,flydsl,23968,1,74.916,flydsl_mxpsh_96x256x128_F8_F8_B16_w2_x4_sk1,1203.94,3255.98,0.0
gfx950,256,16384,7168,3072,128x128,flydsl,25824,1,282.7584,flydsl_mxpsh_128x256x128_F8_F8_B16_w0_x4_sk1,2551.84,1086.56,0.0
gfx950,256,16384,7168,7168,128x128,flydsl,25888,1,604.3562,flydsl_mxpsh_128x256x128_F8_F8_B16_w2_x4_sk1,2785.82,667.99,0.0
gfx950,256,16384,7168,16384,128x128,flydsl,25856,1,1545.0183,flydsl_mxpsh_128x256x128_F8_F8_B16_w2_x0_sk1,2490.77,401.78,0.0
gfx950,256,32768,7168,384,128x128,flydsl,23904,1,146.1089,flydsl_mxpsh_96x256x128_F8_F8_B16_w0_x4_sk1,1234.62,3320.11,0.0
gfx950,256,32768,7168,3072,128x128,flydsl,25888,1,547.1599,flydsl_mxpsh_128x256x128_F8_F8_B16_w2_x4_sk1,2637.45,1082.76,0.0
gfx950,256,32768,7168,7168,128x128,flydsl,25824,1,1332.5615,flydsl_mxpsh_128x256x128_F8_F8_B16_w0_x4_sk1,2526.9,567.35,0.0
gfx950,256,32768,7168,16384,128x128,flydsl,25888,1,3230.7692,flydsl_mxpsh_128x256x128_F8_F8_B16_w2_x4_sk1,2382.28,347.93,0.0
gfx950,256,16,8192,1536,128x128,flydsl,18464,1,7.3849,flydsl_mxpsh_32x32x256_F8_F8_B16_w0_x4_sk1,54.52,1742.7,0.0
gfx950,256,32,8192,1536,128x128,flydsl,18464,1,7.0326,flydsl_mxpsh_32x32x256_F8_F8_B16_w0_x4_sk1,114.51,1870.77,0.0
gfx950,256,64,8192,1536,128x128,flydsl,18528,1,7.9956,flydsl_mxpsh_32x32x256_F8_F8_B16_w2_x4_sk1,201.44,1717.17,0.0
gfx950,256,128,8192,1536,128x128,flydsl,21280,1,9.1317,flydsl_mxpsh_64x64x256_F8_F8_B16_w4_x4_sk1,352.75,1629.12,0.0
gfx950,256,256,8192,1536,128x128,flydsl,25312,1,10.1275,flydsl_mxpsh_128x64x256_F8_F8_B16_w2_x4_sk1,636.13,1695.43,0.0
gfx950,256,512,8192,1536,128x128,flydsl,25632,1,13.3037,flydsl_mxpsh_128x128x256_F8_F8_B16_w0_x4_sk1,968.52,1635.48,0.0
gfx950,256,1024,8192,1536,128x128,flydsl,25696,1,19.9108,flydsl_mxpsh_128x128x256_F8_F8_B16_w2_x4_sk1,1294.26,1553.58,0.0
gfx950,256,2048,8192,1536,128x128,flydsl,25888,1,30.3213,flydsl_mxpsh_128x256x128_F8_F8_B16_w2_x4_sk1,1699.78,1625.36,0.0
gfx950,256,4096,8192,1536,128x128,flydsl,25888,1,57.7559,flydsl_mxpsh_128x256x128_F8_F8_B16_w2_x4_sk1,1784.74,1488.74,0.0
gfx950,256,8192,8192,1536,128x128,flydsl,25824,1,107.1705,flydsl_mxpsh_128x256x128_F8_F8_B16_w0_x4_sk1,1923.65,1487.2,0.0
gfx950,256,16384,8192,1536,128x128,flydsl,25824,1,200.9267,flydsl_mxpsh_128x256x128_F8_F8_B16_w0_x4_sk1,2052.08,1523.86,0.0
gfx950,256,32768,8192,1536,128x128,flydsl,25824,1,376.2642,flydsl_mxpsh_128x256x128_F8_F8_B16_w0_x4_sk1,2191.63,1594.05,0.0
gfx950,256,16,16384,1536,128x128,flydsl,18496,1,8.0459,flydsl_mxpsh_32x32x256_F8_F8_B16_w2_x0_sk1,100.09,3196.0,0.0
gfx950,256,48,16384,1536,128x128,flydsl,21280,1,9.4552,flydsl_mxpsh_64x64x256_F8_F8_B16_w4_x4_sk1,255.51,2835.73,0.0
gfx950,256,80,16384,1536,128x128,flydsl,23296,1,9.8247,flydsl_mxpsh_96x64x256_F8_F8_B16_w0_x0_sk1,409.84,2840.81,0.0
gfx950,256,112,16384,1536,128x128,flydsl,21600,1,10.4,flydsl_mxpsh_64x128x256_F8_F8_B16_w2_x4_sk1,542.03,2789.22,0.0
gfx950,256,240,16384,1536,128x128,flydsl,25632,1,13.7595,flydsl_mxpsh_128x128x256_F8_F8_B16_w0_x4_sk1,877.91,2427.33,0.0
gfx950,256,480,16384,1536,128x128,flydsl,25696,1,20.3964,flydsl_mxpsh_128x128x256_F8_F8_B16_w2_x4_sk1,1184.48,2041.13,0.0
gfx950,256,992,16384,1536,128x128,flydsl,25824,1,32.6172,flydsl_mxpsh_128x256x128_F8_F8_B16_w0_x4_sk1,1530.76,1814.85,0.0
gfx950,256,1984,16384,1536,128x128,flydsl,25824,1,58.2107,flydsl_mxpsh_128x256x128_F8_F8_B16_w0_x4_sk1,1715.46,1601.51,0.0
gfx950,256,6144,16384,1536,128x128,flydsl,25824,1,150.4558,flydsl_mxpsh_128x256x128_F8_F8_B16_w0_x4_sk1,2055.34,1568.1,0.0
gfx950,256,10240,16384,1536,128x128,flydsl,25888,1,238.8214,flydsl_mxpsh_128x256x128_F8_F8_B16_w2_x4_sk1,2158.08,1576.24,0.0
gfx950,256,14336,16384,1536,128x128,flydsl,25888,1,326.2113,flydsl_mxpsh_128x256x128_F8_F8_B16_w2_x4_sk1,2211.92,1584.7,0.0
gfx950,256,28672,16384,1536,128x128,flydsl,25888,1,655.6558,flydsl_mxpsh_128x256x128_F8_F8_B16_w2_x4_sk1,2201.02,1538.51,0.0
gfx950,256,16,65536,1536,128x128,flydsl,19264,1,19.1238,flydsl_mxpsh_32x128x256_F8_F8_B16_w2_x0_sk1,168.44,5374.72,0.0
gfx950,256,32,65536,1536,128x128,flydsl,19360,1,19.8536,flydsl_mxpsh_32x128x256_F8_F8_B16_w4_x4_sk1,324.5,5284.02,0.0
gfx950,256,64,65536,1536,128x128,flydsl,21536,1,23.6488,flydsl_mxpsh_64x128x256_F8_F8_B16_w0_x4_sk1,544.84,4615.46,0.0
gfx950,256,128,65536,1536,128x128,flydsl,25664,1,27.6738,flydsl_mxpsh_128x128x256_F8_F8_B16_w2_x0_sk1,931.2,4250.85,0.0
gfx950,256,256,65536,1536,128x128,flydsl,25888,1,35.5164,flydsl_mxpsh_128x256x128_F8_F8_B16_w2_x4_sk1,1451.15,3790.11,0.0
gfx950,256,512,65536,1536,128x128,flydsl,25824,1,68.2112,flydsl_mxpsh_128x256x128_F8_F8_B16_w0_x4_sk1,1511.18,2471.13,0.0
gfx950,256,1024,65536,1536,128x128,flydsl,23968,1,131.3099,flydsl_mxpsh_96x256x128_F8_F8_B16_w2_x4_sk1,1570.01,1800.73,0.0
gfx950,256,2048,65536,1536,128x128,flydsl,23904,1,240.078,flydsl_mxpsh_96x256x128_F8_F8_B16_w0_x4_sk1,1717.43,1550.51,0.0
gfx950,256,4096,65536,1536,128x128,flydsl,25824,1,428.3853,flydsl_mxpsh_128x256x128_F8_F8_B16_w0_x4_sk1,1924.98,1502.91,0.0
gfx950,256,8192,65536,1536,128x128,flydsl,25824,1,747.1354,flydsl_mxpsh_128x256x128_F8_F8_B16_w0_x4_sk1,2207.45,1588.72,0.0
gfx950,256,16384,65536,1536,128x128,flydsl,25824,1,1452.1279,flydsl_mxpsh_128x256x128_F8_F8_B16_w0_x4_sk1,2271.52,1565.5,0.0
gfx950,256,32768,65536,1536,128x128,flydsl,25824,1,3059.4819,flydsl_mxpsh_128x256x128_F8_F8_B16_w0_x4_sk1,2156.27,1453.17,0.0
