gfx,cu_num,M,N,K,libtype,kernelId,splitK,us,kernelName,tflops,bw,errRatio
gfx950,256,1,768,7168,ck,8,0,23.0552,a8w8_blockscale_1x128x128_256x16x64x256_16x16_16x16_1x1_16x16x1_16x16x1_1x16x1x16_4_1x1_intrawave_v1,0.48,239.15,0.0
gfx950,256,2,768,7168,ck,8,0,22.8288,a8w8_blockscale_1x128x128_256x16x64x256_16x16_16x16_1x1_16x16x1_16x16x1_1x16x1x16_4_1x1_intrawave_v1,0.96,241.91,0.0
gfx950,256,4,768,7168,ck,8,0,22.9204,a8w8_blockscale_1x128x128_256x16x64x256_16x16_16x16_1x1_16x16x1_16x16x1_1x16x1x16_4_1x1_intrawave_v1,1.92,241.7,0.0
gfx950,256,8,768,7168,ck,8,0,23.0749,a8w8_blockscale_1x128x128_256x16x64x256_16x16_16x16_1x1_16x16x1_16x16x1_1x16x1x16_4_1x1_intrawave_v1,3.82,241.59,0.0
gfx950,256,16,768,7168,ck,8,0,21.849,a8w8_blockscale_1x128x128_256x16x64x256_16x16_16x16_1x1_16x16x1_16x16x1_1x16x1x16_4_1x1_intrawave_v1,8.06,258.33,0.0
gfx950,256,32,768,7168,ck,8,0,22.3732,a8w8_blockscale_1x128x128_256x16x64x256_16x16_16x16_1x1_16x16x1_16x16x1_1x16x1x16_4_1x1_intrawave_v1,15.75,258.5,0.0
gfx950,256,48,768,7168,ck,8,0,21.9747,a8w8_blockscale_1x128x128_256x16x64x256_16x16_16x16_1x1_16x16x1_16x16x1_1x16x1x16_4_1x1_intrawave_v1,24.05,269.53,0.0
gfx950,256,64,768,7168,ck,8,0,22.1512,a8w8_blockscale_1x128x128_256x16x64x256_16x16_16x16_1x1_16x16x1_16x16x1_1x16x1x16_4_1x1_intrawave_v1,31.81,273.67,0.0
gfx950,256,80,768,7168,ck,8,0,21.8966,a8w8_blockscale_1x128x128_256x16x64x256_16x16_16x16_1x1_16x16x1_16x16x1_1x16x1x16_4_1x1_intrawave_v1,40.23,283.21,0.0
gfx950,256,96,768,7168,ck,8,0,22.0233,a8w8_blockscale_1x128x128_256x16x64x256_16x16_16x16_1x1_16x16x1_16x16x1_1x16x1x16_4_1x1_intrawave_v1,47.99,287.9,0.0
gfx950,256,112,768,7168,ck,8,0,21.829,a8w8_blockscale_1x128x128_256x16x64x256_16x16_16x16_1x1_16x16x1_16x16x1_1x16x1x16_4_1x1_intrawave_v1,56.49,296.85,0.0
gfx950,256,128,768,7168,ck,8,0,21.858,a8w8_blockscale_1x128x128_256x16x64x256_16x16_16x16_1x1_16x16x1_16x16x1_1x16x1x16_4_1x1_intrawave_v1,64.47,302.82,0.0
gfx950,256,144,768,7168,ck,8,0,22.0432,a8w8_blockscale_1x128x128_256x16x64x256_16x16_16x16_1x1_16x16x1_16x16x1_1x16x1x16_4_1x1_intrawave_v1,71.92,306.6,0.0
gfx950,256,160,768,7168,ck,8,0,21.9465,a8w8_blockscale_1x128x128_256x16x64x256_16x16_16x16_1x1_16x16x1_16x16x1_1x16x1x16_4_1x1_intrawave_v1,80.27,314.29,0.0
gfx950,256,176,768,7168,ck,8,0,21.96,a8w8_blockscale_1x128x128_256x16x64x256_16x16_16x16_1x1_16x16x1_16x16x1_1x16x1x16_4_1x1_intrawave_v1,88.24,320.44,0.0
gfx950,256,192,768,7168,ck,8,0,22.0991,a8w8_blockscale_1x128x128_256x16x64x256_16x16_16x16_1x1_16x16x1_16x16x1_1x16x1x16_4_1x1_intrawave_v1,95.66,324.73,0.0
gfx950,256,208,768,7168,ck,8,0,21.9459,a8w8_blockscale_1x128x128_256x16x64x256_16x16_16x16_1x1_16x16x1_16x16x1_1x16x1x16_4_1x1_intrawave_v1,104.35,333.34,0.0
gfx950,256,224,768,7168,ck,8,0,22.1259,a8w8_blockscale_1x128x128_256x16x64x256_16x16_16x16_1x1_16x16x1_16x16x1_1x16x1x16_4_1x1_intrawave_v1,111.46,336.92,0.0
gfx950,256,240,768,7168,ck,8,0,22.3339,a8w8_blockscale_1x128x128_256x16x64x256_16x16_16x16_1x1_16x16x1_16x16x1_1x16x1x16_4_1x1_intrawave_v1,118.31,340.02,0.0
gfx950,256,256,768,7168,ck,8,0,22.1818,a8w8_blockscale_1x128x128_256x16x64x256_16x16_16x16_1x1_16x16x1_16x16x1_1x16x1x16_4_1x1_intrawave_v1,127.07,348.63,0.0
gfx950,256,288,768,7168,ck,8,0,22.1902,a8w8_blockscale_1x128x128_256x16x64x256_16x16_16x16_1x1_16x16x1_16x16x1_1x16x1x16_4_1x1_intrawave_v1,142.9,361.05,0.0
gfx950,256,320,768,7168,ck,8,0,22.5695,a8w8_blockscale_1x128x128_256x16x64x256_16x16_16x16_1x1_16x16x1_16x16x1_1x16x1x16_4_1x1_intrawave_v1,156.11,367.32,0.0
gfx950,256,352,768,7168,ck,7,0,28.2907,a8w8_blockscale_1x128x128_256x16x128x256_16x16_16x16_1x2_16x16x1_16x16x1_1x16x1x16_8_1x2_intrawave_v1,136.99,302.89,0.0
gfx950,256,384,768,7168,ck,18,0,27.7271,a8w8_blockscale_1x128x128_256x64x64x256_16x16_32x32_1x1_16x16x1_16x16x1_1x32x1x8_8_1x1_intrawave_v1,152.48,319.09,0.0
gfx950,256,416,768,7168,ck,13,0,28.4687,a8w8_blockscale_1x128x128_256x32x64x256_16x16_16x16_2x1_16x16x1_16x16x1_1x32x1x8_8_2x1_intrawave_v1,160.88,320.56,0.0
gfx950,256,448,768,7168,ck,18,0,27.6439,a8w8_blockscale_1x128x128_256x64x64x256_16x16_32x32_1x1_16x16x1_16x16x1_1x32x1x8_8_1x1_intrawave_v1,178.43,340.2,0.0
gfx950,256,480,768,7168,ck,7,0,28.7038,a8w8_blockscale_1x128x128_256x16x128x256_16x16_16x16_1x2_16x16x1_16x16x1_1x16x1x16_8_1x2_intrawave_v1,184.12,337.34,0.0
gfx950,256,512,768,7168,ck,18,0,27.8256,a8w8_blockscale_1x128x128_256x64x64x256_16x16_32x32_1x1_16x16x1_16x16x1_1x32x1x8_8_1x1_intrawave_v1,202.59,358.0,0.0
gfx950,256,544,768,7168,ck,13,0,28.7821,a8w8_blockscale_1x128x128_256x32x64x256_16x16_16x16_2x1_16x16x1_16x16x1_1x32x1x8_8_2x1_intrawave_v1,208.1,355.78,0.0
gfx950,256,576,768,7168,ck,18,0,28.0516,a8w8_blockscale_1x128x128_256x64x64x256_16x16_32x32_1x1_16x16x1_16x16x1_1x32x1x8_8_1x1_intrawave_v1,226.08,374.97,0.0
gfx950,256,608,768,7168,ck,7,0,28.563,a8w8_blockscale_1x128x128_256x16x128x256_16x16_16x16_1x2_16x16x1_16x16x1_1x16x1x16_8_1x2_intrawave_v1,234.36,378.01,0.0
gfx950,256,640,768,7168,ck,18,0,27.9635,a8w8_blockscale_1x128x128_256x64x64x256_16x16_32x32_1x1_16x16x1_16x16x1_1x32x1x8_8_1x1_intrawave_v1,251.99,396.07,0.0
gfx950,256,672,768,7168,ck,13,0,28.3914,a8w8_blockscale_1x128x128_256x32x64x256_16x16_16x16_2x1_16x16x1_16x16x1_1x32x1x8_8_2x1_intrawave_v1,260.6,399.91,0.0
gfx950,256,704,768,7168,ck,18,0,28.1512,a8w8_blockscale_1x128x128_256x64x64x256_16x16_32x32_1x1_16x16x1_16x16x1_1x32x1x8_8_1x1_intrawave_v1,275.34,413.22,0.0
gfx950,256,736,768,7168,ck,18,0,29.5433,a8w8_blockscale_1x128x128_256x64x64x256_16x16_32x32_1x1_16x16x1_16x16x1_1x32x1x8_8_1x1_intrawave_v1,274.29,403.18,0.0
gfx950,256,768,768,7168,ck,18,0,27.9767,a8w8_blockscale_1x128x128_256x64x64x256_16x16_32x32_1x1_16x16x1_16x16x1_1x32x1x8_8_1x1_intrawave_v1,302.24,435.71,0.0
gfx950,256,800,768,7168,ck,18,0,29.7758,a8w8_blockscale_1x128x128_256x64x64x256_16x16_32x32_1x1_16x16x1_16x16x1_1x32x1x8_8_1x1_intrawave_v1,295.81,418.74,0.0
gfx950,256,832,768,7168,ck,18,0,28.317,a8w8_blockscale_1x128x128_256x64x64x256_16x16_32x32_1x1_16x16x1_16x16x1_1x32x1x8_8_1x1_intrawave_v1,323.49,450.14,0.0
gfx950,256,864,768,7168,ck,18,0,29.8704,a8w8_blockscale_1x128x128_256x64x64x256_16x16_32x32_1x1_16x16x1_16x16x1_1x32x1x8_8_1x1_intrawave_v1,318.47,436.06,0.0
gfx950,256,896,768,7168,ck,18,0,28.4702,a8w8_blockscale_1x128x128_256x64x64x256_16x16_32x32_1x1_16x16x1_16x16x1_1x32x1x8_8_1x1_intrawave_v1,346.5,467.29,0.0
gfx950,256,928,768,7168,ck,18,0,30.0683,a8w8_blockscale_1x128x128_256x64x64x256_16x16_32x32_1x1_16x16x1_16x16x1_1x32x1x8_8_1x1_intrawave_v1,339.8,451.72,0.0
gfx950,256,960,768,7168,ck,18,0,28.9105,a8w8_blockscale_1x128x128_256x64x64x256_16x16_32x32_1x1_16x16x1_16x16x1_1x32x1x8_8_1x1_intrawave_v1,365.6,479.44,0.0
gfx950,256,992,768,7168,ck,18,0,30.0085,a8w8_blockscale_1x128x128_256x64x64x256_16x16_32x32_1x1_16x16x1_16x16x1_1x32x1x8_8_1x1_intrawave_v1,363.96,471.18,0.0
gfx950,256,1024,768,7168,ck,18,0,28.9693,a8w8_blockscale_1x128x128_256x64x64x256_16x16_32x32_1x1_16x16x1_16x16x1_1x32x1x8_8_1x1_intrawave_v1,389.18,497.7,0.0
gfx950,256,1088,768,7168,ck,18,0,29.198,a8w8_blockscale_1x128x128_256x64x64x256_16x16_32x32_1x1_16x16x1_16x16x1_1x32x1x8_8_1x1_intrawave_v1,410.27,512.88,0.0
gfx950,256,1152,768,7168,ck,18,0,29.67,a8w8_blockscale_1x128x128_256x64x64x256_16x16_32x32_1x1_16x16x1_16x16x1_1x32x1x8_8_1x1_intrawave_v1,427.49,523.49,0.0
gfx950,256,1216,768,7168,ck,18,0,29.3541,a8w8_blockscale_1x128x128_256x64x64x256_16x16_32x32_1x1_16x16x1_16x16x1_1x32x1x8_8_1x1_intrawave_v1,456.09,548.1,0.0
gfx950,256,1280,768,7168,ck,18,0,29.358,a8w8_blockscale_1x128x128_256x64x64x256_16x16_32x32_1x1_16x16x1_16x16x1_1x32x1x8_8_1x1_intrawave_v1,480.03,567.01,0.0
gfx950,256,1344,768,7168,ck,18,0,31.0913,a8w8_blockscale_1x128x128_256x64x64x256_16x16_32x32_1x1_16x16x1_16x16x1_1x32x1x8_8_1x1_intrawave_v1,475.94,553.31,0.0
gfx950,256,1408,768,7168,ck,3,0,40.2633,a8w8_blockscale_1x128x128_256x64x64x128_16x16_32x32_1x1_8x32x1_8x32x1_1x32x1x8_8_1x1_intrawave_v3,385.02,441.1,0.0
gfx950,256,1472,768,7168,ck,3,0,40.4192,a8w8_blockscale_1x128x128_256x64x64x128_16x16_32x32_1x1_8x32x1_8x32x1_1x32x1x8_8_1x1_intrawave_v3,400.97,453.18,0.0
gfx950,256,1536,768,7168,ck,3,0,40.395,a8w8_blockscale_1x128x128_256x64x64x128_16x16_32x32_1x1_8x32x1_8x32x1_1x32x1x8_8_1x1_intrawave_v3,418.65,467.25,0.0
gfx950,256,1600,768,7168,ck,3,0,41.2064,a8w8_blockscale_1x128x128_256x64x64x128_16x16_32x32_1x1_8x32x1_8x32x1_1x32x1x8_8_1x1_intrawave_v3,427.51,471.56,0.0
gfx950,256,1664,768,7168,ck,3,0,41.2418,a8w8_blockscale_1x128x128_256x64x64x128_16x16_32x32_1x1_8x32x1_8x32x1_1x32x1x8_8_1x1_intrawave_v3,444.23,484.67,0.0
gfx950,256,1728,768,7168,ck,2,0,42.0009,a8w8_blockscale_1x128x128_256x64x128x128_16x16_32x32_1x2_8x32x1_8x32x1_1x32x1x8_8_1x1_intrawave_v3,452.98,489.17,0.0
gfx950,256,1792,768,7168,ck,3,0,41.2785,a8w8_blockscale_1x128x128_256x64x64x128_16x16_32x32_1x1_8x32x1_8x32x1_1x32x1x8_8_1x1_intrawave_v3,477.97,511.22,0.0
gfx950,256,1856,768,7168,ck,3,0,42.4133,a8w8_blockscale_1x128x128_256x64x64x128_16x16_32x32_1x1_8x32x1_8x32x1_1x32x1x8_8_1x1_intrawave_v3,481.8,510.68,0.0
gfx950,256,1920,768,7168,ck,2,0,42.7275,a8w8_blockscale_1x128x128_256x64x128x128_16x16_32x32_1x2_8x32x1_8x32x1_1x32x1x8_8_1x1_intrawave_v3,494.75,519.96,0.0
gfx950,256,1984,768,7168,ck,2,0,42.527,a8w8_blockscale_1x128x128_256x64x128x128_16x16_32x32_1x2_8x32x1_8x32x1_1x32x1x8_8_1x1_intrawave_v3,513.65,535.51,0.0
gfx950,256,2048,768,7168,ck,2,0,42.556,a8w8_blockscale_1x128x128_256x64x128x128_16x16_32x32_1x2_8x32x1_8x32x1_1x32x1x8_8_1x1_intrawave_v3,529.86,548.24,0.0
gfx950,256,4096,768,7168,ck,0,0,59.9689,a8w8_blockscale_1x128x128_256x128x128x128_16x16_32x32_2x2_8x32x1_8x32x1_1x32x1x8_8_1x1_intrawave_v3,752.01,686.3,0.0
gfx950,256,6144,768,7168,ck,0,0,86.5634,a8w8_blockscale_1x128x128_256x128x128x128_16x16_32x32_2x2_8x32x1_8x32x1_1x32x1x8_8_1x1_intrawave_v3,781.46,681.38,0.0
gfx950,256,8192,768,7168,ck,0,0,97.118,a8w8_blockscale_1x128x128_256x128x128x128_16x16_32x32_2x2_8x32x1_8x32x1_1x32x1x8_8_1x1_intrawave_v3,928.71,790.87,0.0
gfx950,256,10240,768,7168,cktile,29,0,101.0864,a8w8_blockscale_cktile_192x256x128_4x2x1_16x16x128_intrawave_0x1x0_4,1115.31,936.17,0.0
gfx950,256,12288,768,7168,cktile,11,0,104.9547,a8w8_blockscale_cktile_192x256x128_4x2x1_16x16x128_intrawave_0x1x0_1,1289.05,1071.51,0.0
gfx950,256,14336,768,7168,cktile,28,0,111.5312,a8w8_blockscale_cktile_192x256x128_4x2x1_16x16x128_intrawave_0x1x0_3,1415.21,1168.15,0.0
gfx950,256,16384,768,7168,cktile,28,0,171.214,a8w8_blockscale_cktile_192x256x128_4x2x1_16x16x128_intrawave_0x1x0_3,1053.59,865.07,0.0
gfx950,256,32768,768,7168,cktile,27,0,263.9983,a8w8_blockscale_cktile_192x256x128_4x2x1_16x16x128_intrawave_0x1x0_2,1366.59,1101.21,0.0
gfx950,256,1,2048,7168,ck,8,0,22.935,a8w8_blockscale_1x128x128_256x16x64x256_16x16_16x16_1x1_16x16x1_16x16x1_1x16x1x16_4_1x1_intrawave_v1,1.28,640.56,0.0
gfx950,256,2,2048,7168,ck,8,0,23.0046,a8w8_blockscale_1x128x128_256x16x64x256_16x16_16x16_1x1_16x16x1_16x16x1_1x16x1x16_4_1x1_intrawave_v1,2.55,639.12,0.0
gfx950,256,4,2048,7168,ck,8,0,23.0662,a8w8_blockscale_1x128x128_256x16x64x256_16x16_16x16_1x1_16x16x1_16x16x1_1x16x1x16_4_1x1_intrawave_v1,5.09,638.39,0.0
gfx950,256,8,2048,7168,ck,8,0,23.081,a8w8_blockscale_1x128x128_256x16x64x256_16x16_16x16_1x1_16x16x1_16x16x1_1x16x1x16_4_1x1_intrawave_v1,10.18,639.93,0.0
gfx950,256,16,2048,7168,ck,8,0,22.0558,a8w8_blockscale_1x128x128_256x16x64x256_16x16_16x16_1x1_16x16x1_16x16x1_1x16x1x16_4_1x1_intrawave_v1,21.3,673.76,0.0
gfx950,256,32,2048,7168,ck,8,0,22.1101,a8w8_blockscale_1x128x128_256x16x64x256_16x16_16x16_1x1_16x16x1_16x16x1_1x16x1x16_4_1x1_intrawave_v1,42.49,680.26,0.0
gfx950,256,48,2048,7168,ck,8,0,22.0668,a8w8_blockscale_1x128x128_256x16x64x256_16x16_16x16_1x1_16x16x1_16x16x1_1x16x1x16_4_1x1_intrawave_v1,63.86,689.76,0.0
gfx950,256,64,2048,7168,ck,8,0,22.0495,a8w8_blockscale_1x128x128_256x16x64x256_16x16_16x16_1x1_16x16x1_16x16x1_1x16x1x16_4_1x1_intrawave_v1,85.22,698.47,0.0
gfx950,256,80,2048,7168,ck,8,0,22.162,a8w8_blockscale_1x128x128_256x16x64x256_16x16_16x16_1x1_16x16x1_16x16x1_1x16x1x16_4_1x1_intrawave_v1,105.98,703.06,0.0
gfx950,256,96,2048,7168,ck,8,0,22.2073,a8w8_blockscale_1x128x128_256x16x64x256_16x16_16x16_1x1_16x16x1_16x16x1_1x16x1x16_4_1x1_intrawave_v1,126.92,709.74,0.0
gfx950,256,112,2048,7168,ck,8,0,22.3575,a8w8_blockscale_1x128x128_256x16x64x256_16x16_16x16_1x1_16x16x1_16x16x1_1x16x1x16_4_1x1_intrawave_v1,147.08,713.03,0.0
gfx950,256,128,2048,7168,ck,8,0,22.4925,a8w8_blockscale_1x128x128_256x16x64x256_16x16_16x16_1x1_16x16x1_16x16x1_1x16x1x16_4_1x1_intrawave_v1,167.08,716.77,0.0
gfx950,256,144,2048,7168,ck,7,0,28.4238,a8w8_blockscale_1x128x128_256x16x128x256_16x16_16x16_1x2_16x16x1_16x16x1_1x16x1x16_8_1x2_intrawave_v1,148.74,573.54,0.0
gfx950,256,160,2048,7168,ck,7,0,28.4105,a8w8_blockscale_1x128x128_256x16x128x256_16x16_16x16_1x2_16x16x1_16x16x1_1x16x1x16_8_1x2_intrawave_v1,165.35,580.15,0.0
gfx950,256,176,2048,7168,ck,7,0,28.5048,a8w8_blockscale_1x128x128_256x16x128x256_16x16_16x16_1x2_16x16x1_16x16x1_1x16x1x16_8_1x2_intrawave_v1,181.28,584.55,0.0
gfx950,256,192,2048,7168,ck,18,0,27.8387,a8w8_blockscale_1x128x128_256x64x64x256_16x16_32x32_1x1_16x16x1_16x16x1_1x32x1x8_8_1x1_intrawave_v1,202.49,605.01,0.0
gfx950,256,208,2048,7168,ck,7,0,28.8315,a8w8_blockscale_1x128x128_256x16x128x256_16x16_16x16_1x2_16x16x1_16x16x1_1x16x1x16_8_1x2_intrawave_v1,211.81,590.43,0.0
gfx950,256,224,2048,7168,ck,13,0,28.7371,a8w8_blockscale_1x128x128_256x32x64x256_16x16_16x16_2x1_16x16x1_16x16x1_1x32x1x8_8_2x1_intrawave_v1,228.86,598.64,0.0
gfx950,256,240,2048,7168,ck,7,0,29.0833,a8w8_blockscale_1x128x128_256x16x128x256_16x16_16x16_1x2_16x16x1_16x16x1_1x16x1x16_8_1x2_intrawave_v1,242.28,597.71,0.0
gfx950,256,256,2048,7168,ck,18,0,28.1313,a8w8_blockscale_1x128x128_256x64x64x256_16x16_32x32_1x1_16x16x1_16x16x1_1x32x1x8_8_1x1_intrawave_v1,267.18,624.35,0.0
gfx950,256,288,2048,7168,ck,18,0,29.7403,a8w8_blockscale_1x128x128_256x64x64x256_16x16_32x32_1x1_16x16x1_16x16x1_1x32x1x8_8_1x1_intrawave_v1,284.32,602.69,0.0
gfx950,256,320,2048,7168,ck,18,0,28.427,a8w8_blockscale_1x128x128_256x64x64x256_16x16_32x32_1x1_16x16x1_16x16x1_1x32x1x8_8_1x1_intrawave_v1,330.5,643.21,0.0
gfx950,256,352,2048,7168,ck,18,0,30.3333,a8w8_blockscale_1x128x128_256x64x64x256_16x16_32x32_1x1_16x16x1_16x16x1_1x32x1x8_8_1x1_intrawave_v1,340.71,614.67,0.0
gfx950,256,384,2048,7168,ck,18,0,28.7317,a8w8_blockscale_1x128x128_256x64x64x256_16x16_32x32_1x1_16x16x1_16x16x1_1x32x1x8_8_1x1_intrawave_v1,392.4,661.48,0.0
gfx950,256,416,2048,7168,ck,18,0,30.5733,a8w8_blockscale_1x128x128_256x64x64x256_16x16_32x32_1x1_16x16x1_16x16x1_1x32x1x8_8_1x1_intrawave_v1,399.49,633.42,0.0
gfx950,256,448,2048,7168,ck,18,0,28.9083,a8w8_blockscale_1x128x128_256x64x64x256_16x16_32x32_1x1_16x16x1_16x16x1_1x32x1x8_8_1x1_intrawave_v1,455.0,682.38,0.0
gfx950,256,480,2048,7168,ck,18,0,31.0885,a8w8_blockscale_1x128x128_256x64x64x256_16x16_32x32_1x1_16x16x1_16x16x1_1x32x1x8_8_1x1_intrawave_v1,453.31,646.12,0.0
gfx950,256,512,2048,7168,ck,18,0,30.2078,a8w8_blockscale_1x128x128_256x64x64x256_16x16_32x32_1x1_16x16x1_16x16x1_1x32x1x8_8_1x1_intrawave_v1,497.63,676.89,0.0
gfx950,256,544,2048,7168,ck,2,0,42.1547,a8w8_blockscale_1x128x128_256x64x128x128_16x16_32x32_1x2_8x32x1_8x32x1_1x32x1x8_8_1x1_intrawave_v3,378.89,493.6,0.0
gfx950,256,576,2048,7168,ck,3,0,40.6654,a8w8_blockscale_1x128x128_256x64x64x128_16x16_32x32_1x1_8x32x1_8x32x1_1x32x1x8_8_1x1_intrawave_v3,415.87,520.54,0.0
gfx950,256,608,2048,7168,ck,2,0,42.226,a8w8_blockscale_1x128x128_256x64x128x128_16x16_32x32_1x2_8x32x1_8x32x1_1x32x1x8_8_1x1_intrawave_v3,422.75,509.84,0.0
gfx950,256,640,2048,7168,ck,2,0,41.8636,a8w8_blockscale_1x128x128_256x64x128x128_16x16_32x32_1x2_8x32x1_8x32x1_1x32x1x8_8_1x1_intrawave_v3,448.85,522.87,0.0
gfx950,256,672,2048,7168,ck,2,0,43.0687,a8w8_blockscale_1x128x128_256x64x128x128_16x16_32x32_1x2_8x32x1_8x32x1_1x32x1x8_8_1x1_intrawave_v3,458.11,516.6,0.0
gfx950,256,704,2048,7168,ck,2,0,42.0256,a8w8_blockscale_1x128x128_256x64x128x128_16x16_32x32_1x2_8x32x1_8x32x1_1x32x1x8_8_1x1_intrawave_v3,491.83,538.0,0.0
gfx950,256,736,2048,7168,ck,2,0,43.1169,a8w8_blockscale_1x128x128_256x64x128x128_16x16_32x32_1x2_8x32x1_8x32x1_1x32x1x8_8_1x1_intrawave_v3,501.17,532.75,0.0
gfx950,256,768,2048,7168,ck,2,0,42.3103,a8w8_blockscale_1x128x128_256x64x128x128_16x16_32x32_1x2_8x32x1_8x32x1_1x32x1x8_8_1x1_intrawave_v3,532.93,551.42,0.0
gfx950,256,800,2048,7168,ck,2,0,43.9014,a8w8_blockscale_1x128x128_256x64x128x128_16x16_32x32_1x2_8x32x1_8x32x1_1x32x1x8_8_1x1_intrawave_v3,535.02,539.65,0.0
gfx950,256,832,2048,7168,ck,2,0,43.8699,a8w8_blockscale_1x128x128_256x64x128x128_16x16_32x32_1x2_8x32x1_8x32x1_1x32x1x8_8_1x1_intrawave_v3,556.82,548.25,0.0
gfx950,256,864,2048,7168,ck,2,0,44.2282,a8w8_blockscale_1x128x128_256x64x128x128_16x16_32x32_1x2_8x32x1_8x32x1_1x32x1x8_8_1x1_intrawave_v3,573.55,551.96,0.0
gfx950,256,896,2048,7168,ck,2,0,44.4637,a8w8_blockscale_1x128x128_256x64x128x128_16x16_32x32_1x2_8x32x1_8x32x1_1x32x1x8_8_1x1_intrawave_v3,591.64,557.14,0.0
gfx950,256,928,2048,7168,ck,2,0,44.5416,a8w8_blockscale_1x128x128_256x64x128x128_16x16_32x32_1x2_8x32x1_8x32x1_1x32x1x8_8_1x1_intrawave_v3,611.7,564.26,0.0
gfx950,256,960,2048,7168,ck,2,0,44.9172,a8w8_blockscale_1x128x128_256x64x128x128_16x16_32x32_1x2_8x32x1_8x32x1_1x32x1x8_8_1x1_intrawave_v3,627.5,567.57,0.0
gfx950,256,992,2048,7168,ck,2,0,45.1456,a8w8_blockscale_1x128x128_256x64x128x128_16x16_32x32_1x2_8x32x1_8x32x1_1x32x1x8_8_1x1_intrawave_v3,645.14,572.68,0.0
gfx950,256,1024,2048,7168,ck,2,0,45.1759,a8w8_blockscale_1x128x128_256x64x128x128_16x16_32x32_1x2_8x32x1_8x32x1_1x32x1x8_8_1x1_intrawave_v3,665.5,580.27,0.0
gfx950,256,1088,2048,7168,ck,0,0,54.692,a8w8_blockscale_1x128x128_256x128x128x128_16x16_32x32_2x2_8x32x1_8x32x1_1x32x1x8_8_1x1_intrawave_v3,584.07,492.49,0.0
gfx950,256,1152,2048,7168,ck,0,0,54.8698,a8w8_blockscale_1x128x128_256x128x128x128_16x16_32x32_2x2_8x32x1_8x32x1_1x32x1x8_8_1x1_intrawave_v3,616.42,504.03,0.0
gfx950,256,1216,2048,7168,ck,0,0,54.9741,a8w8_blockscale_1x128x128_256x128x128x128_16x16_32x32_2x2_8x32x1_8x32x1_1x32x1x8_8_1x1_intrawave_v3,649.43,516.19,0.0
gfx950,256,1280,2048,7168,ck,0,0,55.3769,a8w8_blockscale_1x128x128_256x128x128x128_16x16_32x32_2x2_8x32x1_8x32x1_1x32x1x8_8_1x1_intrawave_v3,678.64,525.45,0.0
gfx950,256,1344,2048,7168,ck,0,0,56.9272,a8w8_blockscale_1x128x128_256x128x128x128_16x16_32x32_2x2_8x32x1_8x32x1_1x32x1x8_8_1x1_intrawave_v3,693.17,523.81,0.0
gfx950,256,1408,2048,7168,ck,0,0,56.6467,a8w8_blockscale_1x128x128_256x128x128x128_16x16_32x32_2x2_8x32x1_8x32x1_1x32x1x8_8_1x1_intrawave_v3,729.77,539.13,0.0
gfx950,256,1472,2048,7168,ck,0,0,57.1186,a8w8_blockscale_1x128x128_256x128x128x128_16x16_32x32_2x2_8x32x1_8x32x1_1x32x1x8_8_1x1_intrawave_v3,756.64,547.29,0.0
gfx950,256,1536,2048,7168,ck,0,0,58.2691,a8w8_blockscale_1x128x128_256x128x128x128_16x16_32x32_2x2_8x32x1_8x32x1_1x32x1x8_8_1x1_intrawave_v3,773.95,548.86,0.0
gfx950,256,1600,2048,7168,ck,0,0,60.0411,a8w8_blockscale_1x128x128_256x128x128x128_16x16_32x32_2x2_8x32x1_8x32x1_1x32x1x8_8_1x1_intrawave_v3,782.4,544.67,0.0
gfx950,256,1664,2048,7168,ck,0,0,60.4455,a8w8_blockscale_1x128x128_256x128x128x128_16x16_32x32_2x2_8x32x1_8x32x1_1x32x1x8_8_1x1_intrawave_v3,808.25,552.95,0.0
gfx950,256,1728,2048,7168,ck,0,0,61.4784,a8w8_blockscale_1x128x128_256x128x128x128_16x16_32x32_2x2_8x32x1_8x32x1_1x32x1x8_8_1x1_intrawave_v3,825.24,555.39,0.0
gfx950,256,1792,2048,7168,ck,0,0,60.1511,a8w8_blockscale_1x128x128_256x128x128x128_16x16_32x32_2x2_8x32x1_8x32x1_1x32x1x8_8_1x1_intrawave_v3,874.69,579.63,0.0
gfx950,256,1856,2048,7168,ck,0,0,62.8984,a8w8_blockscale_1x128x128_256x128x128x128_16x16_32x32_2x2_8x32x1_8x32x1_1x32x1x8_8_1x1_intrawave_v3,866.36,565.77,0.0
gfx950,256,1920,2048,7168,ck,0,0,62.5256,a8w8_blockscale_1x128x128_256x128x128x128_16x16_32x32_2x2_8x32x1_8x32x1_1x32x1x8_8_1x1_intrawave_v3,901.57,580.67,0.0
gfx950,256,1984,2048,7168,ck,0,0,62.2238,a8w8_blockscale_1x128x128_256x128x128x128_16x16_32x32_2x2_8x32x1_8x32x1_1x32x1x8_8_1x1_intrawave_v3,936.14,595.08,0.0
gfx950,256,2048,2048,7168,ck,0,0,63.158,a8w8_blockscale_1x128x128_256x128x128x128_16x16_32x32_2x2_8x32x1_8x32x1_1x32x1x8_8_1x1_intrawave_v3,952.05,597.69,0.0
gfx950,256,4096,2048,7168,cktile,28,0,99.6726,a8w8_blockscale_cktile_192x256x128_4x2x1_16x16x128_intrawave_0x1x0_3,1206.54,610.17,0.0
gfx950,256,6144,2048,7168,cktile,11,0,111.4848,a8w8_blockscale_cktile_192x256x128_4x2x1_16x16x128_intrawave_0x1x0_1,1618.06,752.44,0.0
gfx950,256,8192,2048,7168,cktile,27,0,188.6256,a8w8_blockscale_cktile_192x256x128_4x2x1_16x16x128_intrawave_0x1x0_2,1275.11,567.02,0.0
gfx950,256,10240,2048,7168,cktile,28,0,197.824,a8w8_blockscale_cktile_192x256x128_4x2x1_16x16x128_intrawave_0x1x0_3,1519.77,657.27,0.0
gfx950,256,12288,2048,7168,cktile,29,0,210.8909,a8w8_blockscale_cktile_192x256x128_4x2x1_16x16x128_intrawave_0x1x0_4,1710.73,725.93,0.0
gfx950,256,14336,2048,7168,cktile,29,0,286.7111,a8w8_blockscale_cktile_192x256x128_4x2x1_16x16x128_intrawave_0x1x0_4,1468.05,614.42,0.0
gfx950,256,16384,2048,7168,cktile,27,0,301.531,a8w8_blockscale_cktile_192x256x128_4x2x1_16x16x128_intrawave_0x1x0_2,1595.31,660.73,0.0
gfx950,256,32768,2048,7168,cktile,11,0,591.8826,a8w8_blockscale_cktile_192x256x128_4x2x1_16x16x128_intrawave_0x1x0_1,1625.45,648.4,0.0
gfx950,256,1,7168,384,ck,13,0,4.049,a8w8_blockscale_1x128x128_256x32x64x256_16x16_16x16_2x1_16x16x1_16x16x1_1x32x1x8_8_2x1_intrawave_v1,1.36,683.44,0.0
gfx950,256,2,7168,384,ck,13,0,3.9781,a8w8_blockscale_1x128x128_256x32x64x256_16x16_16x16_2x1_16x16x1_16x16x1_1x32x1x8_8_2x1_intrawave_v1,2.77,699.32,0.0
gfx950,256,4,7168,384,ck,11,0,3.7468,a8w8_blockscale_1x128x128_256x32x64x128_16x16_16x16_2x1_8x32x1_8x32x1_1x32x1x8_8_2x1_intrawave_v1,5.88,750.34,0.0
gfx950,256,8,7168,384,ck,5,0,4.3418,a8w8_blockscale_1x128x128_256x16x128x128_8x16_16x16_1x2_16x16x1_8x32x1_1x16x1x16_8_1x2_intrawave_v1,10.14,661.08,0.0
gfx950,256,16,7168,384,ck,6,0,4.0068,a8w8_blockscale_1x128x128_256x16x64x128_8x16_16x16_1x1_16x16x1_8x32x1_1x16x1x16_4_1x1_intrawave_v1,21.98,745.74,0.0
gfx950,256,32,7168,384,ck,13,0,4.2025,a8w8_blockscale_1x128x128_256x32x64x256_16x16_16x16_2x1_16x16x1_16x16x1_1x32x1x8_8_2x1_intrawave_v1,41.92,767.06,0.0
gfx950,256,48,7168,384,ck,11,0,4.1134,a8w8_blockscale_1x128x128_256x32x64x128_16x16_16x16_2x1_8x32x1_8x32x1_1x32x1x8_8_2x1_intrawave_v1,64.24,840.93,0.0
gfx950,256,64,7168,384,ck,13,0,4.5018,a8w8_blockscale_1x128x128_256x32x64x256_16x16_16x16_2x1_16x16x1_16x16x1_1x32x1x8_8_2x1_intrawave_v1,78.26,820.69,0.0
gfx950,256,80,7168,384,ck,6,0,4.7879,a8w8_blockscale_1x128x128_256x16x64x128_8x16_16x16_1x1_16x16x1_8x32x1_1x16x1x16_4_1x1_intrawave_v1,91.98,820.84,0.0
gfx950,256,96,7168,384,ck,6,0,4.6969,a8w8_blockscale_1x128x128_256x16x64x128_8x16_16x16_1x1_16x16x1_8x32x1_1x16x1x16_4_1x1_intrawave_v1,112.52,886.89,0.0
gfx950,256,112,7168,384,ck,13,0,4.937,a8w8_blockscale_1x128x128_256x32x64x256_16x16_16x16_2x1_16x16x1_16x16x1_1x32x1x8_8_2x1_intrawave_v1,124.89,891.46,0.0
gfx950,256,128,7168,384,ck,3,0,5.1698,a8w8_blockscale_1x128x128_256x64x64x128_16x16_32x32_1x1_8x32x1_8x32x1_1x32x1x8_8_1x1_intrawave_v3,136.3,896.88,0.0
gfx950,256,144,7168,384,ck,4,0,5.107,a8w8_blockscale_1x128x128_256x16x256x128_8x16_16x16_1x4_16x16x1_8x32x1_1x16x1x16_8_1x2_intrawave_v1,155.22,954.02,0.0
gfx950,256,160,7168,384,ck,13,0,6.1823,a8w8_blockscale_1x128x128_256x32x64x256_16x16_16x16_2x1_16x16x1_16x16x1_1x32x1x8_8_2x1_intrawave_v1,142.47,826.18,0.0
gfx950,256,176,7168,384,ck,2,0,6.3996,a8w8_blockscale_1x128x128_256x64x128x128_16x16_32x32_1x2_8x32x1_8x32x1_1x32x1x8_8_1x1_intrawave_v3,151.4,834.93,0.0
gfx950,256,192,7168,384,ck,18,0,7.1816,a8w8_blockscale_1x128x128_256x64x64x256_16x16_32x32_1x1_16x16x1_16x16x1_1x32x1x8_8_1x1_intrawave_v1,147.18,776.81,0.0
gfx950,256,208,7168,384,ck,2,0,6.5719,a8w8_blockscale_1x128x128_256x64x128x128_16x16_32x32_1x2_8x32x1_8x32x1_1x32x1x8_8_1x1_intrawave_v3,174.23,884.72,0.0
gfx950,256,224,7168,384,ck,1,0,6.7284,a8w8_blockscale_1x128x128_256x128x64x128_16x16_32x32_2x1_8x32x1_8x32x1_1x32x1x8_8_1x1_intrawave_v3,183.27,899.14,0.0
gfx950,256,240,7168,384,ck,1,0,6.8932,a8w8_blockscale_1x128x128_256x128x64x128_16x16_32x32_2x1_8x32x1_8x32x1_1x32x1x8_8_1x1_intrawave_v3,191.67,911.81,0.0
gfx950,256,256,7168,384,ck,1,0,7.0096,a8w8_blockscale_1x128x128_256x128x64x128_16x16_32x32_2x1_8x32x1_8x32x1_1x32x1x8_8_1x1_intrawave_v3,201.05,930.27,0.0
gfx950,256,288,7168,384,ck,10,0,8.1446,a8w8_blockscale_1x128x128_256x32x128x128_16x16_32x32_1x1_8x32x1_8x32x1_1x32x1x8_8_1x1_intrawave_v1,194.66,858.47,0.0
gfx950,256,320,7168,384,ck,13,0,8.2687,a8w8_blockscale_1x128x128_256x32x64x256_16x16_16x16_2x1_16x16x1_16x16x1_1x32x1x8_8_2x1_intrawave_v1,213.05,902.55,0.0
gfx950,256,352,7168,384,ck,13,0,8.4516,a8w8_blockscale_1x128x128_256x32x64x256_16x16_16x16_2x1_16x16x1_16x16x1_1x32x1x8_8_2x1_intrawave_v1,229.28,938.75,0.0
gfx950,256,384,7168,384,ck,0,0,8.7654,a8w8_blockscale_1x128x128_256x128x128x128_16x16_32x32_2x2_8x32x1_8x32x1_1x32x1x8_8_1x1_intrawave_v3,241.17,958.88,0.0
gfx950,256,416,7168,384,ck,0,0,8.9052,a8w8_blockscale_1x128x128_256x128x128x128_16x16_32x32_2x2_8x32x1_8x32x1_1x32x1x8_8_1x1_intrawave_v3,257.16,996.72,0.0
gfx950,256,448,7168,384,ck,0,0,8.9761,a8w8_blockscale_1x128x128_256x128x128x128_16x16_32x32_2x2_8x32x1_8x32x1_1x32x1x8_8_1x1_intrawave_v3,274.76,1041.33,0.0
gfx950,256,480,7168,384,ck,0,0,9.0489,a8w8_blockscale_1x128x128_256x128x128x128_16x16_32x32_2x2_8x32x1_8x32x1_1x32x1x8_8_1x1_intrawave_v3,292.01,1085.01,0.0
gfx950,256,512,7168,384,ck,0,0,9.1213,a8w8_blockscale_1x128x128_256x128x128x128_16x16_32x32_2x2_8x32x1_8x32x1_1x32x1x8_8_1x1_intrawave_v3,309.01,1128.04,0.0
gfx950,256,544,7168,384,ck,2,0,9.8672,a8w8_blockscale_1x128x128_256x64x128x128_16x16_32x32_1x2_8x32x1_8x32x1_1x32x1x8_8_1x1_intrawave_v3,303.5,1090.5,0.0
gfx950,256,576,7168,384,ck,2,0,10.0314,a8w8_blockscale_1x128x128_256x64x128x128_16x16_32x32_1x2_8x32x1_8x32x1_1x32x1x8_8_1x1_intrawave_v3,316.1,1119.61,0.0
gfx950,256,608,7168,384,ck,3,0,11.6353,a8w8_blockscale_1x128x128_256x64x64x128_16x16_32x32_1x1_8x32x1_8x32x1_1x32x1x8_8_1x1_intrawave_v3,287.66,1005.76,0.0
gfx950,256,640,7168,384,ck,3,0,11.6384,a8w8_blockscale_1x128x128_256x64x64x128_16x16_32x32_1x1_8x32x1_8x32x1_1x32x1x8_8_1x1_intrawave_v3,302.72,1045.96,0.0
gfx950,256,672,7168,384,ck,18,0,12.0301,a8w8_blockscale_1x128x128_256x64x64x256_16x16_32x32_1x1_16x16x1_16x16x1_1x32x1x8_8_1x1_intrawave_v1,307.51,1051.06,0.0
gfx950,256,704,7168,384,ck,3,0,11.9235,a8w8_blockscale_1x128x128_256x64x64x128_16x16_32x32_1x1_8x32x1_8x32x1_1x32x1x8_8_1x1_intrawave_v3,325.03,1099.96,0.0
gfx950,256,736,7168,384,ck,1,0,12.8469,a8w8_blockscale_1x128x128_256x128x64x128_16x16_32x32_2x1_8x32x1_8x32x1_1x32x1x8_8_1x1_intrawave_v3,315.38,1057.57,0.0
gfx950,256,768,7168,384,ck,1,0,12.8765,a8w8_blockscale_1x128x128_256x128x64x128_16x16_32x32_2x1_8x32x1_8x32x1_1x32x1x8_8_1x1_intrawave_v3,328.34,1091.72,0.0
gfx950,256,800,7168,384,ck,2,0,13.296,a8w8_blockscale_1x128x128_256x64x128x128_16x16_32x32_1x2_8x32x1_8x32x1_1x32x1x8_8_1x1_intrawave_v3,331.23,1092.7,0.0
gfx950,256,832,7168,384,ck,2,0,13.1797,a8w8_blockscale_1x128x128_256x64x128x128_16x16_32x32_1x2_8x32x1_8x32x1_1x32x1x8_8_1x1_intrawave_v3,347.52,1138.08,0.0
gfx950,256,864,7168,384,ck,3,0,14.2414,a8w8_blockscale_1x128x128_256x64x64x128_16x16_32x32_1x1_8x32x1_8x32x1_1x32x1x8_8_1x1_intrawave_v3,333.98,1086.31,0.0
gfx950,256,896,7168,384,ck,0,0,14.0585,a8w8_blockscale_1x128x128_256x128x128x128_16x16_32x32_2x2_8x32x1_8x32x1_1x32x1x8_8_1x1_intrawave_v3,350.86,1133.95,0.0
gfx950,256,928,7168,384,ck,0,0,14.2486,a8w8_blockscale_1x128x128_256x128x128x128_16x16_32x32_2x2_8x32x1_8x32x1_1x32x1x8_8_1x1_intrawave_v3,358.54,1151.88,0.0
gfx950,256,960,7168,384,ck,0,0,14.296,a8w8_blockscale_1x128x128_256x128x128x128_16x16_32x32_2x2_8x32x1_8x32x1_1x32x1x8_8_1x1_intrawave_v3,369.67,1181.01,0.0
gfx950,256,992,7168,384,ck,0,0,14.4355,a8w8_blockscale_1x128x128_256x128x128x128_16x16_32x32_2x2_8x32x1_8x32x1_1x32x1x8_8_1x1_intrawave_v3,378.3,1202.23,0.0
gfx950,256,1024,7168,384,ck,0,0,14.3906,a8w8_blockscale_1x128x128_256x128x128x128_16x16_32x32_2x2_8x32x1_8x32x1_1x32x1x8_8_1x1_intrawave_v3,391.72,1238.71,0.0
gfx950,256,1088,7168,384,ck,0,0,14.9709,a8w8_blockscale_1x128x128_256x128x128x128_16x16_32x32_2x2_8x32x1_8x32x1_1x32x1x8_8_1x1_intrawave_v3,400.07,1253.62,0.0
gfx950,256,1152,7168,384,ck,0,0,14.9075,a8w8_blockscale_1x128x128_256x128x128x128_16x16_32x32_2x2_8x32x1_8x32x1_1x32x1x8_8_1x1_intrawave_v3,425.41,1322.15,0.0
gfx950,256,1216,7168,384,ck,3,0,17.3062,a8w8_blockscale_1x128x128_256x64x64x128_16x16_32x32_1x1_8x32x1_8x32x1_1x32x1x8_8_1x1_intrawave_v3,386.8,1193.33,0.0
gfx950,256,1280,7168,384,ck,3,0,17.7527,a8w8_blockscale_1x128x128_256x64x64x128_16x16_32x32_1x1_8x32x1_8x32x1_1x32x1x8_8_1x1_intrawave_v3,396.92,1216.38,0.0
gfx950,256,1344,7168,384,ck,1,0,18.4305,a8w8_blockscale_1x128x128_256x128x64x128_16x16_32x32_2x1_8x32x1_8x32x1_1x32x1x8_8_1x1_intrawave_v3,401.44,1222.77,0.0
gfx950,256,1408,7168,384,ck,1,0,18.1824,a8w8_blockscale_1x128x128_256x128x64x128_16x16_32x32_2x1_8x32x1_8x32x1_1x32x1x8_8_1x1_intrawave_v3,426.3,1291.26,0.0
gfx950,256,1472,7168,384,ck,0,0,19.4825,a8w8_blockscale_1x128x128_256x128x128x128_16x16_32x32_2x2_8x32x1_8x32x1_1x32x1x8_8_1x1_intrawave_v3,415.93,1253.45,0.0
gfx950,256,1536,7168,384,ck,0,0,19.3374,a8w8_blockscale_1x128x128_256x128x128x128_16x16_32x32_2x2_8x32x1_8x32x1_1x32x1x8_8_1x1_intrawave_v3,437.27,1311.57,0.0
gfx950,256,1600,7168,384,ck,0,0,19.7168,a8w8_blockscale_1x128x128_256x128x128x128_16x16_32x32_2x2_8x32x1_8x32x1_1x32x1x8_8_1x1_intrawave_v3,446.73,1334.12,0.0
gfx950,256,1664,7168,384,ck,0,0,19.286,a8w8_blockscale_1x128x128_256x128x128x128_16x16_32x32_2x2_8x32x1_8x32x1_1x32x1x8_8_1x1_intrawave_v3,474.97,1412.77,0.0
gfx950,256,1728,7168,384,cktile,31,0,20.6526,a8w8_blockscale_cktile_192x256x128_4x2x1_16x16x128_intrawave_0x1x0_3_aqrm,460.6,1364.9,0.0
gfx950,256,1792,7168,384,ck,1,0,22.9842,a8w8_blockscale_1x128x128_256x128x64x128_16x16_32x32_2x1_8x32x1_8x32x1_1x32x1x8_8_1x1_intrawave_v3,429.21,1267.43,0.0
gfx950,256,1856,7168,384,ck,1,0,23.3304,a8w8_blockscale_1x128x128_256x128x64x128_16x16_32x32_2x1_8x32x1_8x32x1_1x32x1x8_8_1x1_intrawave_v3,437.94,1289.0,0.0
gfx950,256,1920,7168,384,ck,0,0,23.7056,a8w8_blockscale_1x128x128_256x128x128x128_16x16_32x32_2x2_8x32x1_8x32x1_1x32x1x8_8_1x1_intrawave_v3,445.87,1308.34,0.0
gfx950,256,1984,7168,384,ck,1,0,24.4704,a8w8_blockscale_1x128x128_256x128x64x128_16x16_32x32_2x1_8x32x1_8x32x1_1x32x1x8_8_1x1_intrawave_v3,446.33,1305.94,0.0
gfx950,256,2048,7168,384,ck,1,0,24.145,a8w8_blockscale_1x128x128_256x128x64x128_16x16_32x32_2x1_8x32x1_8x32x1_1x32x1x8_8_1x1_intrawave_v3,466.94,1362.56,0.0
gfx950,256,4096,7168,384,ck,0,0,40.4015,a8w8_blockscale_1x128x128_256x128x128x128_16x16_32x32_2x2_8x32x1_8x32x1_1x32x1x8_8_1x1_intrawave_v3,558.11,1560.48,0.0
gfx950,256,6144,7168,384,ck,0,0,58.5103,a8w8_blockscale_1x128x128_256x128x128x128_16x16_32x32_2x2_8x32x1_8x32x1_1x32x1x8_8_1x1_intrawave_v3,578.07,1592.75,0.0
gfx950,256,8192,7168,384,ck,0,0,74.1794,a8w8_blockscale_1x128x128_256x128x128x128_16x16_32x32_2x2_8x32x1_8x32x1_1x32x1x8_8_1x1_intrawave_v3,607.95,1662.71,0.0
gfx950,256,10240,7168,384,ck,0,0,90.8814,a8w8_blockscale_1x128x128_256x128x128x128_16x16_32x32_2x2_8x32x1_8x32x1_1x32x1x8_8_1x1_intrawave_v3,620.27,1688.85,0.0
gfx950,256,12288,7168,384,ck,0,0,105.5329,a8w8_blockscale_1x128x128_256x128x128x128_16x16_32x32_2x2_8x32x1_8x32x1_1x32x1x8_8_1x1_intrawave_v3,640.99,1740.04,0.0
gfx950,256,14336,7168,384,ck,0,0,121.083,a8w8_blockscale_1x128x128_256x128x128x128_16x16_32x32_2x2_8x32x1_8x32x1_1x32x1x8_8_1x1_intrawave_v3,651.78,1765.55,0.0
gfx950,256,16384,7168,384,ck,0,0,147.3687,a8w8_blockscale_1x128x128_256x128x128x128_16x16_32x32_2x2_8x32x1_8x32x1_1x32x1x8_8_1x1_intrawave_v3,612.03,1655.2,0.0
gfx950,256,32768,7168,384,ck,0,0,264.9201,a8w8_blockscale_1x128x128_256x128x128x128_16x16_32x32_2x2_8x32x1_8x32x1_1x32x1x8_8_1x1_intrawave_v3,680.92,1831.11,0.0
gfx950,256,1,6144,7168,ck,8,0,22.4991,a8w8_blockscale_1x128x128_256x16x64x256_16x16_16x16_1x1_16x16x1_16x16x1_1x16x1x16_4_1x1_intrawave_v1,3.91,1958.28,0.0
gfx950,256,2,6144,7168,ck,8,0,22.4083,a8w8_blockscale_1x128x128_256x16x64x256_16x16_16x16_1x1_16x16x1_16x16x1_1x16x1x16_4_1x1_intrawave_v1,7.86,1967.09,0.0
gfx950,256,4,6144,7168,ck,8,0,22.3842,a8w8_blockscale_1x128x128_256x16x64x256_16x16_16x16_1x1_16x16x1_16x16x1_1x16x1x16_4_1x1_intrawave_v1,15.74,1970.94,0.0
gfx950,256,8,6144,7168,ck,8,0,22.4718,a8w8_blockscale_1x128x128_256x16x64x256_16x16_16x16_1x1_16x16x1_16x16x1_1x16x1x16_4_1x1_intrawave_v1,31.36,1966.72,0.0
gfx950,256,16,6144,7168,ck,8,0,21.7095,a8w8_blockscale_1x128x128_256x16x64x256_16x16_16x16_1x1_16x16x1_16x16x1_1x16x1x16_4_1x1_intrawave_v1,64.92,2042.95,0.0
gfx950,256,32,6144,7168,ck,8,0,21.6941,a8w8_blockscale_1x128x128_256x16x64x256_16x16_16x16_1x1_16x16x1_16x16x1_1x16x1x16_4_1x1_intrawave_v1,129.92,2058.75,0.0
gfx950,256,64,6144,7168,ck,18,0,26.0136,a8w8_blockscale_1x128x128_256x64x64x256_16x16_32x32_1x1_16x16x1_16x16x1_1x32x1x8_8_1x1_intrawave_v1,216.7,1740.83,0.0
gfx950,256,128,6144,7168,ck,18,0,26.4924,a8w8_blockscale_1x128x128_256x64x64x256_16x16_32x32_1x1_16x16x1_16x16x1_1x32x1x8_8_1x1_intrawave_v1,425.57,1756.37,0.0
gfx950,256,256,6144,7168,ck,2,0,42.8402,a8w8_blockscale_1x128x128_256x64x128x128_16x16_32x32_1x2_8x32x1_8x32x1_1x32x1x8_8_1x1_intrawave_v3,526.34,1144.27,0.0
gfx950,256,512,6144,7168,ck,0,0,53.8372,a8w8_blockscale_1x128x128_256x128x128x128_16x16_32x32_2x2_8x32x1_8x32x1_1x32x1x8_8_1x1_intrawave_v3,837.66,1003.05,0.0
gfx950,256,1024,6144,7168,ck,0,0,89.5208,a8w8_blockscale_1x128x128_256x128x128x128_16x16_32x32_2x2_8x32x1_8x32x1_1x32x1x8_8_1x1_intrawave_v3,1007.52,714.51,0.0
gfx950,256,2048,6144,7168,ck,0,0,138.2083,a8w8_blockscale_1x128x128_256x128x128x128_16x16_32x32_2x2_8x32x1_8x32x1_1x32x1x8_8_1x1_intrawave_v3,1305.19,606.95,0.0
gfx950,256,4096,6144,7168,cktile,29,0,245.2901,a8w8_blockscale_cktile_192x256x128_4x2x1_16x16x128_intrawave_0x1x0_4,1470.82,504.43,0.0
gfx950,256,8192,6144,7168,cktile,29,0,402.4955,a8w8_blockscale_cktile_192x256x128_4x2x1_16x16x128_intrawave_0x1x0_4,1792.7,505.41,0.0
gfx950,256,16384,6144,7168,cktile,28,0,738.6378,a8w8_blockscale_cktile_192x256x128_4x2x1_16x16x128_intrawave_0x1x0_3,1953.74,491.18,0.0
gfx950,256,1,7168,3072,ck,8,0,10.8626,a8w8_blockscale_1x128x128_256x16x64x256_16x16_16x16_1x1_16x16x1_16x16x1_1x16x1x16_4_1x1_intrawave_v1,4.05,2028.75,0.0
gfx950,256,2,7168,3072,ck,8,0,10.8929,a8w8_blockscale_1x128x128_256x16x64x256_16x16_16x16_1x1_16x16x1_16x16x1_1x16x1x16_4_1x1_intrawave_v1,8.09,2024.71,0.0
gfx950,256,4,7168,3072,ck,8,0,10.8457,a8w8_blockscale_1x128x128_256x16x64x256_16x16_16x16_1x1_16x16x1_16x16x1_1x16x1x16_4_1x1_intrawave_v1,16.24,2036.73,0.0
gfx950,256,8,7168,3072,ck,8,0,10.9749,a8w8_blockscale_1x128x128_256x16x64x256_16x16_16x16_1x1_16x16x1_16x16x1_1x16x1x16_4_1x1_intrawave_v1,32.1,2019.09,0.0
gfx950,256,16,7168,3072,ck,8,0,10.5586,a8w8_blockscale_1x128x128_256x16x64x256_16x16_16x16_1x1_16x16x1_16x16x1_1x16x1x16_4_1x1_intrawave_v1,66.74,2111.89,0.0
gfx950,256,32,7168,3072,ck,8,0,10.7871,a8w8_blockscale_1x128x128_256x16x64x256_16x16_16x16_1x1_16x16x1_16x16x1_1x16x1x16_4_1x1_intrawave_v1,130.65,2092.98,0.0
gfx950,256,64,7168,3072,ck,18,0,13.0395,a8w8_blockscale_1x128x128_256x64x64x256_16x16_32x32_1x1_16x16x1_16x16x1_1x32x1x8_8_1x1_intrawave_v1,216.16,1774.16,0.0
gfx950,256,128,7168,3072,ck,18,0,13.4186,a8w8_blockscale_1x128x128_256x64x64x256_16x16_32x32_1x1_16x16x1_16x16x1_1x32x1x8_8_1x1_intrawave_v1,420.1,1807.07,0.0
gfx950,256,256,7168,3072,ck,2,0,21.402,a8w8_blockscale_1x128x128_256x64x128x128_16x16_32x32_1x2_8x32x1_8x32x1_1x32x1x8_8_1x1_intrawave_v3,526.79,1237.11,0.0
gfx950,256,512,7168,3072,ck,0,0,28.1219,a8w8_blockscale_1x128x128_256x128x128x128_16x16_32x32_2x2_8x32x1_8x32x1_1x32x1x8_8_1x1_intrawave_v3,801.82,1099.96,0.0
gfx950,256,1024,7168,3072,ck,0,0,46.7273,a8w8_blockscale_1x128x128_256x128x128x128_16x16_32x32_2x2_8x32x1_8x32x1_1x32x1x8_8_1x1_intrawave_v3,965.11,852.73,0.0
gfx950,256,2048,7168,3072,ck,0,0,83.8208,a8w8_blockscale_1x128x128_256x128x128x128_16x16_32x32_2x2_8x32x1_8x32x1_1x32x1x8_8_1x1_intrawave_v3,1076.04,688.04,0.0
gfx950,256,4096,7168,3072,cktile,28,0,140.9693,a8w8_blockscale_cktile_192x256x128_4x2x1_16x16x128_intrawave_0x1x0_3,1279.63,662.01,0.0
gfx950,256,8192,7168,3072,cktile,11,0,234.0696,a8w8_blockscale_cktile_192x256x128_4x2x1_16x16x128_intrawave_0x1x0_1,1541.32,703.32,0.0
gfx950,256,16384,7168,3072,cktile,29,0,436.5257,a8w8_blockscale_cktile_192x256x128_4x2x1_16x16x128_intrawave_0x1x0_4,1652.95,703.81,0.0
gfx950,256,1,65536,1536,ck,6,0,20.3389,a8w8_blockscale_1x128x128_256x16x64x128_8x16_16x16_1x1_16x16x1_8x32x1_1x16x1x16_4_1x1_intrawave_v1,9.9,4955.82,0.0
gfx950,256,2,65536,1536,ck,8,0,20.832,a8w8_blockscale_1x128x128_256x16x64x256_16x16_16x16_1x1_16x16x1_16x16x1_1x16x1x16_4_1x1_intrawave_v1,19.33,4844.88,0.0
gfx950,256,4,65536,1536,ck,6,0,20.2458,a8w8_blockscale_1x128x128_256x16x64x128_8x16_16x16_1x1_16x16x1_8x32x1_1x16x1x16_4_1x1_intrawave_v1,39.78,4998.26,0.0
gfx950,256,8,65536,1536,ck,8,0,20.8104,a8w8_blockscale_1x128x128_256x16x64x256_16x16_16x16_1x1_16x16x1_16x16x1_1x16x1x16_4_1x1_intrawave_v1,77.39,4888.14,0.0
gfx950,256,16,65536,1536,ck,8,0,20.5514,a8w8_blockscale_1x128x128_256x16x64x256_16x16_16x16_1x1_16x16x1_16x16x1_1x16x1x16_4_1x1_intrawave_v1,156.74,5001.36,0.0
gfx950,256,32,65536,1536,ck,12,0,23.809,a8w8_blockscale_1x128x128_256x32x128x256_16x16_32x32_1x1_16x16x1_16x16x1_1x32x1x8_8_1x1_intrawave_v1,270.59,4406.18,0.0
gfx950,256,64,65536,1536,ck,2,0,26.6901,a8w8_blockscale_1x128x128_256x64x128x128_16x16_32x32_1x2_8x32x1_8x32x1_1x32x1x8_8_1x1_intrawave_v3,482.76,4089.54,0.0
gfx950,256,128,65536,1536,cktile,32,0,25.6641,a8w8_blockscale_cktile_192x256x128_4x2x1_16x16x128_intrawave_0x1x0_4_aqrm,1004.12,4583.72,0.0
gfx950,256,256,65536,1536,cktile,31,0,47.7071,a8w8_blockscale_cktile_192x256x128_4x2x1_16x16x128_intrawave_0x1x0_3_aqrm,1080.33,2821.61,0.0
gfx950,256,512,65536,1536,cktile,12,0,72.8331,a8w8_blockscale_cktile_192x256x128_4x2x1_16x16x128_intrawave_0x1x0_1_aqrm,1415.28,2314.31,0.0
gfx950,256,1024,65536,1536,ck,0,0,185.943,a8w8_blockscale_1x128x128_256x128x128x128_16x16_32x32_2x2_8x32x1_8x32x1_1x32x1x8_8_1x1_intrawave_v3,1108.72,1271.65,0.0
gfx950,256,2048,65536,1536,ck,0,0,356.1287,a8w8_blockscale_1x128x128_256x128x128x128_16x16_32x32_2x2_8x32x1_8x32x1_1x32x1x8_8_1x1_intrawave_v3,1157.77,1045.25,0.0
gfx950,256,4096,65536,1536,ck,0,0,679.2358,a8w8_blockscale_1x128x128_256x128x128x128_16x16_32x32_2x2_8x32x1_8x32x1_1x32x1x8_8_1x1_intrawave_v3,1214.06,947.87,0.0
gfx950,256,8192,65536,1536,cktile,11,0,946.0883,a8w8_blockscale_cktile_192x256x128_4x2x1_16x16x128_intrawave_0x1x0_1,1743.25,1254.63,0.0
gfx950,256,16384,65536,1536,ck,0,0,2699.619,a8w8_blockscale_1x128x128_256x128x128x128_16x16_32x32_2x2_8x32x1_8x32x1_1x32x1x8_8_1x1_intrawave_v3,1221.85,842.09,0.0
gfx950,256,4,7168,7168,ck,8,0,22.5514,a8w8_blockscale_1x128x128_256x16x64x256_16x16_16x16_1x1_16x16x1_16x16x1_1x16x1x16_4_1x1_intrawave_v1,18.23,2282.17,0.0
gfx950,256,8,7168,7168,ck,8,0,22.5739,a8w8_blockscale_1x128x128_256x16x64x256_16x16_16x16_1x1_16x16x1_16x16x1_1x16x1x16_4_1x1_intrawave_v1,36.42,2283.71,0.0
gfx950,256,16,7168,7168,ck,8,0,21.6473,a8w8_blockscale_1x128x128_256x16x64x256_16x16_16x16_1x1_16x16x1_16x16x1_1x16x1x16_4_1x1_intrawave_v1,75.95,2389.41,0.0
gfx950,256,24,7168,7168,ck,8,0,22.6586,a8w8_blockscale_1x128x128_256x16x64x256_16x16_16x16_1x1_16x16x1_16x16x1_1x16x1x16_4_1x1_intrawave_v1,108.84,2290.36,0.0
gfx950,256,32,7168,7168,ck,8,0,21.6912,a8w8_blockscale_1x128x128_256x16x64x256_16x16_16x16_1x1_16x16x1_16x16x1_1x16x1x16_4_1x1_intrawave_v1,151.6,2400.44,0.0
gfx950,256,40,7168,7168,ck,7,0,27.2966,a8w8_blockscale_1x128x128_256x16x128x256_16x16_16x16_1x2_16x16x1_16x16x1_1x16x1x16_8_1x2_intrawave_v1,150.58,1913.81,0.0
gfx950,256,48,7168,7168,ck,7,0,27.08,a8w8_blockscale_1x128x128_256x16x128x256_16x16_16x16_1x2_16x16x1_16x16x1_1x16x1x16_8_1x2_intrawave_v1,182.15,1935.47,0.0
gfx950,256,56,7168,7168,ck,7,0,27.3196,a8w8_blockscale_1x128x128_256x16x128x256_16x16_16x16_1x2_16x16x1_16x16x1_1x16x1x16_8_1x2_intrawave_v1,210.64,1924.79,0.0
gfx950,256,64,7168,7168,ck,18,0,26.2578,a8w8_blockscale_1x128x128_256x64x64x256_16x16_32x32_1x1_16x16x1_16x16x1_1x32x1x8_8_1x1_intrawave_v1,250.47,2009.17,0.0
gfx950,256,72,7168,7168,ck,18,0,30.6071,a8w8_blockscale_1x128x128_256x64x64x256_16x16_32x32_1x1_16x16x1_16x16x1_1x32x1x8_8_1x1_intrawave_v1,241.73,1729.29,0.0
gfx950,256,80,7168,7168,ck,18,0,30.5969,a8w8_blockscale_1x128x128_256x64x64x256_16x16_32x32_1x1_16x16x1_16x16x1_1x32x1x8_8_1x1_intrawave_v1,268.68,1735.49,0.0
gfx950,256,88,7168,7168,ck,18,0,30.6224,a8w8_blockscale_1x128x128_256x64x64x256_16x16_32x32_1x1_16x16x1_16x16x1_1x32x1x8_8_1x1_intrawave_v1,295.3,1739.66,0.0
gfx950,256,96,7168,7168,ck,12,0,29.7579,a8w8_blockscale_1x128x128_256x32x128x256_16x16_32x32_1x1_16x16x1_16x16x1_1x32x1x8_8_1x1_intrawave_v1,331.51,1795.98,0.0
gfx950,256,104,7168,7168,ck,18,0,30.8263,a8w8_blockscale_1x128x128_256x64x64x256_16x16_32x32_1x1_16x16x1_16x16x1_1x32x1x8_8_1x1_intrawave_v1,346.69,1739.31,0.0
gfx950,256,112,7168,7168,ck,18,0,31.3019,a8w8_blockscale_1x128x128_256x64x64x256_16x16_32x32_1x1_16x16x1_16x16x1_1x32x1x8_8_1x1_intrawave_v1,367.68,1718.38,0.0
gfx950,256,120,7168,7168,ck,18,0,31.6887,a8w8_blockscale_1x128x128_256x64x64x256_16x16_32x32_1x1_16x16x1_16x16x1_1x32x1x8_8_1x1_intrawave_v1,389.14,1702.84,0.0
gfx950,256,128,7168,7168,ck,18,0,26.7028,a8w8_blockscale_1x128x128_256x64x64x256_16x16_32x32_1x1_16x16x1_16x16x1_1x32x1x8_8_1x1_intrawave_v1,492.58,2027.23,0.0
gfx950,256,136,7168,7168,ck,2,0,42.6205,a8w8_blockscale_1x128x128_256x64x128x128_16x16_32x32_1x2_8x32x1_8x32x1_1x32x1x8_8_1x1_intrawave_v3,327.9,1274.15,0.0
gfx950,256,144,7168,7168,ck,2,0,42.5764,a8w8_blockscale_1x128x128_256x64x128x128_16x16_32x32_1x2_8x32x1_8x32x1_1x32x1x8_8_1x1_intrawave_v3,347.55,1279.51,0.0
gfx950,256,152,7168,7168,ck,2,0,42.6977,a8w8_blockscale_1x128x128_256x64x128x128_16x16_32x32_1x2_8x32x1_8x32x1_1x32x1x8_8_1x1_intrawave_v3,365.82,1279.9,0.0
gfx950,256,160,7168,7168,ck,2,0,42.9726,a8w8_blockscale_1x128x128_256x64x128x128_16x16_32x32_1x2_8x32x1_8x32x1_1x32x1x8_8_1x1_intrawave_v3,382.61,1275.72,0.0
gfx950,256,168,7168,7168,ck,2,0,43.1873,a8w8_blockscale_1x128x128_256x64x128x128_16x16_32x32_1x2_8x32x1_8x32x1_1x32x1x8_8_1x1_intrawave_v3,399.74,1273.36,0.0
gfx950,256,176,7168,7168,ck,2,0,43.1702,a8w8_blockscale_1x128x128_256x64x128x128_16x16_32x32_1x2_8x32x1_8x32x1_1x32x1x8_8_1x1_intrawave_v3,418.94,1277.85,0.0
gfx950,256,184,7168,7168,ck,2,0,43.3513,a8w8_blockscale_1x128x128_256x64x128x128_16x16_32x32_1x2_8x32x1_8x32x1_1x32x1x8_8_1x1_intrawave_v3,436.16,1276.48,0.0
gfx950,256,192,7168,7168,ck,2,0,42.9184,a8w8_blockscale_1x128x128_256x64x128x128_16x16_32x32_1x2_8x32x1_8x32x1_1x32x1x8_8_1x1_intrawave_v3,459.71,1293.36,0.0
gfx950,256,200,7168,7168,ck,2,0,42.8545,a8w8_blockscale_1x128x128_256x64x128x128_16x16_32x32_1x2_8x32x1_8x32x1_1x32x1x8_8_1x1_intrawave_v3,479.58,1299.3,0.0
gfx950,256,208,7168,7168,ck,2,0,43.3252,a8w8_blockscale_1x128x128_256x64x128x128_16x16_32x32_1x2_8x32x1_8x32x1_1x32x1x8_8_1x1_intrawave_v3,493.34,1289.16,0.0
gfx950,256,216,7168,7168,ck,2,0,43.3273,a8w8_blockscale_1x128x128_256x64x128x128_16x16_32x32_1x2_8x32x1_8x32x1_1x32x1x8_8_1x1_intrawave_v3,512.29,1293.07,0.0
gfx950,256,224,7168,7168,ck,2,0,43.0707,a8w8_blockscale_1x128x128_256x64x128x128_16x16_32x32_1x2_8x32x1_8x32x1_1x32x1x8_8_1x1_intrawave_v3,534.43,1304.76,0.0
gfx950,256,232,7168,7168,ck,2,0,43.2475,a8w8_blockscale_1x128x128_256x64x128x128_16x16_32x32_1x2_8x32x1_8x32x1_1x32x1x8_8_1x1_intrawave_v3,551.26,1303.41,0.0
gfx950,256,240,7168,7168,ck,2,0,43.555,a8w8_blockscale_1x128x128_256x64x128x128_16x16_32x32_1x2_8x32x1_8x32x1_1x32x1x8_8_1x1_intrawave_v3,566.24,1298.16,0.0
gfx950,256,248,7168,7168,ck,2,0,43.4046,a8w8_blockscale_1x128x128_256x64x128x128_16x16_32x32_1x2_8x32x1_8x32x1_1x32x1x8_8_1x1_intrawave_v3,587.14,1306.62,0.0
gfx950,256,256,7168,7168,ck,2,0,43.6232,a8w8_blockscale_1x128x128_256x64x128x128_16x16_32x32_1x2_8x32x1_8x32x1_1x32x1x8_8_1x1_intrawave_v3,603.04,1304.01,0.0
gfx950,256,288,7168,7168,ck,0,0,52.5407,a8w8_blockscale_1x128x128_256x128x128x128_16x16_32x32_2x2_8x32x1_8x32x1_1x32x1x8_8_1x1_intrawave_v3,563.28,1095.79,0.0
gfx950,256,320,7168,7168,ck,2,0,53.192,a8w8_blockscale_1x128x128_256x64x128x128_16x16_32x32_1x2_8x32x1_8x32x1_1x32x1x8_8_1x1_intrawave_v3,618.2,1095.31,0.0
gfx950,256,352,7168,7168,ck,0,0,54.486,a8w8_blockscale_1x128x128_256x128x128x128_16x16_32x32_2x2_8x32x1_8x32x1_1x32x1x8_8_1x1_intrawave_v3,663.87,1081.92,0.0
gfx950,256,384,7168,7168,ck,0,0,53.8113,a8w8_blockscale_1x128x128_256x128x128x128_16x16_32x32_2x2_8x32x1_8x32x1_1x32x1x8_8_1x1_intrawave_v3,733.3,1108.28,0.0
gfx950,256,416,7168,7168,ck,0,0,53.9962,a8w8_blockscale_1x128x128_256x128x128x128_16x16_32x32_2x2_8x32x1_8x32x1_1x32x1x8_8_1x1_intrawave_v3,791.69,1117.22,0.0
gfx950,256,448,7168,7168,ck,0,0,54.38,a8w8_blockscale_1x128x128_256x128x128x128_16x16_32x32_2x2_8x32x1_8x32x1_1x32x1x8_8_1x1_intrawave_v3,846.57,1121.99,0.0
gfx950,256,480,7168,7168,ck,0,0,56.5124,a8w8_blockscale_1x128x128_256x128x128x128_16x16_32x32_2x2_8x32x1_8x32x1_1x32x1x8_8_1x1_intrawave_v3,872.82,1091.83,0.0
gfx950,256,512,7168,7168,ck,0,0,55.7516,a8w8_blockscale_1x128x128_256x128x128x128_16x16_32x32_2x2_8x32x1_8x32x1_1x32x1x8_8_1x1_intrawave_v3,943.71,1119.08,0.0
gfx950,256,544,7168,7168,ck,2,0,66.2862,a8w8_blockscale_1x128x128_256x64x128x128_16x16_32x32_1x2_8x32x1_8x32x1_1x32x1x8_8_1x1_intrawave_v3,843.34,951.61,0.0
gfx950,256,576,7168,7168,ck,2,0,66.5418,a8w8_blockscale_1x128x128_256x64x128x128_16x16_32x32_1x2_8x32x1_8x32x1_1x32x1x8_8_1x1_intrawave_v3,889.52,958.29,0.0
gfx950,256,608,7168,7168,cktile,29,0,79.1544,a8w8_blockscale_cktile_192x256x128_4x2x1_16x16x128_intrawave_0x1x0_4,789.32,814.29,0.0
gfx950,256,640,7168,7168,cktile,28,0,78.9372,a8w8_blockscale_cktile_192x256x128_4x2x1_16x16x128_intrawave_0x1x0_3,833.15,825.25,0.0
gfx950,256,672,7168,7168,cktile,28,0,79.3053,a8w8_blockscale_cktile_192x256x128_4x2x1_16x16x128_intrawave_0x1x0_3,870.75,830.09,0.0
gfx950,256,704,7168,7168,cktile,28,0,78.9963,a8w8_blockscale_cktile_192x256x128_4x2x1_16x16x128_intrawave_0x1x0_3,915.78,842.05,0.0
gfx950,256,736,7168,7168,cktile,11,0,79.401,a8w8_blockscale_cktile_192x256x128_4x2x1_16x16x128_intrawave_0x1x0_1,952.53,846.43,0.0
gfx950,256,768,7168,7168,cktile,29,0,79.9944,a8w8_blockscale_cktile_192x256x128_4x2x1_16x16x128_intrawave_0x1x0_4,986.57,848.75,0.0
gfx950,256,800,7168,7168,cktile,29,0,79.6101,a8w8_blockscale_cktile_192x256x128_4x2x1_16x16x128_intrawave_0x1x0_4,1032.64,861.49,0.0
gfx950,256,832,7168,7168,cktile,28,0,79.7029,a8w8_blockscale_cktile_192x256x128_4x2x1_16x16x128_intrawave_0x1x0_3,1072.69,869.12,0.0
gfx950,256,864,7168,7168,cktile,11,0,79.4385,a8w8_blockscale_cktile_192x256x128_4x2x1_16x16x128_intrawave_0x1x0_1,1117.66,880.68,0.0
gfx950,256,896,7168,7168,cktile,27,0,79.9688,a8w8_blockscale_cktile_192x256x128_4x2x1_16x16x128_intrawave_0x1x0_2,1151.37,883.44,0.0
gfx950,256,928,7168,7168,cktile,11,0,80.2673,a8w8_blockscale_cktile_192x256x128_4x2x1_16x16x128_intrawave_0x1x0_1,1188.05,888.73,0.0
gfx950,256,960,7168,7168,cktile,11,0,80.4244,a8w8_blockscale_cktile_192x256x128_4x2x1_16x16x128_intrawave_0x1x0_1,1226.62,895.55,0.0
gfx950,256,992,7168,7168,cktile,27,0,79.9088,a8w8_blockscale_cktile_192x256x128_4x2x1_16x16x128_intrawave_0x1x0_2,1275.68,909.94,0.0
gfx950,256,1024,7168,7168,cktile,28,0,80.7156,a8w8_blockscale_cktile_192x256x128_4x2x1_16x16x128_intrawave_0x1x0_3,1303.67,909.37,0.0
gfx950,256,8192,7168,7168,cktile,29,0,389.3389,a8w8_blockscale_cktile_192x256x128_4x2x1_16x16x128_intrawave_0x1x0_4,2162.16,584.43,0.0
gfx950,256,16384,7168,7168,cktile,11,0,723.4332,a8w8_blockscale_cktile_192x256x128_4x2x1_16x16x128_intrawave_0x1x0_1,2327.27,558.04,0.0
gfx950,256,32768,7168,7168,cktile,27,0,1444.3732,a8w8_blockscale_cktile_192x256x128_4x2x1_16x16x128_intrawave_0x1x0_2,2331.29,523.43,0.0
gfx950,256,65536,7168,7168,cktile,11,0,2907.6056,a8w8_blockscale_cktile_192x256x128_4x2x1_16x16x128_intrawave_0x1x0_1,2316.17,502.36,0.0
gfx950,256,24,6144,7168,ck,8,0,22.1411,a8w8_blockscale_1x128x128_256x16x64x256_16x16_16x16_1x1_16x16x1_16x16x1_1x16x1x16_4_1x1_intrawave_v1,95.48,2010.16,0.0
gfx950,256,40,6144,7168,ck,7,0,26.7231,a8w8_blockscale_1x128x128_256x16x128x256_16x16_16x16_1x2_16x16x1_16x16x1_1x16x1x16_8_1x2_intrawave_v1,131.84,1677.14,0.0
gfx950,256,72,6144,7168,ck,7,0,27.6615,a8w8_blockscale_1x128x128_256x16x128x256_16x16_16x16_1x2_16x16x1_16x16x1_1x16x1x16_8_1x2_intrawave_v1,229.26,1642.75,0.0
gfx950,256,80,6144,7168,ck,7,0,27.3119,a8w8_blockscale_1x128x128_256x16x128x256_16x16_16x16_1x2_16x16x1_16x16x1_1x16x1x16_8_1x2_intrawave_v1,258.0,1669.48,0.0
gfx950,256,88,6144,7168,ck,18,0,29.989,a8w8_blockscale_1x128x128_256x64x64x256_16x16_32x32_1x1_16x16x1_16x16x1_1x32x1x8_8_1x1_intrawave_v1,258.46,1525.64,0.0
gfx950,256,96,6144,7168,ck,12,0,29.4779,a8w8_blockscale_1x128x128_256x32x128x256_16x16_32x32_1x1_16x16x1_16x16x1_1x32x1x8_8_1x1_intrawave_v1,286.85,1557.37,0.0
gfx950,256,104,6144,7168,ck,18,0,30.2426,a8w8_blockscale_1x128x128_256x64x64x256_16x16_32x32_1x1_16x16x1_16x16x1_1x32x1x8_8_1x1_intrawave_v1,302.9,1523.14,0.0
gfx950,256,112,6144,7168,ck,18,0,30.4476,a8w8_blockscale_1x128x128_256x64x64x256_16x16_32x32_1x1_16x16x1_16x16x1_1x32x1x8_8_1x1_intrawave_v1,324.0,1517.99,0.0
gfx950,256,120,6144,7168,ck,18,0,30.7369,a8w8_blockscale_1x128x128_256x64x64x256_16x16_32x32_1x1_16x16x1_16x16x1_1x32x1x8_8_1x1_intrawave_v1,343.87,1508.77,0.0
gfx950,256,136,6144,7168,ck,12,0,34.1171,a8w8_blockscale_1x128x128_256x32x128x256_16x16_32x32_1x1_16x16x1_16x16x1_1x32x1x8_8_1x1_intrawave_v1,351.11,1368.41,0.0
gfx950,256,144,6144,7168,ck,12,0,33.467,a8w8_blockscale_1x128x128_256x32x128x256_16x16_32x32_1x1_16x16x1_16x16x1_1x32x1x8_8_1x1_intrawave_v1,378.99,1399.64,0.0
gfx950,256,152,6144,7168,ck,12,0,33.7285,a8w8_blockscale_1x128x128_256x32x128x256_16x16_32x32_1x1_16x16x1_16x16x1_1x32x1x8_8_1x1_intrawave_v1,396.94,1393.41,0.0
gfx950,256,160,6144,7168,ck,12,0,31.0013,a8w8_blockscale_1x128x128_256x32x128x256_16x16_32x32_1x1_16x16x1_16x16x1_1x32x1x8_8_1x1_intrawave_v1,454.59,1521.01,0.0
gfx950,256,168,6144,7168,ck,2,0,42.5852,a8w8_blockscale_1x128x128_256x64x128x128_16x16_32x32_1x2_8x32x1_8x32x1_1x32x1x8_8_1x1_intrawave_v3,347.48,1110.92,0.0
gfx950,256,176,6144,7168,ck,2,0,42.8281,a8w8_blockscale_1x128x128_256x64x128x128_16x16_32x32_1x2_8x32x1_8x32x1_1x32x1x8_8_1x1_intrawave_v3,361.96,1108.25,0.0
gfx950,256,184,6144,7168,ck,2,0,42.7675,a8w8_blockscale_1x128x128_256x64x128x128_16x16_32x32_1x2_8x32x1_8x32x1_1x32x1x8_8_1x1_intrawave_v3,378.95,1113.46,0.0
gfx950,256,192,6144,7168,ck,2,0,42.2691,a8w8_blockscale_1x128x128_256x64x128x128_16x16_32x32_1x2_8x32x1_8x32x1_1x32x1x8_8_1x1_intrawave_v3,400.09,1130.28,0.0
gfx950,256,200,6144,7168,ck,2,0,42.0902,a8w8_blockscale_1x128x128_256x64x128x128_16x16_32x32_1x2_8x32x1_8x32x1_1x32x1x8_8_1x1_intrawave_v3,418.53,1138.78,0.0
gfx950,256,208,6144,7168,ck,2,0,42.2359,a8w8_blockscale_1x128x128_256x64x128x128_16x16_32x32_1x2_8x32x1_8x32x1_1x32x1x8_8_1x1_intrawave_v3,433.77,1138.53,0.0
gfx950,256,216,6144,7168,ck,2,0,42.0304,a8w8_blockscale_1x128x128_256x64x128x128_16x16_32x32_1x2_8x32x1_8x32x1_1x32x1x8_8_1x1_intrawave_v3,452.66,1147.8,0.0
gfx950,256,224,6144,7168,ck,2,0,42.4995,a8w8_blockscale_1x128x128_256x64x128x128_16x16_32x32_1x2_8x32x1_8x32x1_1x32x1x8_8_1x1_intrawave_v3,464.24,1138.8,0.0
gfx950,256,232,6144,7168,ck,2,0,42.4479,a8w8_blockscale_1x128x128_256x64x128x128_16x16_32x32_1x2_8x32x1_8x32x1_1x32x1x8_8_1x1_intrawave_v3,481.41,1143.85,0.0
gfx950,256,240,6144,7168,ck,2,0,42.7708,a8w8_blockscale_1x128x128_256x64x128x128_16x16_32x32_1x2_8x32x1_8x32x1_1x32x1x8_8_1x1_intrawave_v3,494.25,1138.85,0.0
gfx950,256,248,6144,7168,ck,2,0,42.5648,a8w8_blockscale_1x128x128_256x64x128x128_16x16_32x32_1x2_8x32x1_8x32x1_1x32x1x8_8_1x1_intrawave_v3,513.19,1148.02,0.0
gfx950,256,272,6144,7168,ck,2,0,43.4738,a8w8_blockscale_1x128x128_256x64x128x128_16x16_32x32_1x2_8x32x1_8x32x1_1x32x1x8_8_1x1_intrawave_v3,551.09,1134.76,0.0
gfx950,256,288,6144,7168,ck,2,0,43.5856,a8w8_blockscale_1x128x128_256x64x128x128_16x16_32x32_1x2_8x32x1_8x32x1_1x32x1x8_8_1x1_intrawave_v3,582.01,1138.99,0.0
gfx950,256,304,6144,7168,ck,2,0,43.8466,a8w8_blockscale_1x128x128_256x64x128x128_16x16_32x32_1x2_8x32x1_8x32x1_1x32x1x8_8_1x1_intrawave_v3,610.68,1139.31,0.0
gfx950,256,320,6144,7168,ck,2,0,43.4898,a8w8_blockscale_1x128x128_256x64x128x128_16x16_32x32_1x2_8x32x1_8x32x1_1x32x1x8_8_1x1_intrawave_v3,648.1,1155.81,0.0
gfx950,256,336,6144,7168,ck,2,0,52.4411,a8w8_blockscale_1x128x128_256x64x128x128_16x16_32x32_1x2_8x32x1_8x32x1_1x32x1x8_8_1x1_intrawave_v3,564.35,964.46,0.0
gfx950,256,352,6144,7168,ck,2,0,52.3252,a8w8_blockscale_1x128x128_256x64x128x128_16x16_32x32_1x2_8x32x1_8x32x1_1x32x1x8_8_1x1_intrawave_v3,592.53,972.55,0.0
gfx950,256,368,6144,7168,ck,2,0,52.4495,a8w8_blockscale_1x128x128_256x64x128x128_16x16_32x32_1x2_8x32x1_8x32x1_1x32x1x8_8_1x1_intrawave_v3,618.0,976.18,0.0
gfx950,256,384,6144,7168,ck,2,0,52.2683,a8w8_blockscale_1x128x128_256x64x128x128_16x16_32x32_1x2_8x32x1_8x32x1_1x32x1x8_8_1x1_intrawave_v3,647.1,985.52,0.0
gfx950,256,400,6144,7168,ck,0,0,51.9649,a8w8_blockscale_1x128x128_256x128x128x128_16x16_32x32_2x2_8x32x1_8x32x1_1x32x1x8_8_1x1_intrawave_v3,678.0,997.26,0.0
gfx950,256,416,6144,7168,ck,0,0,52.3356,a8w8_blockscale_1x128x128_256x128x128x128_16x16_32x32_2x2_8x32x1_8x32x1_1x32x1x8_8_1x1_intrawave_v3,700.12,996.15,0.0
gfx950,256,432,6144,7168,ck,0,0,52.2949,a8w8_blockscale_1x128x128_256x128x128x128_16x16_32x32_2x2_8x32x1_8x32x1_1x32x1x8_8_1x1_intrawave_v3,727.62,1002.87,0.0
gfx950,256,448,6144,7168,ck,0,0,53.2335,a8w8_blockscale_1x128x128_256x128x128x128_16x16_32x32_2x2_8x32x1_8x32x1_1x32x1x8_8_1x1_intrawave_v3,741.26,991.04,0.0
gfx950,256,464,6144,7168,ck,0,0,53.7019,a8w8_blockscale_1x128x128_256x128x128x128_16x16_32x32_2x2_8x32x1_8x32x1_1x32x1x8_8_1x1_intrawave_v3,761.04,988.19,0.0
gfx950,256,480,6144,7168,ck,0,0,53.599,a8w8_blockscale_1x128x128_256x128x128x128_16x16_32x32_2x2_8x32x1_8x32x1_1x32x1x8_8_1x1_intrawave_v3,788.79,995.9,0.0
gfx950,256,496,6144,7168,ck,0,0,54.5912,a8w8_blockscale_1x128x128_256x128x128x128_16x16_32x32_2x2_8x32x1_8x32x1_1x32x1x8_8_1x1_intrawave_v3,800.27,983.5,0.0
gfx950,256,24,7168,3072,ck,8,0,11.4462,a8w8_blockscale_1x128x128_256x16x64x256_16x16_16x16_1x1_16x16x1_16x16x1_1x16x1x16_4_1x1_intrawave_v1,92.34,1960.29,0.0
gfx950,256,40,7168,3072,ck,7,0,13.8876,a8w8_blockscale_1x128x128_256x16x128x256_16x16_16x16_1x2_16x16x1_16x16x1_1x16x1x16_8_1x2_intrawave_v1,126.85,1635.73,0.0
gfx950,256,72,7168,3072,ck,18,0,15.8299,a8w8_blockscale_1x128x128_256x64x64x256_16x16_32x32_1x1_16x16x1_16x16x1_1x32x1x8_8_1x1_intrawave_v1,200.31,1470.22,0.0
gfx950,256,80,7168,3072,ck,18,0,14.9307,a8w8_blockscale_1x128x128_256x64x64x256_16x16_32x32_1x1_16x16x1_16x16x1_1x32x1x8_8_1x1_intrawave_v1,235.97,1568.09,0.0
gfx950,256,88,7168,3072,ck,18,0,14.9871,a8w8_blockscale_1x128x128_256x64x64x256_16x16_32x32_1x1_16x16x1_16x16x1_1x32x1x8_8_1x1_intrawave_v1,258.59,1571.48,0.0
gfx950,256,96,7168,3072,ck,18,0,15.7411,a8w8_blockscale_1x128x128_256x64x64x256_16x16_32x32_1x1_16x16x1_16x16x1_1x32x1x8_8_1x1_intrawave_v1,268.59,1505.06,0.0
gfx950,256,104,7168,3072,ck,18,0,16.0463,a8w8_blockscale_1x128x128_256x64x64x256_16x16_32x32_1x1_16x16x1_16x16x1_1x32x1x8_8_1x1_intrawave_v1,285.44,1485.11,0.0
gfx950,256,112,7168,3072,ck,18,0,15.8567,a8w8_blockscale_1x128x128_256x64x64x256_16x16_32x32_1x1_16x16x1_16x16x1_1x32x1x8_8_1x1_intrawave_v1,311.07,1511.65,0.0
gfx950,256,120,7168,3072,ck,18,0,16.0871,a8w8_blockscale_1x128x128_256x64x64x256_16x16_32x32_1x1_16x16x1_16x16x1_1x32x1x8_8_1x1_intrawave_v1,328.51,1498.66,0.0
gfx950,256,136,7168,3072,ck,2,0,20.8989,a8w8_blockscale_1x128x128_256x64x128x128_16x16_32x32_1x2_8x32x1_8x32x1_1x32x1x8_8_1x1_intrawave_v3,286.59,1166.93,0.0
gfx950,256,144,7168,3072,ck,2,0,21.0436,a8w8_blockscale_1x128x128_256x64x128x128_16x16_32x32_1x2_8x32x1_8x32x1_1x32x1x8_8_1x1_intrawave_v3,301.36,1165.53,0.0
gfx950,256,152,7168,3072,ck,2,0,21.135,a8w8_blockscale_1x128x128_256x64x128x128_16x16_32x32_1x2_8x32x1_8x32x1_1x32x1x8_8_1x1_intrawave_v3,316.73,1167.07,0.0
gfx950,256,160,7168,3072,ck,2,0,20.9983,a8w8_blockscale_1x128x128_256x64x128x128_16x16_32x32_1x2_8x32x1_8x32x1_1x32x1x8_8_1x1_intrawave_v3,335.57,1181.3,0.0
gfx950,256,168,7168,3072,ck,2,0,21.2684,a8w8_blockscale_1x128x128_256x64x128x128_16x16_32x32_1x2_8x32x1_8x32x1_1x32x1x8_8_1x1_intrawave_v3,347.88,1172.85,0.0
gfx950,256,176,7168,3072,ck,2,0,21.2849,a8w8_blockscale_1x128x128_256x64x128x128_16x16_32x32_1x2_8x32x1_8x32x1_1x32x1x8_8_1x1_intrawave_v3,364.16,1178.48,0.0
gfx950,256,184,7168,3072,ck,2,0,21.3632,a8w8_blockscale_1x128x128_256x64x128x128_16x16_32x32_1x2_8x32x1_8x32x1_1x32x1x8_8_1x1_intrawave_v3,379.32,1180.68,0.0
gfx950,256,192,7168,3072,ck,2,0,21.1833,a8w8_blockscale_1x128x128_256x64x128x128_16x16_32x32_1x2_8x32x1_8x32x1_1x32x1x8_8_1x1_intrawave_v3,399.17,1197.28,0.0
gfx950,256,200,7168,3072,ck,2,0,21.0587,a8w8_blockscale_1x128x128_256x64x128x128_16x16_32x32_1x2_8x32x1_8x32x1_1x32x1x8_8_1x1_intrawave_v3,418.26,1210.98,0.0
gfx950,256,208,7168,3072,ck,2,0,21.1214,a8w8_blockscale_1x128x128_256x64x128x128_16x16_32x32_1x2_8x32x1_8x32x1_1x32x1x8_8_1x1_intrawave_v3,433.7,1213.98,0.0
gfx950,256,216,7168,3072,ck,2,0,21.1729,a8w8_blockscale_1x128x128_256x64x128x128_16x16_32x32_1x2_8x32x1_8x32x1_1x32x1x8_8_1x1_intrawave_v3,449.29,1217.6,0.0
gfx950,256,224,7168,3072,ck,2,0,21.3325,a8w8_blockscale_1x128x128_256x64x128x128_16x16_32x32_1x2_8x32x1_8x32x1_1x32x1x8_8_1x1_intrawave_v3,462.44,1215.02,0.0
gfx950,256,232,7168,3072,ck,2,0,21.432,a8w8_blockscale_1x128x128_256x64x128x128_16x16_32x32_1x2_8x32x1_8x32x1_1x32x1x8_8_1x1_intrawave_v3,476.73,1215.88,0.0
gfx950,256,240,7168,3072,ck,2,0,21.4194,a8w8_blockscale_1x128x128_256x64x128x128_16x16_32x32_1x2_8x32x1_8x32x1_1x32x1x8_8_1x1_intrawave_v3,493.46,1223.1,0.0
gfx950,256,248,7168,3072,ck,2,0,21.6145,a8w8_blockscale_1x128x128_256x64x128x128_16x16_32x32_1x2_8x32x1_8x32x1_1x32x1x8_8_1x1_intrawave_v3,505.31,1218.5,0.0
gfx950,256,272,7168,3072,ck,0,0,26.2106,a8w8_blockscale_1x128x128_256x128x128x128_16x16_32x32_2x2_8x32x1_8x32x1_1x32x1x8_8_1x1_intrawave_v3,457.03,1020.77,0.0
gfx950,256,288,7168,3072,ck,12,0,26.0543,a8w8_blockscale_1x128x128_256x32x128x256_16x16_32x32_1x1_16x16x1_16x16x1_1x32x1x8_8_1x1_intrawave_v1,486.81,1037.59,0.0
gfx950,256,304,7168,3072,ck,0,0,26.6632,a8w8_blockscale_1x128x128_256x128x128x128_16x16_32x32_2x2_8x32x1_8x32x1_1x32x1x8_8_1x1_intrawave_v3,502.12,1024.34,0.0
gfx950,256,320,7168,3072,ck,2,0,26.465,a8w8_blockscale_1x128x128_256x64x128x128_16x16_32x32_1x2_8x32x1_8x32x1_1x32x1x8_8_1x1_intrawave_v3,532.51,1042.53,0.0
gfx950,256,336,7168,3072,ck,0,0,26.9196,a8w8_blockscale_1x128x128_256x128x128x128_16x16_32x32_2x2_8x32x1_8x32x1_1x32x1x8_8_1x1_intrawave_v3,549.69,1035.27,0.0
gfx950,256,352,7168,3072,ck,0,0,27.2921,a8w8_blockscale_1x128x128_256x128x128x128_16x16_32x32_2x2_8x32x1_8x32x1_1x32x1x8_8_1x1_intrawave_v3,568.01,1031.35,0.0
gfx950,256,368,7168,3072,ck,0,0,27.5605,a8w8_blockscale_1x128x128_256x128x128x128_16x16_32x32_2x2_8x32x1_8x32x1_1x32x1x8_8_1x1_intrawave_v3,588.04,1031.41,0.0
gfx950,256,384,7168,3072,ck,0,0,26.9078,a8w8_blockscale_1x128x128_256x128x128x128_16x16_32x32_2x2_8x32x1_8x32x1_1x32x1x8_8_1x1_intrawave_v3,628.5,1066.78,0.0
gfx950,256,400,7168,3072,ck,0,0,26.7983,a8w8_blockscale_1x128x128_256x128x128x128_16x16_32x32_2x2_8x32x1_8x32x1_1x32x1x8_8_1x1_intrawave_v3,657.36,1081.53,0.0
gfx950,256,416,7168,3072,ck,0,0,27.1035,a8w8_blockscale_1x128x128_256x128x128x128_16x16_32x32_2x2_8x32x1_8x32x1_1x32x1x8_8_1x1_intrawave_v3,675.95,1079.63,0.0
gfx950,256,432,7168,3072,ck,0,0,27.3379,a8w8_blockscale_1x128x128_256x128x128x128_16x16_32x32_2x2_8x32x1_8x32x1_1x32x1x8_8_1x1_intrawave_v3,695.93,1080.56,0.0
gfx950,256,448,7168,3072,ck,0,0,27.3425,a8w8_blockscale_1x128x128_256x128x128x128_16x16_32x32_2x2_8x32x1_8x32x1_1x32x1x8_8_1x1_intrawave_v3,721.59,1090.57,0.0
gfx950,256,464,7168,3072,ck,0,0,27.6096,a8w8_blockscale_1x128x128_256x128x128x128_16x16_32x32_2x2_8x32x1_8x32x1_1x32x1x8_8_1x1_intrawave_v3,740.13,1090.11,0.0
gfx950,256,480,7168,3072,ck,0,0,27.6796,a8w8_blockscale_1x128x128_256x128x128x128_16x16_32x32_2x2_8x32x1_8x32x1_1x32x1x8_8_1x1_intrawave_v3,763.71,1097.41,0.0
gfx950,256,496,7168,3072,ck,0,0,28.0362,a8w8_blockscale_1x128x128_256x128x128x128_16x16_32x32_2x2_8x32x1_8x32x1_1x32x1x8_8_1x1_intrawave_v3,779.13,1093.39,0.0
gfx950,256,272,7168,7168,ck,0,0,51.2136,a8w8_blockscale_1x128x128_256x128x128x128_16x16_32x32_2x2_8x32x1_8x32x1_1x32x1x8_8_1x1_intrawave_v3,545.77,1117.46,0.0
gfx950,256,304,7168,7168,ck,0,0,52.6385,a8w8_blockscale_1x128x128_256x128x128x128_16x16_32x32_2x2_8x32x1_8x32x1_1x32x1x8_8_1x1_intrawave_v3,593.47,1100.29,0.0
gfx950,256,336,7168,7168,ck,0,0,53.5436,a8w8_blockscale_1x128x128_256x128x128x128_16x16_32x32_2x2_8x32x1_8x32x1_1x32x1x8_8_1x1_intrawave_v3,644.85,1094.54,0.0
gfx950,256,368,7168,7168,ck,0,0,54.7143,a8w8_blockscale_1x128x128_256x128x128x128_16x16_32x32_2x2_8x32x1_8x32x1_1x32x1x8_8_1x1_intrawave_v3,691.15,1083.7,0.0
gfx950,256,400,7168,7168,ck,0,0,52.7977,a8w8_blockscale_1x128x128_256x128x128x128_16x16_32x32_2x2_8x32x1_8x32x1_1x32x1x8_8_1x1_intrawave_v3,778.52,1136.07,0.0
gfx950,256,432,7168,7168,ck,0,0,53.8781,a8w8_blockscale_1x128x128_256x128x128x128_16x16_32x32_2x2_8x32x1_8x32x1_1x32x1x8_8_1x1_intrawave_v3,823.94,1126.06,0.0
gfx950,256,464,7168,7168,ck,0,0,55.0145,a8w8_blockscale_1x128x128_256x128x128x128_16x16_32x32_2x2_8x32x1_8x32x1_1x32x1x8_8_1x1_intrawave_v3,866.7,1115.31,0.0
gfx950,256,496,7168,7168,ck,0,0,56.3055,a8w8_blockscale_1x128x128_256x128x128x128_16x16_32x32_2x2_8x32x1_8x32x1_1x32x1x8_8_1x1_intrawave_v3,905.23,1101.96,0.0
gfx950,256,1088,7168,7168,cktile,11,0,79.7919,a8w8_blockscale_cktile_192x256x128_4x2x1_16x16x128_intrawave_0x1x0_1,1401.19,937.14,0.0
gfx950,256,1152,7168,7168,cktile,28,0,80.2648,a8w8_blockscale_cktile_192x256x128_4x2x1_16x16x128_intrawave_0x1x0_3,1474.87,948.77,0.0
gfx950,256,1216,7168,7168,cktile,29,0,80.7798,a8w8_blockscale_cktile_192x256x128_4x2x1_16x16x128_intrawave_0x1x0_4,1546.88,959.76,0.0
gfx950,256,1280,7168,7168,cktile,11,0,81.4605,a8w8_blockscale_cktile_192x256x128_4x2x1_16x16x128_intrawave_0x1x0_1,1614.69,968.63,0.0
gfx950,256,1344,7168,7168,cktile,11,0,81.8264,a8w8_blockscale_cktile_192x256x128_4x2x1_16x16x128_intrawave_0x1x0_1,1687.84,981.12,0.0
gfx950,256,1408,7168,7168,cktile,28,0,82.517,a8w8_blockscale_cktile_192x256x128_4x2x1_16x16x128_intrawave_0x1x0_3,1753.42,989.59,0.0
gfx950,256,1472,7168,7168,cktile,28,0,82.8774,a8w8_blockscale_cktile_192x256x128_4x2x1_16x16x128_intrawave_0x1x0_3,1825.15,1001.89,0.0
gfx950,256,1536,7168,7168,cktile,27,0,83.7285,a8w8_blockscale_cktile_192x256x128_4x2x1_16x16x128_intrawave_0x1x0_2,1885.14,1008.14,0.0
gfx950,256,1600,7168,7168,cktile,11,0,84.2043,a8w8_blockscale_cktile_192x256x128_4x2x1_16x16x128_intrawave_0x1x0_1,1952.59,1018.79,0.0
gfx950,256,1664,7168,7168,cktile,11,0,84.6733,a8w8_blockscale_cktile_192x256x128_4x2x1_16x16x128_intrawave_0x1x0_1,2019.45,1029.4,0.0
gfx950,256,1728,7168,7168,cktile,11,0,85.5648,a8w8_blockscale_cktile_192x256x128_4x2x1_16x16x128_intrawave_0x1x0_1,2075.27,1034.76,0.0
gfx950,256,1792,7168,7168,cktile,29,0,129.8343,a8w8_blockscale_cktile_192x256x128_4x2x1_16x16x128_intrawave_0x1x0_4,1418.32,692.54,0.0
gfx950,256,1856,7168,7168,cktile,11,0,130.5568,a8w8_blockscale_cktile_192x256x128_4x2x1_16x16x128_intrawave_0x1x0_1,1460.85,699.25,0.0
gfx950,256,1920,7168,7168,cktile,29,0,131.5194,a8w8_blockscale_cktile_192x256x128_4x2x1_16x16x128_intrawave_0x1x0_4,1500.16,704.59,0.0
gfx950,256,1984,7168,7168,cktile,27,0,147.6965,a8w8_blockscale_cktile_192x256x128_4x2x1_16x16x128_intrawave_0x1x0_2,1380.38,636.74,0.0
gfx950,256,2048,7168,7168,cktile,28,0,150.78,a8w8_blockscale_cktile_192x256x128_4x2x1_16x16x128_intrawave_0x1x0_3,1395.76,632.85,0.0
gfx950,256,6552,7168,7168,cktile,11,0,311.7817,a8w8_blockscale_cktile_192x256x128_4x2x1_16x16x128_intrawave_0x1x0_1,2159.48,616.7,0.0
gfx950,256,6572,7168,7168,cktile,27,0,312.2346,a8w8_blockscale_cktile_192x256x128_4x2x1_16x16x128_intrawave_0x1x0_2,2162.93,617.18,0.0
gfx950,256,6932,7168,7168,cktile,11,0,313.7003,a8w8_blockscale_cktile_192x256x128_4x2x1_16x16x128_intrawave_0x1x0_1,2270.75,638.97,0.0
gfx950,256,6956,7168,7168,cktile,28,0,314.5115,a8w8_blockscale_cktile_192x256x128_4x2x1_16x16x128_intrawave_0x1x0_3,2272.74,638.97,0.0
gfx950,256,6972,7168,7168,cktile,29,0,313.876,a8w8_blockscale_cktile_192x256x128_4x2x1_16x16x128_intrawave_0x1x0_4,2282.58,641.36,0.0
gfx950,256,7024,7168,7168,cktile,27,0,314.0255,a8w8_blockscale_cktile_192x256x128_4x2x1_16x16x128_intrawave_0x1x0_2,2298.51,644.61,0.0
gfx950,256,7080,7168,7168,cktile,29,0,314.9283,a8w8_blockscale_cktile_192x256x128_4x2x1_16x16x128_intrawave_0x1x0_4,2310.19,646.59,0.0
gfx950,256,7200,7168,7168,cktile,28,0,329.482,a8w8_blockscale_cktile_192x256x128_4x2x1_16x16x128_intrawave_0x1x0_3,2245.57,625.86,0.0
gfx950,256,7332,7168,7168,cktile,29,0,350.6277,a8w8_blockscale_cktile_192x256x128_4x2x1_16x16x128_intrawave_0x1x0_4,2148.83,596.21,0.0
gfx950,256,7424,7168,7168,cktile,27,0,350.1277,a8w8_blockscale_cktile_192x256x128_4x2x1_16x16x128_intrawave_0x1x0_2,2178.9,602.71,0.0
gfx950,256,7636,7168,7168,cktile,28,0,370.9101,a8w8_blockscale_cktile_192x256x128_4x2x1_16x16x128_intrawave_0x1x0_3,2115.55,581.23,0.0
gfx950,256,7648,7168,7168,cktile,28,0,371.6084,a8w8_blockscale_cktile_192x256x128_4x2x1_16x16x128_intrawave_0x1x0_3,2114.89,580.83,0.0
gfx950,256,7700,7168,7168,cktile,28,0,375.1813,a8w8_blockscale_cktile_192x256x128_4x2x1_16x16x128_intrawave_0x1x0_3,2108.99,578.28,0.0
gfx950,256,7728,7168,7168,cktile,28,0,376.6614,a8w8_blockscale_cktile_192x256x128_4x2x1_16x16x128_intrawave_0x1x0_3,2108.35,577.61,0.0
gfx950,256,7924,7168,7168,cktile,11,0,386.565,a8w8_blockscale_cktile_192x256x128_4x2x1_16x16x128_intrawave_0x1x0_1,2106.43,573.71,0.0
gfx950,256,7944,7168,7168,cktile,28,0,386.2261,a8w8_blockscale_cktile_192x256x128_4x2x1_16x16x128_intrawave_0x1x0_3,2113.6,575.33,0.0
gfx950,256,7964,7168,7168,cktile,28,0,385.9926,a8w8_blockscale_cktile_192x256x128_4x2x1_16x16x128_intrawave_0x1x0_3,2120.21,576.79,0.0
gfx950,256,8012,7168,7168,cktile,29,0,386.6505,a8w8_blockscale_cktile_192x256x128_4x2x1_16x16x128_intrawave_0x1x0_4,2129.36,578.48,0.0
gfx950,256,8128,7168,7168,cktile,11,0,388.0162,a8w8_blockscale_cktile_192x256x128_4x2x1_16x16x128_intrawave_0x1x0_1,2152.58,582.87,0.0
gfx950,256,8200,7168,7168,cktile,27,0,387.6515,a8w8_blockscale_cktile_192x256x128_4x2x1_16x16x128_intrawave_0x1x0_2,2173.69,587.42,0.0
gfx950,256,8500,7168,7168,cktile,29,0,390.0756,a8w8_blockscale_cktile_192x256x128_4x2x1_16x16x128_intrawave_0x1x0_4,2239.22,600.3,0.0
gfx950,256,9004,7168,7168,cktile,27,0,396.2387,a8w8_blockscale_cktile_192x256x128_4x2x1_16x16x128_intrawave_0x1x0_2,2335.1,618.32,0.0
gfx950,256,9164,7168,7168,cktile,28,0,412.401,a8w8_blockscale_cktile_192x256x128_4x2x1_16x16x128_intrawave_0x1x0_3,2283.45,602.43,0.0
gfx950,256,9348,7168,7168,cktile,28,0,431.9957,a8w8_blockscale_cktile_192x256x128_4x2x1_16x16x128_intrawave_0x1x0_3,2223.64,584.26,0.0
gfx950,256,9484,7168,7168,cktile,27,0,448.4745,a8w8_blockscale_cktile_192x256x128_4x2x1_16x16x128_intrawave_0x1x0_2,2173.1,569.32,0.0
gfx950,256,9508,7168,7168,cktile,27,0,449.5427,a8w8_blockscale_cktile_192x256x128_4x2x1_16x16x128_intrawave_0x1x0_2,2173.42,569.11,0.0
gfx950,256,9660,7168,7168,cktile,11,0,457.4945,a8w8_blockscale_cktile_192x256x128_4x2x1_16x16x128_intrawave_0x1x0_1,2169.79,566.36,0.0
gfx950,256,9804,7168,7168,cktile,11,0,465.3193,a8w8_blockscale_cktile_192x256x128_4x2x1_16x16x128_intrawave_0x1x0_1,2165.1,563.5,0.0
gfx950,256,9928,7168,7168,cktile,27,0,464.0714,a8w8_blockscale_cktile_192x256x128_4x2x1_16x16x128_intrawave_0x1x0_2,2198.38,570.76,0.0
gfx950,256,9960,7168,7168,cktile,28,0,465.5466,a8w8_blockscale_cktile_192x256x128_4x2x1_16x16x128_intrawave_0x1x0_3,2198.48,570.43,0.0
gfx950,256,10240,7168,7168,cktile,27,0,467.2785,a8w8_blockscale_cktile_192x256x128_4x2x1_16x16x128_intrawave_0x1x0_2,2251.91,581.2,0.0
gfx950,256,10252,7168,7168,cktile,27,0,467.8781,a8w8_blockscale_cktile_192x256x128_4x2x1_16x16x128_intrawave_0x1x0_2,2251.66,581.0,0.0
gfx950,256,10324,7168,7168,cktile,28,0,470.0249,a8w8_blockscale_cktile_192x256x128_4x2x1_16x16x128_intrawave_0x1x0_3,2257.11,581.64,0.0
gfx950,256,10340,7168,7168,cktile,29,0,468.7085,a8w8_blockscale_cktile_192x256x128_4x2x1_16x16x128_intrawave_0x1x0_4,2266.96,584.01,0.0
gfx950,256,10392,7168,7168,cktile,27,0,470.6256,a8w8_blockscale_cktile_192x256x128_4x2x1_16x16x128_intrawave_0x1x0_2,2269.08,584.01,0.0
gfx950,256,10428,7168,7168,cktile,29,0,469.8814,a8w8_blockscale_cktile_192x256x128_4x2x1_16x16x128_intrawave_0x1x0_4,2280.55,586.58,0.0
gfx950,256,10536,7168,7168,cktile,28,0,471.8449,a8w8_blockscale_cktile_192x256x128_4x2x1_16x16x128_intrawave_0x1x0_3,2294.58,589.06,0.0
gfx950,256,10884,7168,7168,cktile,27,0,477.874,a8w8_blockscale_cktile_192x256x128_4x2x1_16x16x128_intrawave_0x1x0_2,2340.46,597.29,0.0
gfx950,256,10936,7168,7168,cktile,27,0,477.5325,a8w8_blockscale_cktile_192x256x128_4x2x1_16x16x128_intrawave_0x1x0_2,2353.32,600.06,0.0
gfx950,256,10976,7168,7168,cktile,27,0,493.3445,a8w8_blockscale_cktile_192x256x128_4x2x1_16x16x128_intrawave_0x1x0_2,2286.23,582.57,0.0
gfx950,256,11052,7168,7168,cktile,27,0,496.7604,a8w8_blockscale_cktile_192x256x128_4x2x1_16x16x128_intrawave_0x1x0_2,2286.23,581.85,0.0
gfx950,256,11136,7168,7168,cktile,28,0,495.2034,a8w8_blockscale_cktile_192x256x128_4x2x1_16x16x128_intrawave_0x1x0_3,2310.85,587.33,0.0
gfx950,256,11188,7168,7168,cktile,11,0,511.7653,a8w8_blockscale_cktile_192x256x128_4x2x1_16x16x128_intrawave_0x1x0_1,2246.51,570.51,0.0
gfx950,256,11240,7168,7168,cktile,29,0,512.5713,a8w8_blockscale_cktile_192x256x128_4x2x1_16x16x128_intrawave_0x1x0_4,2253.4,571.79,0.0
gfx950,256,11260,7168,7168,cktile,28,0,513.4464,a8w8_blockscale_cktile_192x256x128_4x2x1_16x16x128_intrawave_0x1x0_3,2253.56,571.66,0.0
gfx950,256,11312,7168,7168,cktile,29,0,516.2559,a8w8_blockscale_cktile_192x256x128_4x2x1_16x16x128_intrawave_0x1x0_4,2251.65,570.71,0.0
gfx950,256,11324,7168,7168,cktile,11,0,516.5483,a8w8_blockscale_cktile_192x256x128_4x2x1_16x16x128_intrawave_0x1x0_1,2252.76,570.89,0.0
gfx950,256,11484,7168,7168,cktile,27,0,534.4298,a8w8_blockscale_cktile_192x256x128_4x2x1_16x16x128_intrawave_0x1x0_2,2208.15,558.23,0.0
gfx950,256,11504,7168,7168,cktile,29,0,535.5615,a8w8_blockscale_cktile_192x256x128_4x2x1_16x16x128_intrawave_0x1x0_4,2207.32,557.85,0.0
gfx950,256,11716,7168,7168,cktile,11,0,543.8394,a8w8_blockscale_cktile_192x256x128_4x2x1_16x16x128_intrawave_0x1x0_1,2213.78,557.74,0.0
gfx950,256,11884,7168,7168,cktile,11,0,545.4272,a8w8_blockscale_cktile_192x256x128_4x2x1_16x16x128_intrawave_0x1x0_1,2238.99,562.74,0.0
gfx950,256,11896,7168,7168,cktile,28,0,545.3458,a8w8_blockscale_cktile_192x256x128_4x2x1_16x16x128_intrawave_0x1x0_3,2241.58,563.3,0.0
gfx950,256,11984,7168,7168,cktile,28,0,545.3178,a8w8_blockscale_cktile_192x256x128_4x2x1_16x16x128_intrawave_0x1x0_3,2258.28,566.8,0.0
gfx950,256,12004,7168,7168,cktile,28,0,547.6395,a8w8_blockscale_cktile_192x256x128_4x2x1_16x16x128_intrawave_0x1x0_3,2252.46,565.18,0.0
gfx950,256,12188,7168,7168,cktile,28,0,548.462,a8w8_blockscale_cktile_192x256x128_4x2x1_16x16x128_intrawave_0x1x0_3,2283.56,571.55,0.0
gfx950,256,12200,7168,7168,cktile,27,0,548.0495,a8w8_blockscale_cktile_192x256x128_4x2x1_16x16x128_intrawave_0x1x0_2,2287.53,572.45,0.0
gfx950,256,12208,7168,7168,cktile,29,0,547.2425,a8w8_blockscale_cktile_192x256x128_4x2x1_16x16x128_intrawave_0x1x0_4,2292.4,573.61,0.0
gfx950,256,12216,7168,7168,cktile,29,0,546.7199,a8w8_blockscale_cktile_192x256x128_4x2x1_16x16x128_intrawave_0x1x0_4,2296.1,574.47,0.0
gfx950,256,12220,7168,7168,cktile,28,0,547.0259,a8w8_blockscale_cktile_192x256x128_4x2x1_16x16x128_intrawave_0x1x0_3,2295.56,574.3,0.0
gfx950,256,12224,7168,7168,cktile,11,0,544.5524,a8w8_blockscale_cktile_192x256x128_4x2x1_16x16x128_intrawave_0x1x0_1,2306.75,577.07,0.0
gfx950,256,12228,7168,7168,cktile,28,0,547.5486,a8w8_blockscale_cktile_192x256x128_4x2x1_16x16x128_intrawave_0x1x0_3,2294.87,574.07,0.0
gfx950,256,12232,7168,7168,cktile,27,0,547.2004,a8w8_blockscale_cktile_192x256x128_4x2x1_16x16x128_intrawave_0x1x0_2,2297.08,574.59,0.0
gfx950,256,12244,7168,7168,cktile,28,0,546.35,a8w8_blockscale_cktile_192x256x128_4x2x1_16x16x128_intrawave_0x1x0_3,2302.92,575.96,0.0
gfx950,256,12256,7168,7168,cktile,27,0,545.9993,a8w8_blockscale_cktile_192x256x128_4x2x1_16x16x128_intrawave_0x1x0_2,2306.66,576.8,0.0
gfx950,256,12264,7168,7168,cktile,27,0,546.2066,a8w8_blockscale_cktile_192x256x128_4x2x1_16x16x128_intrawave_0x1x0_2,2307.28,576.9,0.0
gfx950,256,12268,7168,7168,cktile,28,0,547.0412,a8w8_blockscale_cktile_192x256x128_4x2x1_16x16x128_intrawave_0x1x0_3,2304.52,576.17,0.0
gfx950,256,12272,7168,7168,cktile,11,0,545.6429,a8w8_blockscale_cktile_192x256x128_4x2x1_16x16x128_intrawave_0x1x0_1,2311.17,577.81,0.0
gfx950,256,12276,7168,7168,cktile,28,0,547.2016,a8w8_blockscale_cktile_192x256x128_4x2x1_16x16x128_intrawave_0x1x0_3,2305.34,576.32,0.0
gfx950,256,12280,7168,7168,cktile,29,0,546.1285,a8w8_blockscale_cktile_192x256x128_4x2x1_16x16x128_intrawave_0x1x0_4,2310.63,577.61,0.0
gfx950,256,12284,7168,7168,cktile,28,0,547.1685,a8w8_blockscale_cktile_192x256x128_4x2x1_16x16x128_intrawave_0x1x0_3,2306.98,576.67,0.0
gfx950,256,12288,7168,7168,cktile,28,0,545.4941,a8w8_blockscale_cktile_192x256x128_4x2x1_16x16x128_intrawave_0x1x0_3,2314.82,578.6,0.0
gfx950,256,12296,7168,7168,cktile,29,0,548.3855,a8w8_blockscale_cktile_192x256x128_4x2x1_16x16x128_intrawave_0x1x0_4,2304.11,575.86,0.0
gfx950,256,12300,7168,7168,cktile,11,0,550.1161,a8w8_blockscale_cktile_192x256x128_4x2x1_16x16x128_intrawave_0x1x0_1,2297.61,574.21,0.0
gfx950,256,12304,7168,7168,cktile,28,0,548.8864,a8w8_blockscale_cktile_192x256x128_4x2x1_16x16x128_intrawave_0x1x0_3,2303.51,575.65,0.0
gfx950,256,12308,7168,7168,cktile,29,0,547.123,a8w8_blockscale_cktile_192x256x128_4x2x1_16x16x128_intrawave_0x1x0_4,2311.68,577.66,0.0
gfx950,256,12312,7168,7168,cktile,28,0,549.7152,a8w8_blockscale_cktile_192x256x128_4x2x1_16x16x128_intrawave_0x1x0_3,2301.53,575.09,0.0
gfx950,256,12316,7168,7168,cktile,27,0,548.9315,a8w8_blockscale_cktile_192x256x128_4x2x1_16x16x128_intrawave_0x1x0_2,2305.57,576.07,0.0
gfx950,256,12324,7168,7168,cktile,27,0,548.5196,a8w8_blockscale_cktile_192x256x128_4x2x1_16x16x128_intrawave_0x1x0_2,2308.8,576.82,0.0
gfx950,256,12328,7168,7168,cktile,27,0,548.2968,a8w8_blockscale_cktile_192x256x128_4x2x1_16x16x128_intrawave_0x1x0_2,2310.48,577.21,0.0
gfx950,256,12336,7168,7168,cktile,29,0,548.2501,a8w8_blockscale_cktile_192x256x128_4x2x1_16x16x128_intrawave_0x1x0_4,2312.18,577.57,0.0
gfx950,256,12344,7168,7168,cktile,27,0,548.2575,a8w8_blockscale_cktile_192x256x128_4x2x1_16x16x128_intrawave_0x1x0_2,2313.65,577.88,0.0
gfx950,256,12364,7168,7168,cktile,28,0,549.0761,a8w8_blockscale_cktile_192x256x128_4x2x1_16x16x128_intrawave_0x1x0_3,2313.94,577.8,0.0
gfx950,256,12388,7168,7168,cktile,11,0,551.2181,a8w8_blockscale_cktile_192x256x128_4x2x1_16x16x128_intrawave_0x1x0_1,2309.42,576.49,0.0
gfx950,256,12400,7168,7168,cktile,29,0,548.2651,a8w8_blockscale_cktile_192x256x128_4x2x1_16x16x128_intrawave_0x1x0_4,2324.11,580.07,0.0
gfx950,256,12484,7168,7168,cktile,27,0,551.3855,a8w8_blockscale_cktile_192x256x128_4x2x1_16x16x128_intrawave_0x1x0_2,2326.61,580.06,0.0
gfx950,256,12524,7168,7168,cktile,28,0,551.2117,a8w8_blockscale_cktile_192x256x128_4x2x1_16x16x128_intrawave_0x1x0_3,2334.81,581.8,0.0
gfx950,256,12564,7168,7168,cktile,28,0,551.5295,a8w8_blockscale_cktile_192x256x128_4x2x1_16x16x128_intrawave_0x1x0_3,2340.91,583.03,0.0
gfx950,256,12612,7168,7168,cktile,28,0,550.9546,a8w8_blockscale_cktile_192x256x128_4x2x1_16x16x128_intrawave_0x1x0_3,2352.31,585.51,0.0
gfx950,256,12640,7168,7168,cktile,29,0,551.802,a8w8_blockscale_cktile_192x256x128_4x2x1_16x16x128_intrawave_0x1x0_4,2353.91,585.7,0.0
gfx950,256,12752,7168,7168,cktile,28,0,557.4076,a8w8_blockscale_cktile_192x256x128_4x2x1_16x16x128_intrawave_0x1x0_3,2350.89,584.13,0.0
gfx950,256,12872,7168,7168,cktile,28,0,574.1363,a8w8_blockscale_cktile_192x256x128_4x2x1_16x16x128_intrawave_0x1x0_3,2303.86,571.61,0.0
gfx950,256,12908,7168,7168,cktile,28,0,573.6082,a8w8_blockscale_cktile_192x256x128_4x2x1_16x16x128_intrawave_0x1x0_3,2312.44,573.48,0.0
gfx950,256,13248,7168,7168,cktile,29,0,597.9455,a8w8_blockscale_cktile_192x256x128_4x2x1_16x16x128_intrawave_0x1x0_4,2276.75,562.37,0.0
gfx950,256,13440,7168,7168,cktile,28,0,615.7067,a8w8_blockscale_cktile_192x256x128_4x2x1_16x16x128_intrawave_0x1x0_3,2243.11,552.85,0.0
gfx950,256,13508,7168,7168,cktile,29,0,617.2956,a8w8_blockscale_cktile_192x256x128_4x2x1_16x16x128_intrawave_0x1x0_4,2248.66,553.8,0.0
gfx950,256,13556,7168,7168,cktile,29,0,618.6342,a8w8_blockscale_cktile_192x256x128_4x2x1_16x16x128_intrawave_0x1x0_4,2251.77,554.27,0.0
gfx950,256,13736,7168,7168,cktile,28,0,624.3214,a8w8_blockscale_cktile_192x256x128_4x2x1_16x16x128_intrawave_0x1x0_3,2260.88,555.42,0.0
gfx950,256,13820,7168,7168,cktile,27,0,624.0427,a8w8_blockscale_cktile_192x256x128_4x2x1_16x16x128_intrawave_0x1x0_2,2275.72,558.56,0.0
gfx950,256,13880,7168,7168,cktile,11,0,627.1966,a8w8_blockscale_cktile_192x256x128_4x2x1_16x16x128_intrawave_0x1x0_1,2274.11,557.81,0.0
gfx950,256,13884,7168,7168,cktile,11,0,623.9605,a8w8_blockscale_cktile_192x256x128_4x2x1_16x16x128_intrawave_0x1x0_1,2286.56,560.84,0.0
gfx950,256,13892,7168,7168,cktile,27,0,624.5868,a8w8_blockscale_cktile_192x256x128_4x2x1_16x16x128_intrawave_0x1x0_2,2285.59,560.55,0.0
gfx950,256,13968,7168,7168,cktile,28,0,627.3157,a8w8_blockscale_cktile_192x256x128_4x2x1_16x16x128_intrawave_0x1x0_3,2288.1,560.72,0.0
gfx950,256,13980,7168,7168,cktile,29,0,623.4664,a8w8_blockscale_cktile_192x256x128_4x2x1_16x16x128_intrawave_0x1x0_4,2304.2,564.6,0.0
gfx950,256,14068,7168,7168,cktile,29,0,626.9423,a8w8_blockscale_cktile_192x256x128_4x2x1_16x16x128_intrawave_0x1x0_4,2305.85,564.48,0.0
gfx950,256,14188,7168,7168,cktile,11,0,627.9359,a8w8_blockscale_cktile_192x256x128_4x2x1_16x16x128_intrawave_0x1x0_1,2321.84,567.7,0.0
gfx950,256,14340,7168,7168,cktile,11,0,628.1619,a8w8_blockscale_cktile_192x256x128_4x2x1_16x16x128_intrawave_0x1x0_1,2345.87,572.7,0.0
gfx950,256,14504,7168,7168,cktile,27,0,630.9164,a8w8_blockscale_cktile_192x256x128_4x2x1_16x16x128_intrawave_0x1x0_2,2362.34,575.79,0.0
gfx950,256,14656,7168,7168,cktile,27,0,637.8384,a8w8_blockscale_cktile_192x256x128_4x2x1_16x16x128_intrawave_0x1x0_2,2361.19,574.66,0.0
gfx950,256,14880,7168,7168,cktile,27,0,659.751,a8w8_blockscale_cktile_192x256x128_4x2x1_16x16x128_intrawave_0x1x0_2,2317.66,562.88,0.0
gfx950,256,15012,7168,7168,cktile,29,0,676.2013,a8w8_blockscale_cktile_192x256x128_4x2x1_16x16x128_intrawave_0x1x0_4,2281.33,553.38,0.0
gfx950,256,15084,7168,7168,cktile,29,0,676.0914,a8w8_blockscale_cktile_192x256x128_4x2x1_16x16x128_intrawave_0x1x0_4,2292.65,555.76,0.0
gfx950,256,15116,7168,7168,cktile,11,0,677.4184,a8w8_blockscale_cktile_192x256x128_4x2x1_16x16x128_intrawave_0x1x0_1,2293.01,555.69,0.0
gfx950,256,15212,7168,7168,cktile,11,0,690.2742,a8w8_blockscale_cktile_192x256x128_4x2x1_16x16x128_intrawave_0x1x0_1,2264.6,548.33,0.0
gfx950,256,15364,7168,7168,cktile,29,0,699.5784,a8w8_blockscale_cktile_192x256x128_4x2x1_16x16x128_intrawave_0x1x0_4,2256.8,545.71,0.0
gfx950,256,15776,7168,7168,cktile,11,0,703.5691,a8w8_blockscale_cktile_192x256x128_4x2x1_16x16x128_intrawave_0x1x0_1,2304.18,555.21,0.0
gfx950,256,15892,7168,7168,cktile,11,0,705.2131,a8w8_blockscale_cktile_192x256x128_4x2x1_16x16x128_intrawave_0x1x0_1,2315.71,557.45,0.0
gfx950,256,15940,7168,7168,cktile,11,0,708.172,a8w8_blockscale_cktile_192x256x128_4x2x1_16x16x128_intrawave_0x1x0_1,2313.0,556.58,0.0
gfx950,256,15944,7168,7168,cktile,11,0,706.5992,a8w8_blockscale_cktile_192x256x128_4x2x1_16x16x128_intrawave_0x1x0_1,2318.73,557.94,0.0
gfx950,256,16128,7168,7168,cktile,29,0,704.7105,a8w8_blockscale_cktile_192x256x128_4x2x1_16x16x128_intrawave_0x1x0_4,2351.77,565.05,0.0
gfx950,256,16140,7168,7168,cktile,11,0,707.2505,a8w8_blockscale_cktile_192x256x128_4x2x1_16x16x128_intrawave_0x1x0_1,2345.07,563.39,0.0
gfx950,256,16304,7168,7168,cktile,27,0,709.6284,a8w8_blockscale_cktile_192x256x128_4x2x1_16x16x128_intrawave_0x1x0_2,2360.96,566.47,0.0
gfx950,256,16408,7168,7168,cktile,11,0,709.1107,a8w8_blockscale_cktile_192x256x128_4x2x1_16x16x128_intrawave_0x1x0_1,2377.76,570.03,0.0
gfx950,256,16428,7168,7168,cktile,28,0,711.0316,a8w8_blockscale_cktile_192x256x128_4x2x1_16x16x128_intrawave_0x1x0_3,2374.22,569.1,0.0
gfx950,256,16452,7168,7168,cktile,28,0,711.1461,a8w8_blockscale_cktile_192x256x128_4x2x1_16x16x128_intrawave_0x1x0_3,2377.31,569.73,0.0
gfx950,256,16536,7168,7168,cktile,11,0,718.9547,a8w8_blockscale_cktile_192x256x128_4x2x1_16x16x128_intrawave_0x1x0_1,2363.5,566.06,0.0
gfx950,256,16704,7168,7168,cktile,29,0,727.8856,a8w8_blockscale_cktile_192x256x128_4x2x1_16x16x128_intrawave_0x1x0_4,2358.21,564.08,0.0
gfx950,256,17196,7168,7168,cktile,27,0,775.3418,a8w8_blockscale_cktile_192x256x128_4x2x1_16x16x128_intrawave_0x1x0_2,2279.08,543.2,0.0
gfx950,256,17556,7168,7168,cktile,28,0,782.2228,a8w8_blockscale_cktile_192x256x128_4x2x1_16x16x128_intrawave_0x1x0_3,2306.33,548.31,0.0
gfx950,256,17584,7168,7168,cktile,29,0,783.0947,a8w8_blockscale_cktile_192x256x128_4x2x1_16x16x128_intrawave_0x1x0_4,2307.43,548.47,0.0
gfx950,256,17780,7168,7168,cktile,27,0,785.4506,a8w8_blockscale_cktile_192x256x128_4x2x1_16x16x128_intrawave_0x1x0_2,2326.16,552.19,0.0
gfx950,256,18016,7168,7168,cktile,27,0,785.3235,a8w8_blockscale_cktile_192x256x128_4x2x1_16x16x128_intrawave_0x1x0_2,2357.41,558.75,0.0
gfx950,256,18152,7168,7168,cktile,27,0,788.108,a8w8_blockscale_cktile_192x256x128_4x2x1_16x16x128_intrawave_0x1x0_2,2366.82,560.48,0.0
gfx950,256,18448,7168,7168,cktile,28,0,802.8842,a8w8_blockscale_cktile_192x256x128_4x2x1_16x16x128_intrawave_0x1x0_3,2361.14,558.1,0.0
gfx950,256,18700,7168,7168,cktile,27,0,824.0853,a8w8_blockscale_cktile_192x256x128_4x2x1_16x16x128_intrawave_0x1x0_2,2331.82,550.31,0.0
gfx950,256,18708,7168,7168,cktile,28,0,823.8823,a8w8_blockscale_cktile_192x256x128_4x2x1_16x16x128_intrawave_0x1x0_3,2333.39,550.66,0.0
gfx950,256,18996,7168,7168,cktile,27,0,845.1309,a8w8_blockscale_cktile_192x256x128_4x2x1_16x16x128_intrawave_0x1x0_2,2309.75,544.14,0.0
gfx950,256,19032,7168,7168,cktile,28,0,847.5758,a8w8_blockscale_cktile_192x256x128_4x2x1_16x16x128_intrawave_0x1x0_3,2307.45,543.48,0.0
gfx950,256,19088,7168,7168,cktile,27,0,853.8546,a8w8_blockscale_cktile_192x256x128_4x2x1_16x16x128_intrawave_0x1x0_2,2297.22,540.9,0.0
gfx950,256,19196,7168,7168,cktile,28,0,859.613,a8w8_blockscale_cktile_192x256x128_4x2x1_16x16x128_intrawave_0x1x0_3,2294.74,539.98,0.0
gfx950,256,19348,7168,7168,cktile,29,0,860.6123,a8w8_blockscale_cktile_192x256x128_4x2x1_16x16x128_intrawave_0x1x0_4,2310.23,543.15,0.0
gfx950,256,19596,7168,7168,cktile,29,0,862.5996,a8w8_blockscale_cktile_192x256x128_4x2x1_16x16x128_intrawave_0x1x0_4,2334.45,548.08,0.0
gfx950,256,19748,7168,7168,cktile,28,0,864.2802,a8w8_blockscale_cktile_192x256x128_4x2x1_16x16x128_intrawave_0x1x0_3,2347.98,550.8,0.0
gfx950,256,19844,7168,7168,cktile,29,0,867.1294,a8w8_blockscale_cktile_192x256x128_4x2x1_16x16x128_intrawave_0x1x0_4,2351.64,551.37,0.0
gfx950,256,19980,7168,7168,cktile,27,0,868.8583,a8w8_blockscale_cktile_192x256x128_4x2x1_16x16x128_intrawave_0x1x0_2,2363.05,553.63,0.0
gfx950,256,20100,7168,7168,cktile,11,0,869.2676,a8w8_blockscale_cktile_192x256x128_4x2x1_16x16x128_intrawave_0x1x0_1,2376.12,556.34,0.0
gfx950,256,20152,7168,7168,cktile,27,0,869.2233,a8w8_blockscale_cktile_192x256x128_4x2x1_16x16x128_intrawave_0x1x0_2,2382.39,557.66,0.0
gfx950,256,20176,7168,7168,cktile,29,0,871.9315,a8w8_blockscale_cktile_192x256x128_4x2x1_16x16x128_intrawave_0x1x0_4,2377.82,556.52,0.0
gfx950,256,20268,7168,7168,cktile,28,0,875.873,a8w8_blockscale_cktile_192x256x128_4x2x1_16x16x128_intrawave_0x1x0_3,2377.91,556.27,0.0
gfx950,256,20292,7168,7168,cktile,29,0,880.2371,a8w8_blockscale_cktile_192x256x128_4x2x1_16x16x128_intrawave_0x1x0_4,2368.92,554.1,0.0
gfx950,256,20400,7168,7168,cktile,11,0,886.0175,a8w8_blockscale_cktile_192x256x128_4x2x1_16x16x128_intrawave_0x1x0_1,2366.0,553.11,0.0
gfx950,256,20456,7168,7168,cktile,29,0,887.5984,a8w8_blockscale_cktile_192x256x128_4x2x1_16x16x128_intrawave_0x1x0_4,2368.26,553.48,0.0
gfx950,256,20468,7168,7168,cktile,28,0,888.383,a8w8_blockscale_cktile_192x256x128_4x2x1_16x16x128_intrawave_0x1x0_3,2367.56,553.28,0.0
gfx950,256,20480,7168,7168,cktile,11,0,888.2498,a8w8_blockscale_cktile_192x256x128_4x2x1_16x16x128_intrawave_0x1x0_1,2369.3,553.65,0.0
gfx950,256,20508,7168,7168,cktile,11,0,889.1846,a8w8_blockscale_cktile_192x256x128_4x2x1_16x16x128_intrawave_0x1x0_1,2370.05,553.75,0.0
gfx950,256,20520,7168,7168,cktile,11,0,891.7424,a8w8_blockscale_cktile_192x256x128_4x2x1_16x16x128_intrawave_0x1x0_1,2364.63,552.45,0.0
gfx950,256,20568,7168,7168,cktile,11,0,904.8196,a8w8_blockscale_cktile_192x256x128_4x2x1_16x16x128_intrawave_0x1x0_1,2335.91,545.61,0.0
gfx950,256,20600,7168,7168,cktile,11,0,907.5264,a8w8_blockscale_cktile_192x256x128_4x2x1_16x16x128_intrawave_0x1x0_1,2332.57,544.74,0.0
gfx950,256,20604,7168,7168,cktile,28,0,906.992,a8w8_blockscale_cktile_192x256x128_4x2x1_16x16x128_intrawave_0x1x0_3,2334.39,545.15,0.0
gfx950,256,20632,7168,7168,cktile,29,0,907.0801,a8w8_blockscale_cktile_192x256x128_4x2x1_16x16x128_intrawave_0x1x0_4,2337.34,545.76,0.0
gfx950,256,20644,7168,7168,cktile,28,0,905.4949,a8w8_blockscale_cktile_192x256x128_4x2x1_16x16x128_intrawave_0x1x0_3,2342.79,547.0,0.0
gfx950,256,20664,7168,7168,cktile,27,0,907.516,a8w8_blockscale_cktile_192x256x128_4x2x1_16x16x128_intrawave_0x1x0_2,2339.84,546.26,0.0
gfx950,256,20680,7168,7168,cktile,28,0,908.5515,a8w8_blockscale_cktile_192x256x128_4x2x1_16x16x128_intrawave_0x1x0_3,2338.98,546.02,0.0
gfx950,256,20696,7168,7168,cktile,29,0,909.6152,a8w8_blockscale_cktile_192x256x128_4x2x1_16x16x128_intrawave_0x1x0_4,2338.05,545.75,0.0
gfx950,256,20720,7168,7168,cktile,27,0,911.4412,a8w8_blockscale_cktile_192x256x128_4x2x1_16x16x128_intrawave_0x1x0_2,2336.08,545.23,0.0
gfx950,256,20740,7168,7168,cktile,28,0,918.5434,a8w8_blockscale_cktile_192x256x128_4x2x1_16x16x128_intrawave_0x1x0_3,2320.25,541.48,0.0
gfx950,256,20820,7168,7168,cktile,27,0,924.4252,a8w8_blockscale_cktile_192x256x128_4x2x1_16x16x128_intrawave_0x1x0_2,2314.38,539.9,0.0
gfx950,256,20824,7168,7168,cktile,11,0,923.4776,a8w8_blockscale_cktile_192x256x128_4x2x1_16x16x128_intrawave_0x1x0_1,2317.2,540.54,0.0
gfx950,256,20864,7168,7168,cktile,29,0,928.4601,a8w8_blockscale_cktile_192x256x128_4x2x1_16x16x128_intrawave_0x1x0_4,2309.19,538.57,0.0
gfx950,256,20908,7168,7168,cktile,11,0,928.0182,a8w8_blockscale_cktile_192x256x128_4x2x1_16x16x128_intrawave_0x1x0_1,2315.17,539.84,0.0
gfx950,256,20920,7168,7168,cktile,28,0,928.7016,a8w8_blockscale_cktile_192x256x128_4x2x1_16x16x128_intrawave_0x1x0_3,2314.79,539.73,0.0
gfx950,256,20932,7168,7168,cktile,29,0,928.0844,a8w8_blockscale_cktile_192x256x128_4x2x1_16x16x128_intrawave_0x1x0_4,2317.66,540.36,0.0
gfx950,256,20936,7168,7168,cktile,11,0,931.4008,a8w8_blockscale_cktile_192x256x128_4x2x1_16x16x128_intrawave_0x1x0_1,2309.85,538.53,0.0
gfx950,256,20940,7168,7168,cktile,28,0,930.2519,a8w8_blockscale_cktile_192x256x128_4x2x1_16x16x128_intrawave_0x1x0_3,2313.14,539.29,0.0
gfx950,256,20956,7168,7168,cktile,27,0,930.3487,a8w8_blockscale_cktile_192x256x128_4x2x1_16x16x128_intrawave_0x1x0_2,2314.67,539.6,0.0
gfx950,256,20964,7168,7168,cktile,27,0,933.8184,a8w8_blockscale_cktile_192x256x128_4x2x1_16x16x128_intrawave_0x1x0_2,2306.95,537.78,0.0
gfx950,256,20968,7168,7168,cktile,29,0,929.2632,a8w8_blockscale_cktile_192x256x128_4x2x1_16x16x128_intrawave_0x1x0_4,2318.7,540.51,0.0
gfx950,256,20972,7168,7168,cktile,28,0,933.0527,a8w8_blockscale_cktile_192x256x128_4x2x1_16x16x128_intrawave_0x1x0_3,2309.72,538.41,0.0
gfx950,256,20992,7168,7168,cktile,11,0,936.4601,a8w8_blockscale_cktile_192x256x128_4x2x1_16x16x128_intrawave_0x1x0_1,2303.51,536.91,0.0
gfx950,256,21016,7168,7168,cktile,28,0,933.6133,a8w8_blockscale_cktile_192x256x128_4x2x1_16x16x128_intrawave_0x1x0_3,2313.18,539.1,0.0
gfx950,256,21024,7168,7168,cktile,11,0,938.6783,a8w8_blockscale_cktile_192x256x128_4x2x1_16x16x128_intrawave_0x1x0_1,2301.57,536.37,0.0
gfx950,256,21028,7168,7168,cktile,29,0,938.1295,a8w8_blockscale_cktile_192x256x128_4x2x1_16x16x128_intrawave_0x1x0_4,2303.36,536.78,0.0
gfx950,256,21044,7168,7168,cktile,27,0,935.4426,a8w8_blockscale_cktile_192x256x128_4x2x1_16x16x128_intrawave_0x1x0_2,2311.73,538.69,0.0
gfx950,256,21080,7168,7168,cktile,28,0,937.2338,a8w8_blockscale_cktile_192x256x128_4x2x1_16x16x128_intrawave_0x1x0_3,2311.26,538.48,0.0
gfx950,256,21100,7168,7168,cktile,29,0,937.9552,a8w8_blockscale_cktile_192x256x128_4x2x1_16x16x128_intrawave_0x1x0_4,2311.67,538.53,0.0
gfx950,256,21124,7168,7168,cktile,29,0,940.4821,a8w8_blockscale_cktile_192x256x128_4x2x1_16x16x128_intrawave_0x1x0_4,2308.08,537.63,0.0
gfx950,256,21144,7168,7168,cktile,11,0,939.4222,a8w8_blockscale_cktile_192x256x128_4x2x1_16x16x128_intrawave_0x1x0_1,2312.88,538.69,0.0
gfx950,256,21180,7168,7168,cktile,28,0,939.6921,a8w8_blockscale_cktile_192x256x128_4x2x1_16x16x128_intrawave_0x1x0_3,2316.15,539.36,0.0
gfx950,256,21240,7168,7168,cktile,27,0,941.9703,a8w8_blockscale_cktile_192x256x128_4x2x1_16x16x128_intrawave_0x1x0_2,2317.09,539.43,0.0
gfx950,256,21324,7168,7168,cktile,27,0,945.0132,a8w8_blockscale_cktile_192x256x128_4x2x1_16x16x128_intrawave_0x1x0_2,2318.77,539.6,0.0
gfx950,256,21356,7168,7168,cktile,11,0,942.7291,a8w8_blockscale_cktile_192x256x128_4x2x1_16x16x128_intrawave_0x1x0_1,2327.87,541.64,0.0
gfx950,256,21368,7168,7168,cktile,27,0,943.1914,a8w8_blockscale_cktile_192x256x128_4x2x1_16x16x128_intrawave_0x1x0_2,2328.04,541.65,0.0
gfx950,256,21372,7168,7168,cktile,29,0,940.9278,a8w8_blockscale_cktile_192x256x128_4x2x1_16x16x128_intrawave_0x1x0_4,2334.08,543.04,0.0
gfx950,256,21404,7168,7168,cktile,11,0,943.7792,a8w8_blockscale_cktile_192x256x128_4x2x1_16x16x128_intrawave_0x1x0_1,2330.51,542.13,0.0
gfx950,256,21456,7168,7168,cktile,29,0,943.6936,a8w8_blockscale_cktile_192x256x128_4x2x1_16x16x128_intrawave_0x1x0_4,2336.38,543.36,0.0
gfx950,256,21504,7168,7168,cktile,27,0,942.8394,a8w8_blockscale_cktile_192x256x128_4x2x1_16x16x128_intrawave_0x1x0_2,2343.73,544.95,0.0
gfx950,256,21508,7168,7168,cktile,28,0,942.2788,a8w8_blockscale_cktile_192x256x128_4x2x1_16x16x128_intrawave_0x1x0_3,2345.56,545.37,0.0
gfx950,256,21516,7168,7168,cktile,29,0,945.5362,a8w8_blockscale_cktile_192x256x128_4x2x1_16x16x128_intrawave_0x1x0_4,2338.35,543.67,0.0
gfx950,256,21548,7168,7168,cktile,28,0,945.1691,a8w8_blockscale_cktile_192x256x128_4x2x1_16x16x128_intrawave_0x1x0_3,2342.74,544.61,0.0
gfx950,256,21616,7168,7168,cktile,27,0,944.3984,a8w8_blockscale_cktile_192x256x128_4x2x1_16x16x128_intrawave_0x1x0_2,2352.05,546.6,0.0
gfx950,256,21636,7168,7168,cktile,28,0,946.4955,a8w8_blockscale_cktile_192x256x128_4x2x1_16x16x128_intrawave_0x1x0_3,2349.01,545.85,0.0
gfx950,256,21640,7168,7168,cktile,27,0,944.6855,a8w8_blockscale_cktile_192x256x128_4x2x1_16x16x128_intrawave_0x1x0_2,2353.94,546.98,0.0
gfx950,256,21660,7168,7168,cktile,29,0,943.4215,a8w8_blockscale_cktile_192x256x128_4x2x1_16x16x128_intrawave_0x1x0_4,2359.28,548.17,0.0
gfx950,256,21684,7168,7168,cktile,11,0,947.4273,a8w8_blockscale_cktile_192x256x128_4x2x1_16x16x128_intrawave_0x1x0_1,2351.9,546.4,0.0
gfx950,256,21712,7168,7168,cktile,28,0,944.8019,a8w8_blockscale_cktile_192x256x128_4x2x1_16x16x128_intrawave_0x1x0_3,2361.48,548.55,0.0
gfx950,256,21720,7168,7168,cktile,11,0,945.0365,a8w8_blockscale_cktile_192x256x128_4x2x1_16x16x128_intrawave_0x1x0_1,2361.77,548.6,0.0
gfx950,256,21740,7168,7168,cktile,29,0,947.9032,a8w8_blockscale_cktile_192x256x128_4x2x1_16x16x128_intrawave_0x1x0_4,2356.79,547.39,0.0
gfx950,256,21752,7168,7168,cktile,11,0,949.7538,a8w8_blockscale_cktile_192x256x128_4x2x1_16x16x128_intrawave_0x1x0_1,2353.5,546.6,0.0
gfx950,256,21800,7168,7168,cktile,28,0,949.194,a8w8_blockscale_cktile_192x256x128_4x2x1_16x16x128_intrawave_0x1x0_3,2360.08,548.01,0.0
gfx950,256,21828,7168,7168,cktile,11,0,949.5695,a8w8_blockscale_cktile_192x256x128_4x2x1_16x16x128_intrawave_0x1x0_1,2362.18,548.43,0.0
gfx950,256,21900,7168,7168,cktile,27,0,945.6346,a8w8_blockscale_cktile_192x256x128_4x2x1_16x16x128_intrawave_0x1x0_2,2379.83,552.35,0.0
gfx950,256,21908,7168,7168,cktile,28,0,949.7103,a8w8_blockscale_cktile_192x256x128_4x2x1_16x16x128_intrawave_0x1x0_3,2370.49,550.16,0.0
gfx950,256,21944,7168,7168,cktile,11,0,946.7669,a8w8_blockscale_cktile_192x256x128_4x2x1_16x16x128_intrawave_0x1x0_1,2381.76,552.69,0.0
gfx950,256,21956,7168,7168,cktile,11,0,945.6437,a8w8_blockscale_cktile_192x256x128_4x2x1_16x16x128_intrawave_0x1x0_1,2385.9,553.61,0.0
gfx950,256,22088,7168,7168,cktile,29,0,953.1053,a8w8_blockscale_cktile_192x256x128_4x2x1_16x16x128_intrawave_0x1x0_4,2381.45,552.26,0.0
gfx950,256,22100,7168,7168,cktile,28,0,953.7342,a8w8_blockscale_cktile_192x256x128_4x2x1_16x16x128_intrawave_0x1x0_3,2381.17,552.16,0.0
gfx950,256,22108,7168,7168,cktile,27,0,951.2303,a8w8_blockscale_cktile_192x256x128_4x2x1_16x16x128_intrawave_0x1x0_2,2388.3,553.8,0.0
gfx950,256,22112,7168,7168,cktile,11,0,952.802,a8w8_blockscale_cktile_192x256x128_4x2x1_16x16x128_intrawave_0x1x0_1,2384.8,552.98,0.0
gfx950,256,22132,7168,7168,cktile,29,0,954.2034,a8w8_blockscale_cktile_192x256x128_4x2x1_16x16x128_intrawave_0x1x0_4,2383.45,552.61,0.0
gfx950,256,22176,7168,7168,cktile,28,0,956.4676,a8w8_blockscale_cktile_192x256x128_4x2x1_16x16x128_intrawave_0x1x0_3,2382.53,552.3,0.0
gfx950,256,22192,7168,7168,cktile,28,0,958.9144,a8w8_blockscale_cktile_192x256x128_4x2x1_16x16x128_intrawave_0x1x0_3,2378.17,551.25,0.0
gfx950,256,22196,7168,7168,cktile,27,0,959.0395,a8w8_blockscale_cktile_192x256x128_4x2x1_16x16x128_intrawave_0x1x0_2,2378.29,551.26,0.0
gfx950,256,22200,7168,7168,cktile,11,0,959.2034,a8w8_blockscale_cktile_192x256x128_4x2x1_16x16x128_intrawave_0x1x0_1,2378.31,551.26,0.0
gfx950,256,22208,7168,7168,cktile,28,0,962.2917,a8w8_blockscale_cktile_192x256x128_4x2x1_16x16x128_intrawave_0x1x0_3,2371.53,549.67,0.0
gfx950,256,22248,7168,7168,cktile,28,0,962.3735,a8w8_blockscale_cktile_192x256x128_4x2x1_16x16x128_intrawave_0x1x0_3,2375.6,550.52,0.0
gfx950,256,22256,7168,7168,cktile,29,0,962.9023,a8w8_blockscale_cktile_192x256x128_4x2x1_16x16x128_intrawave_0x1x0_4,2375.15,550.39,0.0
gfx950,256,22264,7168,7168,cktile,27,0,962.4242,a8w8_blockscale_cktile_192x256x128_4x2x1_16x16x128_intrawave_0x1x0_2,2377.18,550.84,0.0
gfx950,256,22276,7168,7168,cktile,29,0,972.2135,a8w8_blockscale_cktile_192x256x128_4x2x1_16x16x128_intrawave_0x1x0_4,2354.52,545.56,0.0
gfx950,256,22304,7168,7168,cktile,27,0,970.248,a8w8_blockscale_cktile_192x256x128_4x2x1_16x16x128_intrawave_0x1x0_2,2362.25,547.29,0.0
gfx950,256,22308,7168,7168,cktile,28,0,970.5858,a8w8_blockscale_cktile_192x256x128_4x2x1_16x16x128_intrawave_0x1x0_3,2361.85,547.19,0.0
gfx950,256,22324,7168,7168,cktile,28,0,969.7873,a8w8_blockscale_cktile_192x256x128_4x2x1_16x16x128_intrawave_0x1x0_3,2365.49,547.99,0.0
gfx950,256,22328,7168,7168,cktile,28,0,972.3078,a8w8_blockscale_cktile_192x256x128_4x2x1_16x16x128_intrawave_0x1x0_3,2359.78,546.66,0.0
gfx950,256,22344,7168,7168,cktile,28,0,975.9174,a8w8_blockscale_cktile_192x256x128_4x2x1_16x16x128_intrawave_0x1x0_3,2352.74,544.99,0.0
gfx950,256,22356,7168,7168,cktile,27,0,972.9298,a8w8_blockscale_cktile_192x256x128_4x2x1_16x16x128_intrawave_0x1x0_2,2361.23,546.93,0.0
gfx950,256,22380,7168,7168,cktile,28,0,976.408,a8w8_blockscale_cktile_192x256x128_4x2x1_16x16x128_intrawave_0x1x0_3,2355.35,545.51,0.0
gfx950,256,22432,7168,7168,cktile,11,0,973.1386,a8w8_blockscale_cktile_192x256x128_4x2x1_16x16x128_intrawave_0x1x0_1,2368.75,548.49,0.0
gfx950,256,22436,7168,7168,cktile,29,0,975.3483,a8w8_blockscale_cktile_192x256x128_4x2x1_16x16x128_intrawave_0x1x0_4,2363.81,547.34,0.0
gfx950,256,22456,7168,7168,cktile,27,0,974.8416,a8w8_blockscale_cktile_192x256x128_4x2x1_16x16x128_intrawave_0x1x0_2,2367.14,548.06,0.0
gfx950,256,22476,7168,7168,cktile,11,0,988.3473,a8w8_blockscale_cktile_192x256x128_4x2x1_16x16x128_intrawave_0x1x0_1,2336.87,541.01,0.0
gfx950,256,22492,7168,7168,cktile,27,0,986.4344,a8w8_blockscale_cktile_192x256x128_4x2x1_16x16x128_intrawave_0x1x0_2,2343.07,542.41,0.0
gfx950,256,22524,7168,7168,cktile,27,0,987.4086,a8w8_blockscale_cktile_192x256x128_4x2x1_16x16x128_intrawave_0x1x0_2,2344.09,542.57,0.0
gfx950,256,22564,7168,7168,cktile,28,0,987.3471,a8w8_blockscale_cktile_192x256x128_4x2x1_16x16x128_intrawave_0x1x0_3,2348.4,543.47,0.0
gfx950,256,22588,7168,7168,cktile,27,0,992.0821,a8w8_blockscale_cktile_192x256x128_4x2x1_16x16x128_intrawave_0x1x0_2,2339.68,541.4,0.0
gfx950,256,22604,7168,7168,cktile,28,0,990.4965,a8w8_blockscale_cktile_192x256x128_4x2x1_16x16x128_intrawave_0x1x0_3,2345.08,542.61,0.0
gfx950,256,22616,7168,7168,cktile,28,0,992.9727,a8w8_blockscale_cktile_192x256x128_4x2x1_16x16x128_intrawave_0x1x0_3,2340.48,541.52,0.0
gfx950,256,22668,7168,7168,cktile,27,0,997.1085,a8w8_blockscale_cktile_192x256x128_4x2x1_16x16x128_intrawave_0x1x0_2,2336.13,540.4,0.0
gfx950,256,22724,7168,7168,cktile,11,0,1005.5531,a8w8_blockscale_cktile_192x256x128_4x2x1_16x16x128_intrawave_0x1x0_1,2322.23,537.05,0.0
gfx950,256,22800,7168,7168,cktile,28,0,1006.1201,a8w8_blockscale_cktile_192x256x128_4x2x1_16x16x128_intrawave_0x1x0_3,2328.69,538.38,0.0
gfx950,256,22808,7168,7168,cktile,27,0,1011.1638,a8w8_blockscale_cktile_192x256x128_4x2x1_16x16x128_intrawave_0x1x0_2,2317.88,535.86,0.0
gfx950,256,22832,7168,7168,cktile,28,0,1011.254,a8w8_blockscale_cktile_192x256x128_4x2x1_16x16x128_intrawave_0x1x0_3,2320.12,536.32,0.0
gfx950,256,22852,7168,7168,cktile,28,0,1014.3787,a8w8_blockscale_cktile_192x256x128_4x2x1_16x16x128_intrawave_0x1x0_3,2315.0,535.1,0.0
gfx950,256,22880,7168,7168,cktile,27,0,1013.481,a8w8_blockscale_cktile_192x256x128_4x2x1_16x16x128_intrawave_0x1x0_2,2319.88,536.16,0.0
gfx950,256,22952,7168,7168,cktile,27,0,1017.0415,a8w8_blockscale_cktile_192x256x128_4x2x1_16x16x128_intrawave_0x1x0_2,2319.04,535.81,0.0
gfx950,256,22964,7168,7168,cktile,28,0,1016.8907,a8w8_blockscale_cktile_192x256x128_4x2x1_16x16x128_intrawave_0x1x0_3,2320.59,536.14,0.0
gfx950,256,22972,7168,7168,cktile,29,0,1017.4669,a8w8_blockscale_cktile_192x256x128_4x2x1_16x16x128_intrawave_0x1x0_4,2320.09,536.01,0.0
gfx950,256,23016,7168,7168,cktile,28,0,1019.1964,a8w8_blockscale_cktile_192x256x128_4x2x1_16x16x128_intrawave_0x1x0_3,2320.59,536.03,0.0
gfx950,256,23024,7168,7168,cktile,28,0,1021.354,a8w8_blockscale_cktile_192x256x128_4x2x1_16x16x128_intrawave_0x1x0_3,2316.49,535.06,0.0
gfx950,256,23048,7168,7168,cktile,11,0,1021.1997,a8w8_blockscale_cktile_192x256x128_4x2x1_16x16x128_intrawave_0x1x0_1,2319.26,535.65,0.0
gfx950,256,23084,7168,7168,cktile,27,0,1023.2077,a8w8_blockscale_cktile_192x256x128_4x2x1_16x16x128_intrawave_0x1x0_2,2318.32,535.35,0.0
gfx950,256,23104,7168,7168,cktile,27,0,1023.0354,a8w8_blockscale_cktile_192x256x128_4x2x1_16x16x128_intrawave_0x1x0_2,2320.72,535.86,0.0
gfx950,256,23192,7168,7168,cktile,27,0,1020.2521,a8w8_blockscale_cktile_192x256x128_4x2x1_16x16x128_intrawave_0x1x0_2,2335.91,539.18,0.0
gfx950,256,23200,7168,7168,cktile,11,0,1019.4222,a8w8_blockscale_cktile_192x256x128_4x2x1_16x16x128_intrawave_0x1x0_1,2338.62,539.79,0.0
gfx950,256,23268,7168,7168,cktile,29,0,1022.9831,a8w8_blockscale_cktile_192x256x128_4x2x1_16x16x128_intrawave_0x1x0_4,2337.31,539.34,0.0
gfx950,256,23304,7168,7168,cktile,29,0,1023.4733,a8w8_blockscale_cktile_192x256x128_4x2x1_16x16x128_intrawave_0x1x0_4,2339.81,539.84,0.0
gfx950,256,23360,7168,7168,cktile,27,0,1023.9504,a8w8_blockscale_cktile_192x256x128_4x2x1_16x16x128_intrawave_0x1x0_2,2344.34,540.76,0.0
gfx950,256,23488,7168,7168,cktile,29,0,1026.7386,a8w8_blockscale_cktile_192x256x128_4x2x1_16x16x128_intrawave_0x1x0_4,2350.78,541.97,0.0
gfx950,256,23492,7168,7168,cktile,27,0,1021.9919,a8w8_blockscale_cktile_192x256x128_4x2x1_16x16x128_intrawave_0x1x0_2,2362.1,544.58,0.0
gfx950,256,23544,7168,7168,cktile,27,0,1021.7915,a8w8_blockscale_cktile_192x256x128_4x2x1_16x16x128_intrawave_0x1x0_2,2367.79,545.78,0.0
gfx950,256,23552,7168,7168,cktile,28,0,1023.8078,a8w8_blockscale_cktile_192x256x128_4x2x1_16x16x128_intrawave_0x1x0_3,2363.93,544.87,0.0
gfx950,256,23560,7168,7168,cktile,28,0,1023.5091,a8w8_blockscale_cktile_192x256x128_4x2x1_16x16x128_intrawave_0x1x0_3,2365.43,545.2,0.0
gfx950,256,23568,7168,7168,cktile,29,0,1027.5636,a8w8_blockscale_cktile_192x256x128_4x2x1_16x16x128_intrawave_0x1x0_4,2356.89,543.21,0.0
gfx950,256,23612,7168,7168,cktile,29,0,1025.9238,a8w8_blockscale_cktile_192x256x128_4x2x1_16x16x128_intrawave_0x1x0_4,2365.07,545.0,0.0
gfx950,256,23628,7168,7168,cktile,28,0,1026.9019,a8w8_blockscale_cktile_192x256x128_4x2x1_16x16x128_intrawave_0x1x0_3,2364.42,544.82,0.0
gfx950,256,23692,7168,7168,cktile,11,0,1026.5591,a8w8_blockscale_cktile_192x256x128_4x2x1_16x16x128_intrawave_0x1x0_1,2371.61,546.34,0.0
gfx950,256,23696,7168,7168,cktile,27,0,1025.6261,a8w8_blockscale_cktile_192x256x128_4x2x1_16x16x128_intrawave_0x1x0_2,2374.17,546.92,0.0
gfx950,256,23716,7168,7168,cktile,28,0,1026.7651,a8w8_blockscale_cktile_192x256x128_4x2x1_16x16x128_intrawave_0x1x0_3,2373.54,546.74,0.0
gfx950,256,23728,7168,7168,cktile,29,0,1028.944,a8w8_blockscale_cktile_192x256x128_4x2x1_16x16x128_intrawave_0x1x0_4,2369.71,545.83,0.0
gfx950,256,23752,7168,7168,cktile,27,0,1024.8766,a8w8_blockscale_cktile_192x256x128_4x2x1_16x16x128_intrawave_0x1x0_2,2381.52,548.5,0.0
gfx950,256,23760,7168,7168,cktile,27,0,1024.0203,a8w8_blockscale_cktile_192x256x128_4x2x1_16x16x128_intrawave_0x1x0_2,2384.32,549.13,0.0
gfx950,256,23772,7168,7168,cktile,28,0,1027.9298,a8w8_blockscale_cktile_192x256x128_4x2x1_16x16x128_intrawave_0x1x0_3,2376.45,547.29,0.0
gfx950,256,23776,7168,7168,cktile,11,0,1027.3175,a8w8_blockscale_cktile_192x256x128_4x2x1_16x16x128_intrawave_0x1x0_1,2378.26,547.7,0.0
gfx950,256,23816,7168,7168,cktile,28,0,1029.6872,a8w8_blockscale_cktile_192x256x128_4x2x1_16x16x128_intrawave_0x1x0_3,2376.78,547.27,0.0
gfx950,256,23820,7168,7168,cktile,29,0,1028.6125,a8w8_blockscale_cktile_192x256x128_4x2x1_16x16x128_intrawave_0x1x0_4,2379.67,547.93,0.0
gfx950,256,23824,7168,7168,cktile,11,0,1027.3599,a8w8_blockscale_cktile_192x256x128_4x2x1_16x16x128_intrawave_0x1x0_1,2382.97,548.68,0.0
gfx950,256,23844,7168,7168,cktile,27,0,1027.9098,a8w8_blockscale_cktile_192x256x128_4x2x1_16x16x128_intrawave_0x1x0_2,2383.69,548.8,0.0
gfx950,256,23876,7168,7168,cktile,29,0,1029.4393,a8w8_blockscale_cktile_192x256x128_4x2x1_16x16x128_intrawave_0x1x0_4,2383.34,548.66,0.0
gfx950,256,23880,7168,7168,cktile,29,0,1028.3853,a8w8_blockscale_cktile_192x256x128_4x2x1_16x16x128_intrawave_0x1x0_4,2386.19,549.3,0.0
gfx950,256,23888,7168,7168,cktile,28,0,1028.2776,a8w8_blockscale_cktile_192x256x128_4x2x1_16x16x128_intrawave_0x1x0_3,2387.24,549.53,0.0
gfx950,256,23908,7168,7168,cktile,27,0,1035.6368,a8w8_blockscale_cktile_192x256x128_4x2x1_16x16x128_intrawave_0x1x0_2,2372.26,546.04,0.0
gfx950,256,23940,7168,7168,cktile,27,0,1031.7039,a8w8_blockscale_cktile_192x256x128_4x2x1_16x16x128_intrawave_0x1x0_2,2384.49,548.79,0.0
gfx950,256,23972,7168,7168,cktile,29,0,1030.8982,a8w8_blockscale_cktile_192x256x128_4x2x1_16x16x128_intrawave_0x1x0_4,2389.54,549.88,0.0
gfx950,256,23984,7168,7168,cktile,27,0,1033.5109,a8w8_blockscale_cktile_192x256x128_4x2x1_16x16x128_intrawave_0x1x0_2,2384.69,548.74,0.0
gfx950,256,24020,7168,7168,cktile,28,0,1039.27,a8w8_blockscale_cktile_192x256x128_4x2x1_16x16x128_intrawave_0x1x0_3,2375.04,546.45,0.0
gfx950,256,24028,7168,7168,cktile,11,0,1041.3311,a8w8_blockscale_cktile_192x256x128_4x2x1_16x16x128_intrawave_0x1x0_1,2371.13,545.53,0.0
gfx950,256,24064,7168,7168,cktile,29,0,1040.9541,a8w8_blockscale_cktile_192x256x128_4x2x1_16x16x128_intrawave_0x1x0_4,2375.54,546.47,0.0
gfx950,256,24068,7168,7168,cktile,29,0,1041.11,a8w8_blockscale_cktile_192x256x128_4x2x1_16x16x128_intrawave_0x1x0_4,2375.58,546.47,0.0
gfx950,256,24072,7168,7168,cktile,11,0,1039.1247,a8w8_blockscale_cktile_192x256x128_4x2x1_16x16x128_intrawave_0x1x0_1,2380.51,547.6,0.0
gfx950,256,24084,7168,7168,cktile,27,0,1040.1065,a8w8_blockscale_cktile_192x256x128_4x2x1_16x16x128_intrawave_0x1x0_2,2379.45,547.33,0.0
gfx950,256,24088,7168,7168,cktile,29,0,1040.875,a8w8_blockscale_cktile_192x256x128_4x2x1_16x16x128_intrawave_0x1x0_4,2378.09,547.01,0.0
gfx950,256,24108,7168,7168,cktile,29,0,1041.6837,a8w8_blockscale_cktile_192x256x128_4x2x1_16x16x128_intrawave_0x1x0_4,2378.22,547.0,0.0
gfx950,256,24140,7168,7168,cktile,28,0,1044.7474,a8w8_blockscale_cktile_192x256x128_4x2x1_16x16x128_intrawave_0x1x0_3,2374.39,546.05,0.0
gfx950,256,24152,7168,7168,cktile,29,0,1044.5703,a8w8_blockscale_cktile_192x256x128_4x2x1_16x16x128_intrawave_0x1x0_4,2375.97,546.39,0.0
gfx950,256,24172,7168,7168,cktile,29,0,1048.9797,a8w8_blockscale_cktile_192x256x128_4x2x1_16x16x128_intrawave_0x1x0_4,2367.94,544.51,0.0
gfx950,256,24200,7168,7168,cktile,11,0,1055.3941,a8w8_blockscale_cktile_192x256x128_4x2x1_16x16x128_intrawave_0x1x0_1,2356.28,541.77,0.0
gfx950,256,24228,7168,7168,cktile,11,0,1054.5291,a8w8_blockscale_cktile_192x256x128_4x2x1_16x16x128_intrawave_0x1x0_1,2360.94,542.78,0.0
gfx950,256,24256,7168,7168,cktile,11,0,1054.1427,a8w8_blockscale_cktile_192x256x128_4x2x1_16x16x128_intrawave_0x1x0_1,2364.54,543.55,0.0
gfx950,256,24288,7168,7168,cktile,29,0,1056.9734,a8w8_blockscale_cktile_192x256x128_4x2x1_16x16x128_intrawave_0x1x0_4,2361.31,542.75,0.0
gfx950,256,24292,7168,7168,cktile,27,0,1057.5927,a8w8_blockscale_cktile_192x256x128_4x2x1_16x16x128_intrawave_0x1x0_2,2360.32,542.51,0.0
gfx950,256,24296,7168,7168,cktile,28,0,1056.0117,a8w8_blockscale_cktile_192x256x128_4x2x1_16x16x128_intrawave_0x1x0_3,2364.24,543.4,0.0
gfx950,256,24300,7168,7168,cktile,28,0,1057.3815,a8w8_blockscale_cktile_192x256x128_4x2x1_16x16x128_intrawave_0x1x0_3,2361.57,542.78,0.0
gfx950,256,24360,7168,7168,cktile,27,0,1059.3074,a8w8_blockscale_cktile_192x256x128_4x2x1_16x16x128_intrawave_0x1x0_2,2363.1,543.01,0.0
gfx950,256,24376,7168,7168,cktile,27,0,1059.3775,a8w8_blockscale_cktile_192x256x128_4x2x1_16x16x128_intrawave_0x1x0_2,2364.49,543.3,0.0
gfx950,256,24384,7168,7168,cktile,27,0,1058.7625,a8w8_blockscale_cktile_192x256x128_4x2x1_16x16x128_intrawave_0x1x0_2,2366.64,543.78,0.0
gfx950,256,24388,7168,7168,cktile,11,0,1069.7401,a8w8_blockscale_cktile_192x256x128_4x2x1_16x16x128_intrawave_0x1x0_1,2342.74,538.28,0.0
gfx950,256,24400,7168,7168,cktile,29,0,1068.6647,a8w8_blockscale_cktile_192x256x128_4x2x1_16x16x128_intrawave_0x1x0_4,2346.25,539.06,0.0
gfx950,256,24420,7168,7168,cktile,29,0,1069.2501,a8w8_blockscale_cktile_192x256x128_4x2x1_16x16x128_intrawave_0x1x0_4,2346.89,539.17,0.0
gfx950,256,24432,7168,7168,cktile,28,0,1068.9628,a8w8_blockscale_cktile_192x256x128_4x2x1_16x16x128_intrawave_0x1x0_3,2348.67,539.56,0.0
gfx950,256,24440,7168,7168,cktile,29,0,1070.1309,a8w8_blockscale_cktile_192x256x128_4x2x1_16x16x128_intrawave_0x1x0_4,2346.88,539.13,0.0
gfx950,256,24456,7168,7168,cktile,28,0,1070.4277,a8w8_blockscale_cktile_192x256x128_4x2x1_16x16x128_intrawave_0x1x0_3,2347.76,539.3,0.0
gfx950,256,24468,7168,7168,cktile,11,0,1070.7097,a8w8_blockscale_cktile_192x256x128_4x2x1_16x16x128_intrawave_0x1x0_1,2348.3,539.4,0.0
gfx950,256,24476,7168,7168,cktile,29,0,1072.5147,a8w8_blockscale_cktile_192x256x128_4x2x1_16x16x128_intrawave_0x1x0_4,2345.11,538.65,0.0
gfx950,256,24492,7168,7168,cktile,28,0,1070.6488,a8w8_blockscale_cktile_192x256x128_4x2x1_16x16x128_intrawave_0x1x0_3,2350.73,539.91,0.0
gfx950,256,24504,7168,7168,cktile,27,0,1073.3233,a8w8_blockscale_cktile_192x256x128_4x2x1_16x16x128_intrawave_0x1x0_2,2346.02,538.81,0.0
gfx950,256,24520,7168,7168,cktile,11,0,1072.78,a8w8_blockscale_cktile_192x256x128_4x2x1_16x16x128_intrawave_0x1x0_1,2348.74,539.4,0.0
gfx950,256,24524,7168,7168,cktile,11,0,1075.3289,a8w8_blockscale_cktile_192x256x128_4x2x1_16x16x128_intrawave_0x1x0_1,2343.56,538.2,0.0
gfx950,256,24536,7168,7168,cktile,29,0,1074.0699,a8w8_blockscale_cktile_192x256x128_4x2x1_16x16x128_intrawave_0x1x0_4,2347.45,539.07,0.0
gfx950,256,24576,7168,7168,cktile,29,0,1074.5267,a8w8_blockscale_cktile_192x256x128_4x2x1_16x16x128_intrawave_0x1x0_4,2350.28,539.64,0.0
gfx950,256,24580,7168,7168,cktile,11,0,1079.5822,a8w8_blockscale_cktile_192x256x128_4x2x1_16x16x128_intrawave_0x1x0_1,2339.66,537.2,0.0
gfx950,256,24584,7168,7168,cktile,11,0,1077.8772,a8w8_blockscale_cktile_192x256x128_4x2x1_16x16x128_intrawave_0x1x0_1,2343.74,538.13,0.0
gfx950,256,24592,7168,7168,cktile,28,0,1077.2972,a8w8_blockscale_cktile_192x256x128_4x2x1_16x16x128_intrawave_0x1x0_3,2345.76,538.58,0.0
gfx950,256,24708,7168,7168,cktile,29,0,1091.6664,a8w8_blockscale_cktile_192x256x128_4x2x1_16x16x128_intrawave_0x1x0_4,2325.81,533.77,0.0
gfx950,256,24712,7168,7168,cktile,27,0,1088.9381,a8w8_blockscale_cktile_192x256x128_4x2x1_16x16x128_intrawave_0x1x0_2,2332.01,535.19,0.0
gfx950,256,24736,7168,7168,cktile,29,0,1093.7786,a8w8_blockscale_cktile_192x256x128_4x2x1_16x16x128_intrawave_0x1x0_4,2323.95,533.29,0.0
gfx950,256,24764,7168,7168,cktile,11,0,1092.2086,a8w8_blockscale_cktile_192x256x128_4x2x1_16x16x128_intrawave_0x1x0_1,2329.92,534.61,0.0
gfx950,256,24780,7168,7168,cktile,27,0,1093.6955,a8w8_blockscale_cktile_192x256x128_4x2x1_16x16x128_intrawave_0x1x0_2,2328.26,534.2,0.0
gfx950,256,24820,7168,7168,cktile,28,0,1097.74,a8w8_blockscale_cktile_192x256x128_4x2x1_16x16x128_intrawave_0x1x0_3,2323.42,533.01,0.0
gfx950,256,24824,7168,7168,cktile,28,0,1094.5247,a8w8_blockscale_cktile_192x256x128_4x2x1_16x16x128_intrawave_0x1x0_3,2330.62,534.66,0.0
gfx950,256,24892,7168,7168,cktile,28,0,1099.9411,a8w8_blockscale_cktile_192x256x128_4x2x1_16x16x128_intrawave_0x1x0_3,2325.5,533.35,0.0
gfx950,256,24932,7168,7168,cktile,11,0,1105.491,a8w8_blockscale_cktile_192x256x128_4x2x1_16x16x128_intrawave_0x1x0_1,2317.54,531.45,0.0
gfx950,256,24936,7168,7168,cktile,11,0,1101.3254,a8w8_blockscale_cktile_192x256x128_4x2x1_16x16x128_intrawave_0x1x0_1,2326.68,533.54,0.0
gfx950,256,24940,7168,7168,cktile,27,0,1099.0905,a8w8_blockscale_cktile_192x256x128_4x2x1_16x16x128_intrawave_0x1x0_2,2331.79,534.71,0.0
gfx950,256,24948,7168,7168,cktile,11,0,1104.3384,a8w8_blockscale_cktile_192x256x128_4x2x1_16x16x128_intrawave_0x1x0_1,2321.45,532.32,0.0
gfx950,256,24956,7168,7168,cktile,29,0,1100.7745,a8w8_blockscale_cktile_192x256x128_4x2x1_16x16x128_intrawave_0x1x0_4,2329.71,534.2,0.0
gfx950,256,24984,7168,7168,cktile,29,0,1101.688,a8w8_blockscale_cktile_192x256x128_4x2x1_16x16x128_intrawave_0x1x0_4,2330.39,534.3,0.0
gfx950,256,25048,7168,7168,cktile,27,0,1100.2303,a8w8_blockscale_cktile_192x256x128_4x2x1_16x16x128_intrawave_0x1x0_2,2339.46,536.26,0.0
gfx950,256,25068,7168,7168,cktile,29,0,1101.6318,a8w8_blockscale_cktile_192x256x128_4x2x1_16x16x128_intrawave_0x1x0_4,2338.35,535.97,0.0
gfx950,256,25120,7168,7168,cktile,11,0,1104.4464,a8w8_blockscale_cktile_192x256x128_4x2x1_16x16x128_intrawave_0x1x0_1,2337.23,535.62,0.0
gfx950,256,25132,7168,7168,cktile,27,0,1104.3642,a8w8_blockscale_cktile_192x256x128_4x2x1_16x16x128_intrawave_0x1x0_2,2338.52,535.89,0.0
gfx950,256,25220,7168,7168,cktile,11,0,1104.9442,a8w8_blockscale_cktile_192x256x128_4x2x1_16x16x128_intrawave_0x1x0_1,2345.47,537.32,0.0
gfx950,256,25224,7168,7168,cktile,29,0,1106.0514,a8w8_blockscale_cktile_192x256x128_4x2x1_16x16x128_intrawave_0x1x0_4,2343.5,536.86,0.0
gfx950,256,25240,7168,7168,cktile,27,0,1101.6294,a8w8_blockscale_cktile_192x256x128_4x2x1_16x16x128_intrawave_0x1x0_2,2354.4,539.33,0.0
gfx950,256,25264,7168,7168,cktile,27,0,1101.404,a8w8_blockscale_cktile_192x256x128_4x2x1_16x16x128_intrawave_0x1x0_2,2357.12,539.91,0.0
gfx950,256,25292,7168,7168,cktile,29,0,1107.1706,a8w8_blockscale_cktile_192x256x128_4x2x1_16x16x128_intrawave_0x1x0_4,2347.44,537.64,0.0
gfx950,256,25304,7168,7168,cktile,27,0,1102.9129,a8w8_blockscale_cktile_192x256x128_4x2x1_16x16x128_intrawave_0x1x0_2,2357.62,539.95,0.0
gfx950,256,25324,7168,7168,cktile,11,0,1105.8779,a8w8_blockscale_cktile_192x256x128_4x2x1_16x16x128_intrawave_0x1x0_1,2353.16,538.89,0.0
gfx950,256,25348,7168,7168,cktile,27,0,1104.8176,a8w8_blockscale_cktile_192x256x128_4x2x1_16x16x128_intrawave_0x1x0_2,2357.65,539.88,0.0
gfx950,256,25352,7168,7168,cktile,11,0,1108.8785,a8w8_blockscale_cktile_192x256x128_4x2x1_16x16x128_intrawave_0x1x0_1,2349.39,537.98,0.0
gfx950,256,25364,7168,7168,cktile,11,0,1103.8743,a8w8_blockscale_cktile_192x256x128_4x2x1_16x16x128_intrawave_0x1x0_1,2361.15,540.65,0.0
gfx950,256,25384,7168,7168,cktile,28,0,1108.6867,a8w8_blockscale_cktile_192x256x128_4x2x1_16x16x128_intrawave_0x1x0_3,2352.76,538.69,0.0
gfx950,256,25400,7168,7168,cktile,27,0,1103.3957,a8w8_blockscale_cktile_192x256x128_4x2x1_16x16x128_intrawave_0x1x0_2,2365.53,541.58,0.0
gfx950,256,25412,7168,7168,cktile,28,0,1105.6314,a8w8_blockscale_cktile_192x256x128_4x2x1_16x16x128_intrawave_0x1x0_3,2361.86,540.72,0.0
gfx950,256,25420,7168,7168,cktile,29,0,1102.7566,a8w8_blockscale_cktile_192x256x128_4x2x1_16x16x128_intrawave_0x1x0_4,2368.76,542.29,0.0
gfx950,256,25496,7168,7168,cktile,28,0,1103.3594,a8w8_blockscale_cktile_192x256x128_4x2x1_16x16x128_intrawave_0x1x0_3,2374.55,543.47,0.0
gfx950,256,25504,7168,7168,cktile,27,0,1109.2019,a8w8_blockscale_cktile_192x256x128_4x2x1_16x16x128_intrawave_0x1x0_2,2362.78,540.77,0.0
gfx950,256,25544,7168,7168,cktile,11,0,1109.7442,a8w8_blockscale_cktile_192x256x128_4x2x1_16x16x128_intrawave_0x1x0_1,2365.33,541.28,0.0
gfx950,256,25572,7168,7168,cktile,28,0,1107.7929,a8w8_blockscale_cktile_192x256x128_4x2x1_16x16x128_intrawave_0x1x0_3,2372.1,542.77,0.0
gfx950,256,25608,7168,7168,cktile,27,0,1106.0059,a8w8_blockscale_cktile_192x256x128_4x2x1_16x16x128_intrawave_0x1x0_2,2379.27,544.35,0.0
gfx950,256,25628,7168,7168,cktile,28,0,1105.9957,a8w8_blockscale_cktile_192x256x128_4x2x1_16x16x128_intrawave_0x1x0_3,2381.15,544.74,0.0
gfx950,256,25648,7168,7168,cktile,11,0,1106.088,a8w8_blockscale_cktile_192x256x128_4x2x1_16x16x128_intrawave_0x1x0_1,2382.81,545.09,0.0
gfx950,256,25672,7168,7168,cktile,28,0,1108.9872,a8w8_blockscale_cktile_192x256x128_4x2x1_16x16x128_intrawave_0x1x0_3,2378.81,544.13,0.0
gfx950,256,25692,7168,7168,cktile,27,0,1112.2824,a8w8_blockscale_cktile_192x256x128_4x2x1_16x16x128_intrawave_0x1x0_2,2373.61,542.9,0.0
gfx950,256,25744,7168,7168,cktile,27,0,1111.4694,a8w8_blockscale_cktile_192x256x128_4x2x1_16x16x128_intrawave_0x1x0_2,2380.15,544.31,0.0
gfx950,256,25780,7168,7168,cktile,29,0,1110.4511,a8w8_blockscale_cktile_192x256x128_4x2x1_16x16x128_intrawave_0x1x0_4,2385.67,545.5,0.0
gfx950,256,25884,7168,7168,cktile,28,0,1112.7965,a8w8_blockscale_cktile_192x256x128_4x2x1_16x16x128_intrawave_0x1x0_3,2390.24,546.36,0.0
gfx950,256,26040,7168,7168,cktile,11,0,1124.3906,a8w8_blockscale_cktile_192x256x128_4x2x1_16x16x128_intrawave_0x1x0_1,2379.85,543.71,0.0
gfx950,256,26048,7168,7168,cktile,11,0,1126.3269,a8w8_blockscale_cktile_192x256x128_4x2x1_16x16x128_intrawave_0x1x0_1,2376.49,542.93,0.0
gfx950,256,26080,7168,7168,cktile,29,0,1125.0186,a8w8_blockscale_cktile_192x256x128_4x2x1_16x16x128_intrawave_0x1x0_4,2382.18,544.17,0.0
gfx950,256,26096,7168,7168,cktile,29,0,1130.9933,a8w8_blockscale_cktile_192x256x128_4x2x1_16x16x128_intrawave_0x1x0_4,2371.05,541.6,0.0
gfx950,256,26100,7168,7168,cktile,29,0,1130.6527,a8w8_blockscale_cktile_192x256x128_4x2x1_16x16x128_intrawave_0x1x0_4,2372.12,541.84,0.0
gfx950,256,26136,7168,7168,cktile,29,0,1138.8293,a8w8_blockscale_cktile_192x256x128_4x2x1_16x16x128_intrawave_0x1x0_4,2358.34,538.63,0.0
gfx950,256,26184,7168,7168,cktile,11,0,1140.0162,a8w8_blockscale_cktile_192x256x128_4x2x1_16x16x128_intrawave_0x1x0_1,2360.21,538.98,0.0
gfx950,256,26196,7168,7168,cktile,27,0,1140.6516,a8w8_blockscale_cktile_192x256x128_4x2x1_16x16x128_intrawave_0x1x0_2,2359.98,538.9,0.0
gfx950,256,26228,7168,7168,cktile,28,0,1141.6772,a8w8_blockscale_cktile_192x256x128_4x2x1_16x16x128_intrawave_0x1x0_3,2360.74,539.02,0.0
gfx950,256,26236,7168,7168,cktile,11,0,1139.3285,a8w8_blockscale_cktile_192x256x128_4x2x1_16x16x128_intrawave_0x1x0_1,2366.33,540.28,0.0
gfx950,256,26288,7168,7168,cktile,29,0,1144.7204,a8w8_blockscale_cktile_192x256x128_4x2x1_16x16x128_intrawave_0x1x0_4,2359.85,538.71,0.0
gfx950,256,26312,7168,7168,cktile,28,0,1154.5139,a8w8_blockscale_cktile_192x256x128_4x2x1_16x16x128_intrawave_0x1x0_3,2341.97,534.59,0.0
gfx950,256,26320,7168,7168,cktile,11,0,1152.8389,a8w8_blockscale_cktile_192x256x128_4x2x1_16x16x128_intrawave_0x1x0_1,2346.08,535.52,0.0
gfx950,256,26332,7168,7168,cktile,11,0,1153.6955,a8w8_blockscale_cktile_192x256x128_4x2x1_16x16x128_intrawave_0x1x0_1,2345.41,535.34,0.0
gfx950,256,26336,7168,7168,cktile,27,0,1154.4647,a8w8_blockscale_cktile_192x256x128_4x2x1_16x16x128_intrawave_0x1x0_2,2344.2,535.06,0.0
gfx950,256,26388,7168,7168,cktile,29,0,1157.9498,a8w8_blockscale_cktile_192x256x128_4x2x1_16x16x128_intrawave_0x1x0_4,2341.76,534.42,0.0
gfx950,256,26396,7168,7168,cktile,27,0,1159.4646,a8w8_blockscale_cktile_192x256x128_4x2x1_16x16x128_intrawave_0x1x0_2,2339.41,533.87,0.0
gfx950,256,26412,7168,7168,cktile,27,0,1158.213,a8w8_blockscale_cktile_192x256x128_4x2x1_16x16x128_intrawave_0x1x0_2,2343.36,534.74,0.0
gfx950,256,26424,7168,7168,cktile,11,0,1158.2843,a8w8_blockscale_cktile_192x256x128_4x2x1_16x16x128_intrawave_0x1x0_1,2344.28,534.93,0.0
gfx950,256,26432,7168,7168,cktile,11,0,1159.2643,a8w8_blockscale_cktile_192x256x128_4x2x1_16x16x128_intrawave_0x1x0_1,2343.01,534.63,0.0
gfx950,256,26480,7168,7168,cktile,11,0,1159.4799,a8w8_blockscale_cktile_192x256x128_4x2x1_16x16x128_intrawave_0x1x0_1,2346.83,535.42,0.0
gfx950,256,26484,7168,7168,cktile,28,0,1161.2548,a8w8_blockscale_cktile_192x256x128_4x2x1_16x16x128_intrawave_0x1x0_3,2343.59,534.67,0.0
gfx950,256,26488,7168,7168,cktile,29,0,1165.2844,a8w8_blockscale_cktile_192x256x128_4x2x1_16x16x128_intrawave_0x1x0_4,2335.84,532.9,0.0
gfx950,256,26544,7168,7168,cktile,27,0,1170.3527,a8w8_blockscale_cktile_192x256x128_4x2x1_16x16x128_intrawave_0x1x0_2,2330.64,531.62,0.0
gfx950,256,26576,7168,7168,cktile,11,0,1168.4858,a8w8_blockscale_cktile_192x256x128_4x2x1_16x16x128_intrawave_0x1x0_1,2337.18,533.06,0.0
gfx950,256,26604,7168,7168,cktile,11,0,1169.1971,a8w8_blockscale_cktile_192x256x128_4x2x1_16x16x128_intrawave_0x1x0_1,2338.22,533.25,0.0
gfx950,256,26612,7168,7168,cktile,29,0,1172.2859,a8w8_blockscale_cktile_192x256x128_4x2x1_16x16x128_intrawave_0x1x0_4,2332.76,531.99,0.0
gfx950,256,26620,7168,7168,cktile,29,0,1168.5705,a8w8_blockscale_cktile_192x256x128_4x2x1_16x16x128_intrawave_0x1x0_4,2340.88,533.83,0.0
gfx950,256,26640,7168,7168,cktile,27,0,1171.9819,a8w8_blockscale_cktile_192x256x128_4x2x1_16x16x128_intrawave_0x1x0_2,2335.82,532.64,0.0
gfx950,256,26660,7168,7168,cktile,27,0,1173.448,a8w8_blockscale_cktile_192x256x128_4x2x1_16x16x128_intrawave_0x1x0_2,2334.65,532.34,0.0
gfx950,256,26744,7168,7168,cktile,27,0,1177.1502,a8w8_blockscale_cktile_192x256x128_4x2x1_16x16x128_intrawave_0x1x0_2,2334.64,532.2,0.0
gfx950,256,26836,7168,7168,cktile,28,0,1180.2468,a8w8_blockscale_cktile_192x256x128_4x2x1_16x16x128_intrawave_0x1x0_3,2336.53,532.48,0.0
gfx950,256,26848,7168,7168,cktile,29,0,1179.8257,a8w8_blockscale_cktile_192x256x128_4x2x1_16x16x128_intrawave_0x1x0_4,2338.41,532.89,0.0
gfx950,256,26860,7168,7168,cktile,28,0,1179.7698,a8w8_blockscale_cktile_192x256x128_4x2x1_16x16x128_intrawave_0x1x0_3,2339.56,533.14,0.0
gfx950,256,26892,7168,7168,cktile,28,0,1186.4564,a8w8_blockscale_cktile_192x256x128_4x2x1_16x16x128_intrawave_0x1x0_3,2329.15,530.71,0.0
gfx950,256,26920,7168,7168,cktile,27,0,1181.0263,a8w8_blockscale_cktile_192x256x128_4x2x1_16x16x128_intrawave_0x1x0_2,2342.29,533.66,0.0
gfx950,256,26960,7168,7168,cktile,29,0,1185.421,a8w8_blockscale_cktile_192x256x128_4x2x1_16x16x128_intrawave_0x1x0_4,2337.08,532.41,0.0
gfx950,256,27032,7168,7168,cktile,29,0,1179.5957,a8w8_blockscale_cktile_192x256x128_4x2x1_16x16x128_intrawave_0x1x0_4,2354.89,536.35,0.0
gfx950,256,27068,7168,7168,cktile,11,0,1188.2377,a8w8_blockscale_cktile_192x256x128_4x2x1_16x16x128_intrawave_0x1x0_1,2340.88,533.1,0.0
gfx950,256,27128,7168,7168,cktile,28,0,1183.279,a8w8_blockscale_cktile_192x256x128_4x2x1_16x16x128_intrawave_0x1x0_3,2355.9,536.43,0.0
gfx950,256,27136,7168,7168,cktile,11,0,1187.6603,a8w8_blockscale_cktile_192x256x128_4x2x1_16x16x128_intrawave_0x1x0_1,2347.9,534.59,0.0
gfx950,256,27180,7168,7168,cktile,29,0,1184.1428,a8w8_blockscale_cktile_192x256x128_4x2x1_16x16x128_intrawave_0x1x0_4,2358.69,536.98,0.0
gfx950,256,27184,7168,7168,cktile,27,0,1181.3942,a8w8_blockscale_cktile_192x256x128_4x2x1_16x16x128_intrawave_0x1x0_2,2364.53,538.3,0.0
gfx950,256,27200,7168,7168,cktile,29,0,1184.7534,a8w8_blockscale_cktile_192x256x128_4x2x1_16x16x128_intrawave_0x1x0_4,2359.21,537.06,0.0
gfx950,256,27248,7168,7168,cktile,27,0,1182.3472,a8w8_blockscale_cktile_192x256x128_4x2x1_16x16x128_intrawave_0x1x0_2,2368.18,539.03,0.0
gfx950,256,27252,7168,7168,cktile,28,0,1184.3096,a8w8_blockscale_cktile_192x256x128_4x2x1_16x16x128_intrawave_0x1x0_3,2364.61,538.21,0.0
gfx950,256,27340,7168,7168,cktile,27,0,1183.8002,a8w8_blockscale_cktile_192x256x128_4x2x1_16x16x128_intrawave_0x1x0_2,2373.26,540.04,0.0
gfx950,256,27368,7168,7168,cktile,29,0,1190.3233,a8w8_blockscale_cktile_192x256x128_4x2x1_16x16x128_intrawave_0x1x0_4,2362.68,537.59,0.0
gfx950,256,27392,7168,7168,cktile,27,0,1185.5178,a8w8_blockscale_cktile_192x256x128_4x2x1_16x16x128_intrawave_0x1x0_2,2374.33,540.2,0.0
gfx950,256,27424,7168,7168,cktile,29,0,1190.3214,a8w8_blockscale_cktile_192x256x128_4x2x1_16x16x128_intrawave_0x1x0_4,2367.51,538.6,0.0
gfx950,256,27476,7168,7168,cktile,28,0,1188.7531,a8w8_blockscale_cktile_192x256x128_4x2x1_16x16x128_intrawave_0x1x0_3,2375.13,540.25,0.0
gfx950,256,27484,7168,7168,cktile,29,0,1189.845,a8w8_blockscale_cktile_192x256x128_4x2x1_16x16x128_intrawave_0x1x0_4,2373.64,539.9,0.0
gfx950,256,27544,7168,7168,cktile,28,0,1188.8983,a8w8_blockscale_cktile_192x256x128_4x2x1_16x16x128_intrawave_0x1x0_3,2380.72,541.41,0.0
gfx950,256,27588,7168,7168,cktile,28,0,1186.7675,a8w8_blockscale_cktile_192x256x128_4x2x1_16x16x128_intrawave_0x1x0_3,2388.8,543.18,0.0
gfx950,256,27596,7168,7168,cktile,11,0,1197.2512,a8w8_blockscale_cktile_192x256x128_4x2x1_16x16x128_intrawave_0x1x0_1,2368.57,538.57,0.0
gfx950,256,27632,7168,7168,cktile,27,0,1185.7985,a8w8_blockscale_cktile_192x256x128_4x2x1_16x16x128_intrawave_0x1x0_2,2394.57,544.43,0.0
gfx950,256,27636,7168,7168,cktile,27,0,1187.215,a8w8_blockscale_cktile_192x256x128_4x2x1_16x16x128_intrawave_0x1x0_2,2392.06,543.85,0.0
gfx950,256,27668,7168,7168,cktile,28,0,1186.9374,a8w8_blockscale_cktile_192x256x128_4x2x1_16x16x128_intrawave_0x1x0_3,2395.39,544.56,0.0
gfx950,256,27672,7168,7168,cktile,29,0,1193.6571,a8w8_blockscale_cktile_192x256x128_4x2x1_16x16x128_intrawave_0x1x0_4,2382.25,541.56,0.0
gfx950,256,27700,7168,7168,cktile,29,0,1192.0599,a8w8_blockscale_cktile_192x256x128_4x2x1_16x16x128_intrawave_0x1x0_4,2387.85,542.79,0.0
gfx950,256,27708,7168,7168,cktile,28,0,1192.5961,a8w8_blockscale_cktile_192x256x128_4x2x1_16x16x128_intrawave_0x1x0_3,2387.47,542.69,0.0
gfx950,256,27712,7168,7168,cktile,27,0,1196.2261,a8w8_blockscale_cktile_192x256x128_4x2x1_16x16x128_intrawave_0x1x0_2,2380.57,541.12,0.0
gfx950,256,27724,7168,7168,cktile,28,0,1199.1236,a8w8_blockscale_cktile_192x256x128_4x2x1_16x16x128_intrawave_0x1x0_3,2375.84,540.03,0.0
gfx950,256,27756,7168,7168,cktile,29,0,1194.6521,a8w8_blockscale_cktile_192x256x128_4x2x1_16x16x128_intrawave_0x1x0_4,2387.49,542.62,0.0
gfx950,256,27812,7168,7168,cktile,29,0,1202.5471,a8w8_blockscale_cktile_192x256x128_4x2x1_16x16x128_intrawave_0x1x0_4,2376.6,540.06,0.0
gfx950,256,27848,7168,7168,cktile,29,0,1199.497,a8w8_blockscale_cktile_192x256x128_4x2x1_16x16x128_intrawave_0x1x0_4,2385.73,542.08,0.0
gfx950,256,27888,7168,7168,cktile,27,0,1206.1398,a8w8_blockscale_cktile_192x256x128_4x2x1_16x16x128_intrawave_0x1x0_2,2376.0,539.81,0.0
gfx950,256,27900,7168,7168,cktile,27,0,1206.485,a8w8_blockscale_cktile_192x256x128_4x2x1_16x16x128_intrawave_0x1x0_2,2376.34,539.87,0.0
gfx950,256,27912,7168,7168,cktile,11,0,1205.4275,a8w8_blockscale_cktile_192x256x128_4x2x1_16x16x128_intrawave_0x1x0_1,2379.45,540.56,0.0
gfx950,256,27916,7168,7168,cktile,28,0,1205.0171,a8w8_blockscale_cktile_192x256x128_4x2x1_16x16x128_intrawave_0x1x0_3,2380.6,540.81,0.0
gfx950,256,27944,7168,7168,cktile,28,0,1209.9923,a8w8_blockscale_cktile_192x256x128_4x2x1_16x16x128_intrawave_0x1x0_3,2373.19,539.08,0.0
gfx950,256,27964,7168,7168,cktile,11,0,1210.6699,a8w8_blockscale_cktile_192x256x128_4x2x1_16x16x128_intrawave_0x1x0_1,2373.56,539.14,0.0
gfx950,256,28076,7168,7168,cktile,11,0,1221.283,a8w8_blockscale_cktile_192x256x128_4x2x1_16x16x128_intrawave_0x1x0_1,2362.35,536.42,0.0
gfx950,256,28096,7168,7168,cktile,11,0,1221.7079,a8w8_blockscale_cktile_192x256x128_4x2x1_16x16x128_intrawave_0x1x0_1,2363.21,536.59,0.0
gfx950,256,28112,7168,7168,cktile,29,0,1226.2495,a8w8_blockscale_cktile_192x256x128_4x2x1_16x16x128_intrawave_0x1x0_4,2355.8,534.88,0.0
gfx950,256,28156,7168,7168,cktile,29,0,1225.9982,a8w8_blockscale_cktile_192x256x128_4x2x1_16x16x128_intrawave_0x1x0_4,2359.97,535.76,0.0
gfx950,256,28188,7168,7168,cktile,27,0,1230.2458,a8w8_blockscale_cktile_192x256x128_4x2x1_16x16x128_intrawave_0x1x0_2,2354.5,534.47,0.0
gfx950,256,28292,7168,7168,cktile,28,0,1239.0893,a8w8_blockscale_cktile_192x256x128_4x2x1_16x16x128_intrawave_0x1x0_3,2346.32,532.46,0.0
gfx950,256,28300,7168,7168,cktile,29,0,1238.1848,a8w8_blockscale_cktile_192x256x128_4x2x1_16x16x128_intrawave_0x1x0_4,2348.7,532.99,0.0
gfx950,256,28320,7168,7168,cktile,29,0,1239.3481,a8w8_blockscale_cktile_192x256x128_4x2x1_16x16x128_intrawave_0x1x0_4,2348.15,532.84,0.0
gfx950,256,28352,7168,7168,cktile,27,0,1237.3613,a8w8_blockscale_cktile_192x256x128_4x2x1_16x16x128_intrawave_0x1x0_2,2354.58,534.25,0.0
gfx950,256,28380,7168,7168,cktile,11,0,1240.5525,a8w8_blockscale_cktile_192x256x128_4x2x1_16x16x128_intrawave_0x1x0_1,2350.84,533.36,0.0
gfx950,256,28384,7168,7168,cktile,27,0,1241.0827,a8w8_blockscale_cktile_192x256x128_4x2x1_16x16x128_intrawave_0x1x0_2,2350.17,533.2,0.0
gfx950,256,28392,7168,7168,cktile,28,0,1243.8315,a8w8_blockscale_cktile_192x256x128_4x2x1_16x16x128_intrawave_0x1x0_3,2345.63,532.16,0.0
gfx950,256,28512,7168,7168,cktile,28,0,1255.3285,a8w8_blockscale_cktile_192x256x128_4x2x1_16x16x128_intrawave_0x1x0_3,2333.98,529.35,0.0
gfx950,256,28524,7168,7168,cktile,11,0,1251.2763,a8w8_blockscale_cktile_192x256x128_4x2x1_16x16x128_intrawave_0x1x0_1,2342.52,531.27,0.0
gfx950,256,28556,7168,7168,cktile,27,0,1252.6271,a8w8_blockscale_cktile_192x256x128_4x2x1_16x16x128_intrawave_0x1x0_2,2342.62,531.24,0.0
gfx950,256,28584,7168,7168,cktile,28,0,1253.1888,a8w8_blockscale_cktile_192x256x128_4x2x1_16x16x128_intrawave_0x1x0_3,2343.86,531.48,0.0
gfx950,256,28592,7168,7168,cktile,27,0,1257.6314,a8w8_blockscale_cktile_192x256x128_4x2x1_16x16x128_intrawave_0x1x0_2,2336.24,529.74,0.0
gfx950,256,28612,7168,7168,cktile,27,0,1250.8677,a8w8_blockscale_cktile_192x256x128_4x2x1_16x16x128_intrawave_0x1x0_2,2350.51,532.95,0.0
gfx950,256,28644,7168,7168,cktile,27,0,1257.6533,a8w8_blockscale_cktile_192x256x128_4x2x1_16x16x128_intrawave_0x1x0_2,2340.45,530.62,0.0
gfx950,256,28680,7168,7168,cktile,27,0,1254.967,a8w8_blockscale_cktile_192x256x128_4x2x1_16x16x128_intrawave_0x1x0_2,2348.4,532.38,0.0
gfx950,256,28696,7168,7168,cktile,27,0,1256.7256,a8w8_blockscale_cktile_192x256x128_4x2x1_16x16x128_intrawave_0x1x0_2,2346.43,531.91,0.0
gfx950,256,28732,7168,7168,cktile,11,0,1253.158,a8w8_blockscale_cktile_192x256x128_4x2x1_16x16x128_intrawave_0x1x0_1,2356.06,534.04,0.0
gfx950,256,28752,7168,7168,cktile,27,0,1254.8773,a8w8_blockscale_cktile_192x256x128_4x2x1_16x16x128_intrawave_0x1x0_2,2354.47,533.65,0.0
gfx950,256,28764,7168,7168,cktile,11,0,1256.0375,a8w8_blockscale_cktile_192x256x128_4x2x1_16x16x128_intrawave_0x1x0_1,2353.27,533.36,0.0
gfx950,256,28780,7168,7168,cktile,28,0,1256.3164,a8w8_blockscale_cktile_192x256x128_4x2x1_16x16x128_intrawave_0x1x0_3,2354.06,533.52,0.0
gfx950,256,28836,7168,7168,cktile,28,0,1258.8792,a8w8_blockscale_cktile_192x256x128_4x2x1_16x16x128_intrawave_0x1x0_3,2353.84,533.39,0.0
gfx950,256,28852,7168,7168,cktile,28,0,1260.6811,a8w8_blockscale_cktile_192x256x128_4x2x1_16x16x128_intrawave_0x1x0_3,2351.78,532.9,0.0
gfx950,256,28864,7168,7168,cktile,27,0,1258.8984,a8w8_blockscale_cktile_192x256x128_4x2x1_16x16x128_intrawave_0x1x0_2,2356.09,533.86,0.0
gfx950,256,28872,7168,7168,cktile,29,0,1259.2255,a8w8_blockscale_cktile_192x256x128_4x2x1_16x16x128_intrawave_0x1x0_4,2356.13,533.85,0.0
gfx950,256,28880,7168,7168,cktile,11,0,1260.4993,a8w8_blockscale_cktile_192x256x128_4x2x1_16x16x128_intrawave_0x1x0_1,2354.4,533.45,0.0
gfx950,256,28900,7168,7168,cktile,27,0,1264.1715,a8w8_blockscale_cktile_192x256x128_4x2x1_16x16x128_intrawave_0x1x0_2,2349.19,532.24,0.0
gfx950,256,28912,7168,7168,cktile,28,0,1268.9163,a8w8_blockscale_cktile_192x256x128_4x2x1_16x16x128_intrawave_0x1x0_3,2341.38,530.46,0.0
gfx950,256,29068,7168,7168,cktile,27,0,1266.9387,a8w8_blockscale_cktile_192x256x128_4x2x1_16x16x128_intrawave_0x1x0_2,2357.68,533.93,0.0
gfx950,256,29100,7168,7168,cktile,28,0,1269.9236,a8w8_blockscale_cktile_192x256x128_4x2x1_16x16x128_intrawave_0x1x0_3,2354.73,533.22,0.0
gfx950,256,29192,7168,7168,cktile,27,0,1266.2162,a8w8_blockscale_cktile_192x256x128_4x2x1_16x16x128_intrawave_0x1x0_2,2369.09,536.34,0.0
gfx950,256,29276,7168,7168,cktile,11,0,1269.4995,a8w8_blockscale_cktile_192x256x128_4x2x1_16x16x128_intrawave_0x1x0_1,2369.76,536.38,0.0
gfx950,256,29320,7168,7168,cktile,11,0,1274.0718,a8w8_blockscale_cktile_192x256x128_4x2x1_16x16x128_intrawave_0x1x0_1,2364.81,535.2,0.0
gfx950,256,29328,7168,7168,cktile,27,0,1268.8446,a8w8_blockscale_cktile_192x256x128_4x2x1_16x16x128_intrawave_0x1x0_2,2375.2,537.54,0.0
gfx950,256,29344,7168,7168,cktile,29,0,1272.4843,a8w8_blockscale_cktile_192x256x128_4x2x1_16x16x128_intrawave_0x1x0_4,2369.7,536.27,0.0
gfx950,256,29396,7168,7168,cktile,11,0,1275.9698,a8w8_blockscale_cktile_192x256x128_4x2x1_16x16x128_intrawave_0x1x0_1,2367.41,535.68,0.0
gfx950,256,29508,7168,7168,cktile,11,0,1271.2004,a8w8_blockscale_cktile_192x256x128_4x2x1_16x16x128_intrawave_0x1x0_1,2385.35,539.58,0.0
gfx950,256,29540,7168,7168,cktile,28,0,1271.3217,a8w8_blockscale_cktile_192x256x128_4x2x1_16x16x128_intrawave_0x1x0_3,2387.71,540.07,0.0
gfx950,256,29572,7168,7168,cktile,29,0,1274.7322,a8w8_blockscale_cktile_192x256x128_4x2x1_16x16x128_intrawave_0x1x0_4,2383.9,539.17,0.0
gfx950,256,29616,7168,7168,cktile,11,0,1277.9384,a8w8_blockscale_cktile_192x256x128_4x2x1_16x16x128_intrawave_0x1x0_1,2381.46,538.56,0.0
gfx950,256,29684,7168,7168,cktile,27,0,1279.9311,a8w8_blockscale_cktile_192x256x128_4x2x1_16x16x128_intrawave_0x1x0_2,2383.21,538.86,0.0
gfx950,256,29788,7168,7168,cktile,29,0,1288.5605,a8w8_blockscale_cktile_192x256x128_4x2x1_16x16x128_intrawave_0x1x0_4,2375.54,536.99,0.0
gfx950,256,29820,7168,7168,cktile,28,0,1294.6765,a8w8_blockscale_cktile_192x256x128_4x2x1_16x16x128_intrawave_0x1x0_3,2366.86,534.98,0.0
gfx950,256,29860,7168,7168,cktile,27,0,1293.1337,a8w8_blockscale_cktile_192x256x128_4x2x1_16x16x128_intrawave_0x1x0_2,2372.86,536.29,0.0
gfx950,256,29888,7168,7168,cktile,11,0,1294.4242,a8w8_blockscale_cktile_192x256x128_4x2x1_16x16x128_intrawave_0x1x0_1,2372.72,536.22,0.0
gfx950,256,29892,7168,7168,cktile,27,0,1294.823,a8w8_blockscale_cktile_192x256x128_4x2x1_16x16x128_intrawave_0x1x0_2,2372.31,536.12,0.0
gfx950,256,29916,7168,7168,cktile,29,0,1293.1447,a8w8_blockscale_cktile_192x256x128_4x2x1_16x16x128_intrawave_0x1x0_4,2377.29,537.21,0.0
gfx950,256,29928,7168,7168,cktile,28,0,1293.2305,a8w8_blockscale_cktile_192x256x128_4x2x1_16x16x128_intrawave_0x1x0_3,2378.09,537.38,0.0
gfx950,256,29948,7168,7168,cktile,29,0,1295.2735,a8w8_blockscale_cktile_192x256x128_4x2x1_16x16x128_intrawave_0x1x0_4,2375.92,536.86,0.0
gfx950,256,29964,7168,7168,cktile,27,0,1307.1322,a8w8_blockscale_cktile_192x256x128_4x2x1_16x16x128_intrawave_0x1x0_2,2355.63,532.25,0.0
gfx950,256,29980,7168,7168,cktile,28,0,1305.4788,a8w8_blockscale_cktile_192x256x128_4x2x1_16x16x128_intrawave_0x1x0_3,2359.87,533.19,0.0
gfx950,256,30008,7168,7168,cktile,29,0,1303.0732,a8w8_blockscale_cktile_192x256x128_4x2x1_16x16x128_intrawave_0x1x0_4,2366.43,534.64,0.0
gfx950,256,30020,7168,7168,cktile,29,0,1303.5452,a8w8_blockscale_cktile_192x256x128_4x2x1_16x16x128_intrawave_0x1x0_4,2366.52,534.64,0.0
gfx950,256,30032,7168,7168,cktile,11,0,1306.5678,a8w8_blockscale_cktile_192x256x128_4x2x1_16x16x128_intrawave_0x1x0_1,2361.99,533.6,0.0
gfx950,256,30044,7168,7168,cktile,29,0,1304.5286,a8w8_blockscale_cktile_192x256x128_4x2x1_16x16x128_intrawave_0x1x0_4,2366.63,534.63,0.0
gfx950,256,30056,7168,7168,cktile,27,0,1307.1087,a8w8_blockscale_cktile_192x256x128_4x2x1_16x16x128_intrawave_0x1x0_2,2362.9,533.78,0.0
gfx950,256,30136,7168,7168,cktile,11,0,1312.9402,a8w8_blockscale_cktile_192x256x128_4x2x1_16x16x128_intrawave_0x1x0_1,2358.67,532.72,0.0
gfx950,256,30172,7168,7168,cktile,28,0,1319.0795,a8w8_blockscale_cktile_192x256x128_4x2x1_16x16x128_intrawave_0x1x0_3,2350.49,530.82,0.0
gfx950,256,30216,7168,7168,cktile,29,0,1324.9524,a8w8_blockscale_cktile_192x256x128_4x2x1_16x16x128_intrawave_0x1x0_4,2343.49,529.19,0.0
gfx950,256,30232,7168,7168,cktile,28,0,1324.4941,a8w8_blockscale_cktile_192x256x128_4x2x1_16x16x128_intrawave_0x1x0_3,2345.54,529.63,0.0
gfx950,256,30268,7168,7168,cktile,28,0,1327.1329,a8w8_blockscale_cktile_192x256x128_4x2x1_16x16x128_intrawave_0x1x0_3,2343.66,529.16,0.0
gfx950,256,30276,7168,7168,cktile,29,0,1327.9643,a8w8_blockscale_cktile_192x256x128_4x2x1_16x16x128_intrawave_0x1x0_4,2342.82,528.96,0.0
gfx950,256,30332,7168,7168,cktile,28,0,1329.2377,a8w8_blockscale_cktile_192x256x128_4x2x1_16x16x128_intrawave_0x1x0_3,2344.9,529.36,0.0
gfx950,256,30460,7168,7168,cktile,28,0,1341.5569,a8w8_blockscale_cktile_192x256x128_4x2x1_16x16x128_intrawave_0x1x0_3,2333.17,526.55,0.0
gfx950,256,30488,7168,7168,cktile,27,0,1342.4139,a8w8_blockscale_cktile_192x256x128_4x2x1_16x16x128_intrawave_0x1x0_2,2333.83,526.66,0.0
gfx950,256,30524,7168,7168,cktile,29,0,1345.2046,a8w8_blockscale_cktile_192x256x128_4x2x1_16x16x128_intrawave_0x1x0_4,2331.73,526.14,0.0
gfx950,256,30540,7168,7168,cktile,28,0,1341.0309,a8w8_blockscale_cktile_192x256x128_4x2x1_16x16x128_intrawave_0x1x0_3,2340.22,528.04,0.0
gfx950,256,30628,7168,7168,cktile,29,0,1344.9944,a8w8_blockscale_cktile_192x256x128_4x2x1_16x16x128_intrawave_0x1x0_4,2340.04,527.89,0.0
gfx950,256,30648,7168,7168,cktile,28,0,1339.1351,a8w8_blockscale_cktile_192x256x128_4x2x1_16x16x128_intrawave_0x1x0_3,2351.82,530.52,0.0
gfx950,256,30864,7168,7168,cktile,11,0,1345.0775,a8w8_blockscale_cktile_192x256x128_4x2x1_16x16x128_intrawave_0x1x0_1,2357.93,531.63,0.0
gfx950,256,30872,7168,7168,cktile,27,0,1347.1841,a8w8_blockscale_cktile_192x256x128_4x2x1_16x16x128_intrawave_0x1x0_2,2354.85,530.92,0.0
gfx950,256,30876,7168,7168,cktile,28,0,1343.7884,a8w8_blockscale_cktile_192x256x128_4x2x1_16x16x128_intrawave_0x1x0_3,2361.11,532.33,0.0
gfx950,256,30892,7168,7168,cktile,29,0,1345.42,a8w8_blockscale_cktile_192x256x128_4x2x1_16x16x128_intrawave_0x1x0_4,2359.47,531.94,0.0
gfx950,256,30952,7168,7168,cktile,27,0,1350.4383,a8w8_blockscale_cktile_192x256x128_4x2x1_16x16x128_intrawave_0x1x0_2,2355.27,530.92,0.0
gfx950,256,30980,7168,7168,cktile,29,0,1346.8062,a8w8_blockscale_cktile_192x256x128_4x2x1_16x16x128_intrawave_0x1x0_4,2363.75,532.8,0.0
gfx950,256,30996,7168,7168,cktile,11,0,1351.7685,a8w8_blockscale_cktile_192x256x128_4x2x1_16x16x128_intrawave_0x1x0_1,2356.29,531.1,0.0
gfx950,256,31016,7168,7168,cktile,29,0,1349.0221,a8w8_blockscale_cktile_192x256x128_4x2x1_16x16x128_intrawave_0x1x0_4,2362.61,532.5,0.0
gfx950,256,31028,7168,7168,cktile,29,0,1348.9516,a8w8_blockscale_cktile_192x256x128_4x2x1_16x16x128_intrawave_0x1x0_4,2363.65,532.71,0.0
gfx950,256,31076,7168,7168,cktile,11,0,1347.217,a8w8_blockscale_cktile_192x256x128_4x2x1_16x16x128_intrawave_0x1x0_1,2370.36,534.17,0.0
gfx950,256,31096,7168,7168,cktile,28,0,1349.5464,a8w8_blockscale_cktile_192x256x128_4x2x1_16x16x128_intrawave_0x1x0_3,2367.79,533.56,0.0
gfx950,256,31108,7168,7168,cktile,27,0,1347.9925,a8w8_blockscale_cktile_192x256x128_4x2x1_16x16x128_intrawave_0x1x0_2,2371.43,534.37,0.0
gfx950,256,31232,7168,7168,cktile,11,0,1351.3801,a8w8_blockscale_cktile_192x256x128_4x2x1_16x16x128_intrawave_0x1x0_1,2374.92,535.0,0.0
gfx950,256,31256,7168,7168,cktile,28,0,1349.2032,a8w8_blockscale_cktile_192x256x128_4x2x1_16x16x128_intrawave_0x1x0_3,2380.58,536.25,0.0
gfx950,256,31260,7168,7168,cktile,27,0,1349.5196,a8w8_blockscale_cktile_192x256x128_4x2x1_16x16x128_intrawave_0x1x0_2,2380.32,536.19,0.0
gfx950,256,31388,7168,7168,cktile,29,0,1347.301,a8w8_blockscale_cktile_192x256x128_4x2x1_16x16x128_intrawave_0x1x0_4,2394.0,539.11,0.0
gfx950,256,31400,7168,7168,cktile,29,0,1346.7479,a8w8_blockscale_cktile_192x256x128_4x2x1_16x16x128_intrawave_0x1x0_4,2395.9,539.53,0.0
gfx950,256,31404,7168,7168,cktile,29,0,1349.0028,a8w8_blockscale_cktile_192x256x128_4x2x1_16x16x128_intrawave_0x1x0_4,2392.2,538.69,0.0
gfx950,256,31420,7168,7168,cktile,27,0,1349.9362,a8w8_blockscale_cktile_192x256x128_4x2x1_16x16x128_intrawave_0x1x0_2,2391.77,538.57,0.0
gfx950,256,31464,7168,7168,cktile,11,0,1353.2736,a8w8_blockscale_cktile_192x256x128_4x2x1_16x16x128_intrawave_0x1x0_1,2389.21,537.94,0.0
gfx950,256,31528,7168,7168,cktile,28,0,1360.4438,a8w8_blockscale_cktile_192x256x128_4x2x1_16x16x128_intrawave_0x1x0_3,2381.45,536.12,0.0
gfx950,256,31584,7168,7168,cktile,27,0,1363.1102,a8w8_blockscale_cktile_192x256x128_4x2x1_16x16x128_intrawave_0x1x0_2,2381.02,535.95,0.0
gfx950,256,31648,7168,7168,cktile,28,0,1367.3274,a8w8_blockscale_cktile_192x256x128_4x2x1_16x16x128_intrawave_0x1x0_3,2378.48,535.31,0.0
gfx950,256,31704,7168,7168,cktile,29,0,1371.2237,a8w8_blockscale_cktile_192x256x128_4x2x1_16x16x128_intrawave_0x1x0_4,2375.92,534.66,0.0
gfx950,256,31716,7168,7168,cktile,11,0,1369.2116,a8w8_blockscale_cktile_192x256x128_4x2x1_16x16x128_intrawave_0x1x0_1,2380.31,535.64,0.0
gfx950,256,31732,7168,7168,cktile,27,0,1371.9895,a8w8_blockscale_cktile_192x256x128_4x2x1_16x16x128_intrawave_0x1x0_2,2376.69,534.8,0.0
gfx950,256,31760,7168,7168,cktile,27,0,1371.4974,a8w8_blockscale_cktile_192x256x128_4x2x1_16x16x128_intrawave_0x1x0_2,2379.64,535.43,0.0
gfx950,256,31764,7168,7168,cktile,28,0,1375.5074,a8w8_blockscale_cktile_192x256x128_4x2x1_16x16x128_intrawave_0x1x0_3,2373.0,533.94,0.0
gfx950,256,31812,7168,7168,cktile,28,0,1379.2949,a8w8_blockscale_cktile_192x256x128_4x2x1_16x16x128_intrawave_0x1x0_3,2370.06,533.22,0.0
gfx950,256,31840,7168,7168,cktile,29,0,1381.7843,a8w8_blockscale_cktile_192x256x128_4x2x1_16x16x128_intrawave_0x1x0_4,2367.88,532.69,0.0
gfx950,256,31844,7168,7168,cktile,27,0,1385.1523,a8w8_blockscale_cktile_192x256x128_4x2x1_16x16x128_intrawave_0x1x0_2,2362.41,531.46,0.0
gfx950,256,31856,7168,7168,cktile,11,0,1380.8982,a8w8_blockscale_cktile_192x256x128_4x2x1_16x16x128_intrawave_0x1x0_1,2370.59,533.28,0.0
gfx950,256,31888,7168,7168,cktile,28,0,1391.5737,a8w8_blockscale_cktile_192x256x128_4x2x1_16x16x128_intrawave_0x1x0_3,2354.76,529.69,0.0
gfx950,256,32048,7168,7168,cktile,29,0,1394.7285,a8w8_blockscale_cktile_192x256x128_4x2x1_16x16x128_intrawave_0x1x0_4,2361.22,530.96,0.0
gfx950,256,32092,7168,7168,cktile,29,0,1404.573,a8w8_blockscale_cktile_192x256x128_4x2x1_16x16x128_intrawave_0x1x0_4,2347.89,527.91,0.0
gfx950,256,32132,7168,7168,cktile,29,0,1406.4749,a8w8_blockscale_cktile_192x256x128_4x2x1_16x16x128_intrawave_0x1x0_4,2347.64,527.81,0.0
gfx950,256,32160,7168,7168,cktile,11,0,1407.8681,a8w8_blockscale_cktile_192x256x128_4x2x1_16x16x128_intrawave_0x1x0_1,2347.36,527.71,0.0
gfx950,256,32176,7168,7168,cktile,27,0,1410.6091,a8w8_blockscale_cktile_192x256x128_4x2x1_16x16x128_intrawave_0x1x0_2,2343.97,526.93,0.0
gfx950,256,32208,7168,7168,cktile,27,0,1413.7916,a8w8_blockscale_cktile_192x256x128_4x2x1_16x16x128_intrawave_0x1x0_2,2341.02,526.23,0.0
gfx950,256,32240,7168,7168,cktile,27,0,1413.3272,a8w8_blockscale_cktile_192x256x128_4x2x1_16x16x128_intrawave_0x1x0_2,2344.11,526.89,0.0
gfx950,256,32316,7168,7168,cktile,28,0,1418.3187,a8w8_blockscale_cktile_192x256x128_4x2x1_16x16x128_intrawave_0x1x0_3,2341.37,526.19,0.0
gfx950,256,32340,7168,7168,cktile,28,0,1416.9262,a8w8_blockscale_cktile_192x256x128_4x2x1_16x16x128_intrawave_0x1x0_3,2345.41,527.07,0.0
gfx950,256,32348,7168,7168,cktile,28,0,1417.4422,a8w8_blockscale_cktile_192x256x128_4x2x1_16x16x128_intrawave_0x1x0_3,2345.14,527.0,0.0
gfx950,256,32392,7168,7168,cktile,11,0,1421.5638,a8w8_blockscale_cktile_192x256x128_4x2x1_16x16x128_intrawave_0x1x0_1,2341.52,526.14,0.0
gfx950,256,32428,7168,7168,cktile,27,0,1420.3089,a8w8_blockscale_cktile_192x256x128_4x2x1_16x16x128_intrawave_0x1x0_2,2346.19,527.15,0.0
gfx950,256,32444,7168,7168,cktile,27,0,1424.9009,a8w8_blockscale_cktile_192x256x128_4x2x1_16x16x128_intrawave_0x1x0_2,2339.78,525.69,0.0
gfx950,256,32460,7168,7168,cktile,28,0,1423.1225,a8w8_blockscale_cktile_192x256x128_4x2x1_16x16x128_intrawave_0x1x0_3,2343.86,526.59,0.0
gfx950,256,32508,7168,7168,cktile,27,0,1422.2813,a8w8_blockscale_cktile_192x256x128_4x2x1_16x16x128_intrawave_0x1x0_2,2348.72,527.63,0.0
gfx950,256,32604,7168,7168,cktile,11,0,1420.9534,a8w8_blockscale_cktile_192x256x128_4x2x1_16x16x128_intrawave_0x1x0_1,2357.85,529.57,0.0
gfx950,256,32632,7168,7168,cktile,29,0,1421.9201,a8w8_blockscale_cktile_192x256x128_4x2x1_16x16x128_intrawave_0x1x0_4,2358.28,529.64,0.0
gfx950,256,32692,7168,7168,cktile,28,0,1418.5029,a8w8_blockscale_cktile_192x256x128_4x2x1_16x16x128_intrawave_0x1x0_3,2368.3,531.82,0.0
gfx950,256,32744,7168,7168,cktile,28,0,1420.2248,a8w8_blockscale_cktile_192x256x128_4x2x1_16x16x128_intrawave_0x1x0_3,2369.19,531.96,0.0
gfx950,256,272,16160,7168,cktile,29,0,78.0103,a8w8_blockscale_cktile_192x256x128_4x2x1_16x16x128_intrawave_0x1x0_4,807.77,1622.55,0.0
gfx950,256,288,16160,7168,cktile,29,0,78.6825,a8w8_blockscale_cktile_192x256x128_4x2x1_16x16x128_intrawave_0x1x0_4,847.98,1616.72,0.0
gfx950,256,304,16160,7168,cktile,11,0,78.7932,a8w8_blockscale_cktile_192x256x128_4x2x1_16x16x128_intrawave_0x1x0_1,893.83,1622.47,0.0
gfx950,256,320,16160,7168,cktile,28,0,78.1339,a8w8_blockscale_cktile_192x256x128_4x2x1_16x16x128_intrawave_0x1x0_3,948.81,1644.24,0.0
gfx950,256,336,16160,7168,cktile,28,0,78.91,a8w8_blockscale_cktile_192x256x128_4x2x1_16x16x128_intrawave_0x1x0_3,986.45,1636.08,0.0
gfx950,256,352,16160,7168,cktile,27,0,78.1155,a8w8_blockscale_cktile_192x256x128_4x2x1_16x16x128_intrawave_0x1x0_2,1043.94,1660.81,0.0
gfx950,256,368,16160,7168,cktile,11,0,79.3372,a8w8_blockscale_cktile_192x256x128_4x2x1_16x16x128_intrawave_0x1x0_1,1074.58,1643.19,0.0
gfx950,256,24,65536,1536,cktile,30,0,23.4474,a8w8_blockscale_cktile_192x256x128_4x2x1_16x16x128_intrawave_0x1x0_2_aqrm,206.07,4428.89,0.0
gfx950,256,40,65536,1536,cktile,32,0,23.8189,a8w8_blockscale_cktile_192x256x128_4x2x1_16x16x128_intrawave_0x1x0_4_aqrm,338.1,4448.89,0.0
gfx950,256,72,65536,1536,cktile,30,0,24.3584,a8w8_blockscale_cktile_192x256x128_4x2x1_16x16x128_intrawave_0x1x0_2_aqrm,595.09,4524.56,0.0
gfx950,256,80,65536,1536,cktile,12,0,24.4462,a8w8_blockscale_cktile_192x256x128_4x2x1_16x16x128_intrawave_0x1x0_1_aqrm,658.84,4551.71,0.0
gfx950,256,88,65536,1536,cktile,30,0,24.7071,a8w8_blockscale_cktile_192x256x128_4x2x1_16x16x128_intrawave_0x1x0_2_aqrm,717.07,4546.58,0.0
gfx950,256,96,65536,1536,cktile,32,0,24.9831,a8w8_blockscale_cktile_192x256x128_4x2x1_16x16x128_intrawave_0x1x0_4_aqrm,773.62,4538.81,0.0
gfx950,256,104,65536,1536,cktile,31,0,24.9296,a8w8_blockscale_cktile_192x256x128_4x2x1_16x16x128_intrawave_0x1x0_3_aqrm,839.88,4591.11,0.0
gfx950,256,112,65536,1536,cktile,32,0,25.4909,a8w8_blockscale_cktile_192x256x128_4x2x1_16x16x128_intrawave_0x1x0_4_aqrm,884.57,4531.63,0.0
gfx950,256,120,65536,1536,cktile,31,0,25.5041,a8w8_blockscale_cktile_192x256x128_4x2x1_16x16x128_intrawave_0x1x0_3_aqrm,947.27,4570.88,0.0
gfx950,256,136,65536,1536,cktile,31,0,26.0457,a8w8_blockscale_cktile_192x256x128_4x2x1_16x16x128_intrawave_0x1x0_3_aqrm,1051.25,4557.3,0.0
gfx950,256,144,65536,1536,cktile,31,0,26.0666,a8w8_blockscale_cktile_192x256x128_4x2x1_16x16x128_intrawave_0x1x0_3_aqrm,1112.19,4594.34,0.0
gfx950,256,152,65536,1536,cktile,31,0,26.6642,a8w8_blockscale_cktile_192x256x128_4x2x1_16x16x128_intrawave_0x1x0_3_aqrm,1147.67,4531.16,0.0
gfx950,256,160,65536,1536,cktile,12,0,26.8079,a8w8_blockscale_cktile_192x256x128_4x2x1_16x16x128_intrawave_0x1x0_1_aqrm,1201.6,4546.44,0.0
gfx950,256,168,65536,1536,cktile,30,0,27.0176,a8w8_blockscale_cktile_192x256x128_4x2x1_16x16x128_intrawave_0x1x0_2_aqrm,1251.88,4550.42,0.0
gfx950,256,176,65536,1536,cktile,12,0,27.2129,a8w8_blockscale_cktile_192x256x128_4x2x1_16x16x128_intrawave_0x1x0_1_aqrm,1302.08,4556.75,0.0
gfx950,256,184,65536,1536,cktile,30,0,27.6073,a8w8_blockscale_cktile_192x256x128_4x2x1_16x16x128_intrawave_0x1x0_2_aqrm,1341.82,4530.08,0.0
gfx950,256,192,65536,1536,cktile,32,0,28.2282,a8w8_blockscale_cktile_192x256x128_4x2x1_16x16x128_intrawave_0x1x0_4_aqrm,1369.36,4468.02,0.0
gfx950,256,200,65536,1536,cktile,12,0,45.6393,a8w8_blockscale_cktile_192x256x128_4x2x1_16x16x128_intrawave_0x1x0_1_aqrm,882.25,2786.74,0.0
gfx950,256,208,65536,1536,cktile,12,0,45.8446,a8w8_blockscale_cktile_192x256x128_4x2x1_16x16x128_intrawave_0x1x0_1_aqrm,913.43,2797.4,0.0
gfx950,256,216,65536,1536,cktile,30,0,46.2495,a8w8_blockscale_cktile_192x256x128_4x2x1_16x16x128_intrawave_0x1x0_2_aqrm,940.26,2795.85,0.0
gfx950,256,224,65536,1536,cktile,31,0,46.2042,a8w8_blockscale_cktile_192x256x128_4x2x1_16x16x128_intrawave_0x1x0_3_aqrm,976.04,2821.55,0.0
gfx950,256,232,65536,1536,cktile,32,0,46.9108,a8w8_blockscale_cktile_192x256x128_4x2x1_16x16x128_intrawave_0x1x0_4_aqrm,995.67,2801.67,0.0
gfx950,256,240,65536,1536,cktile,12,0,47.1127,a8w8_blockscale_cktile_192x256x128_4x2x1_16x16x128_intrawave_0x1x0_1_aqrm,1025.59,2812.18,0.0
gfx950,256,248,65536,1536,cktile,12,0,47.1957,a8w8_blockscale_cktile_192x256x128_4x2x1_16x16x128_intrawave_0x1x0_1_aqrm,1057.91,2829.71,0.0
gfx950,256,272,65536,1536,cktile,12,0,47.8737,a8w8_blockscale_cktile_192x256x128_4x2x1_16x16x128_intrawave_0x1x0_1_aqrm,1143.86,2856.11,0.0
gfx950,256,288,65536,1536,cktile,12,0,48.6503,a8w8_blockscale_cktile_192x256x128_4x2x1_16x16x128_intrawave_0x1x0_1_aqrm,1191.81,2854.13,0.0
gfx950,256,304,65536,1536,cktile,12,0,48.5433,a8w8_blockscale_cktile_192x256x128_4x2x1_16x16x128_intrawave_0x1x0_1_aqrm,1260.8,2904.13,0.0
gfx950,256,320,65536,1536,cktile,31,0,49.0353,a8w8_blockscale_cktile_192x256x128_4x2x1_16x16x128_intrawave_0x1x0_3_aqrm,1313.84,2918.26,0.0
gfx950,256,336,65536,1536,cktile,31,0,49.9287,a8w8_blockscale_cktile_192x256x128_4x2x1_16x16x128_intrawave_0x1x0_3_aqrm,1354.85,2908.54,0.0
gfx950,256,352,65536,1536,cktile,31,0,50.7614,a8w8_blockscale_cktile_192x256x128_4x2x1_16x16x128_intrawave_0x1x0_3_aqrm,1396.08,2902.63,0.0
gfx950,256,368,65536,1536,cktile,32,0,50.8769,a8w8_blockscale_cktile_192x256x128_4x2x1_16x16x128_intrawave_0x1x0_4_aqrm,1456.22,2937.74,0.0
gfx950,256,384,65536,1536,cktile,12,0,51.5822,a8w8_blockscale_cktile_192x256x128_4x2x1_16x16x128_intrawave_0x1x0_1_aqrm,1498.76,2938.7,0.0
gfx950,256,400,65536,1536,cktile,32,0,68.8734,a8w8_blockscale_cktile_192x256x128_4x2x1_16x16x128_intrawave_0x1x0_4_aqrm,1169.26,2231.73,0.0
gfx950,256,416,65536,1536,cktile,32,0,69.7417,a8w8_blockscale_cktile_192x256x128_4x2x1_16x16x128_intrawave_0x1x0_4_aqrm,1200.89,2234.36,0.0
gfx950,256,432,65536,1536,cktile,12,0,70.217,a8w8_blockscale_cktile_192x256x128_4x2x1_16x16x128_intrawave_0x1x0_1_aqrm,1238.63,2249.45,0.0
gfx950,256,448,65536,1536,cktile,31,0,71.3485,a8w8_blockscale_cktile_192x256x128_4x2x1_16x16x128_intrawave_0x1x0_3_aqrm,1264.14,2243.52,0.0
gfx950,256,464,65536,1536,cktile,30,0,71.2374,a8w8_blockscale_cktile_192x256x128_4x2x1_16x16x128_intrawave_0x1x0_2_aqrm,1311.33,2276.8,0.0
gfx950,256,480,65536,1536,cktile,31,0,71.7844,a8w8_blockscale_cktile_192x256x128_4x2x1_16x16x128_intrawave_0x1x0_3_aqrm,1346.21,2289.01,0.0
gfx950,256,496,65536,1536,cktile,12,0,72.1443,a8w8_blockscale_cktile_192x256x128_4x2x1_16x16x128_intrawave_0x1x0_1_aqrm,1384.14,2307.0,0.0
gfx950,256,8,129280,7168,ck,4,0,149.691,a8w8_blockscale_1x128x128_256x16x256x128_8x16_16x16_1x4_16x16x1_8x32x1_1x16x1x16_8_1x2_intrawave_v1,99.05,6204.81,0.0
gfx950,256,16,129280,7168,ck,4,0,151.1974,a8w8_blockscale_1x128x128_256x16x256x128_8x16_16x16_1x4_16x16x1_8x32x1_1x16x1x16_8_1x2_intrawave_v1,196.13,6157.05,0.0
gfx950,256,24,129280,7168,ck,9,0,156.669,a8w8_blockscale_1x128x128_256x32x256x128_16x16_32x32_1x2_8x32x1_8x32x1_1x32x1x8_8_1x1_intrawave_v1,283.91,5955.59,0.0
gfx950,256,32,129280,7168,ck,12,0,156.5722,a8w8_blockscale_1x128x128_256x32x128x256_16x16_32x32_1x1_16x16x1_16x16x1_1x32x1x8_8_1x1_intrawave_v1,378.79,5972.85,0.0
gfx950,256,40,129280,7168,ck,14,0,165.9599,a8w8_blockscale_1x128x128_256x64x256x128_16x16_32x32_2x2_8x32x1_8x32x1_1x32x1x8_8_1x1_intrawave_v1,446.7,5647.8,0.0
gfx950,256,48,129280,7168,ck,14,0,167.2019,a8w8_blockscale_1x128x128_256x64x256x128_16x16_32x32_2x2_8x32x1_8x32x1_1x32x1x8_8_1x1_intrawave_v1,532.06,5618.56,0.0
gfx950,256,56,129280,7168,ck,14,0,169.4491,a8w8_blockscale_1x128x128_256x64x256x128_16x16_32x32_2x2_8x32x1_8x32x1_1x32x1x8_8_1x1_intrawave_v1,612.5,5556.59,0.0
gfx950,256,64,129280,7168,ck,14,0,171.9203,a8w8_blockscale_1x128x128_256x64x256x128_16x16_32x32_2x2_8x32x1_8x32x1_1x32x1x8_8_1x1_intrawave_v1,689.94,5489.09,0.0
gfx950,256,72,129280,7168,cktile,11,0,179.2709,a8w8_blockscale_cktile_192x256x128_4x2x1_16x16x128_intrawave_0x1x0_1,744.36,5275.88,0.0
gfx950,256,80,129280,7168,cktile,29,0,179.3757,a8w8_blockscale_cktile_192x256x128_4x2x1_16x16x128_intrawave_0x1x0_4,826.58,5284.65,0.0
gfx950,256,88,129280,7168,cktile,28,0,183.1069,a8w8_blockscale_cktile_192x256x128_4x2x1_16x16x128_intrawave_0x1x0_3,890.71,5188.57,0.0
gfx950,256,96,129280,7168,cktile,28,0,182.7238,a8w8_blockscale_cktile_192x256x128_4x2x1_16x16x128_intrawave_0x1x0_3,973.72,5211.08,0.0
gfx950,256,104,129280,7168,cktile,27,0,184.6054,a8w8_blockscale_cktile_192x256x128_4x2x1_16x16x128_intrawave_0x1x0_2,1044.11,5169.48,0.0
gfx950,256,112,129280,7168,cktile,28,0,185.7238,a8w8_blockscale_cktile_192x256x128_4x2x1_16x16x128_intrawave_0x1x0_3,1117.66,5149.8,0.0
gfx950,256,120,129280,7168,cktile,27,0,186.7494,a8w8_blockscale_cktile_192x256x128_4x2x1_16x16x128_intrawave_0x1x0_2,1190.92,5132.9,0.0
gfx950,256,128,129280,7168,cktile,27,0,187.7022,a8w8_blockscale_cktile_192x256x128_4x2x1_16x16x128_intrawave_0x1x0_2,1263.86,5118.17,0.0
gfx942,304,1,512,4096,ck,8,3,4.4342,a8w8_blockscale_1x128x128_256x16x64x256_16x16_16x16_1x1_16x16x1_16x16x1_1x16x1x16_4_1x1_intrawave_v1,0.95,474.1,0.0
gfx942,304,2,512,4096,ck,8,3,6.0144,a8w8_blockscale_1x128x128_256x16x64x256_16x16_16x16_1x1_16x16x1_16x16x1_1x16x1x16_4_1x1_intrawave_v1,1.39,350.39,0.0
gfx942,304,4,512,4096,ck,8,3,6.4421,a8w8_blockscale_1x128x128_256x16x64x256_16x16_16x16_1x1_16x16x1_16x16x1_1x16x1x16_4_1x1_intrawave_v1,2.6,328.72,0.0
gfx942,304,8,512,4096,ck,5,3,7.4603,a8w8_blockscale_1x128x128_256x16x128x128_8x16_16x16_1x2_16x16x1_8x32x1_1x16x1x16_8_1x2_intrawave_v1,4.5,286.6,0.0
gfx942,304,4096,512,4096,ck,3,0,37.4549,a8w8_blockscale_1x128x128_256x64x64x128_16x16_32x32_1x1_8x32x1_8x32x1_1x32x1x8_8_1x1_intrawave_v3,458.68,615.91,0.0
gfx942,304,1,1024,1024,ck,6,3,3.9093,a8w8_blockscale_1x128x128_256x16x64x128_8x16_16x16_1x1_16x16x1_8x32x1_1x16x1x16_4_1x1_intrawave_v1,0.54,269.01,0.0
gfx942,304,2,1024,1024,ck,6,3,3.8866,a8w8_blockscale_1x128x128_256x16x64x128_8x16_16x16_1x1_16x16x1_8x32x1_1x16x1x16_4_1x1_intrawave_v1,1.08,271.37,0.0
gfx942,304,4,1024,1024,ck,8,2,4.0603,a8w8_blockscale_1x128x128_256x16x64x256_16x16_16x16_1x1_16x16x1_16x16x1_1x16x1x16_4_1x1_intrawave_v1,2.07,261.28,0.0
gfx942,304,8,1024,1024,ck,6,2,5.5179,a8w8_blockscale_1x128x128_256x16x64x128_8x16_16x16_1x1_16x16x1_8x32x1_1x16x1x16_4_1x1_intrawave_v1,3.04,194.49,0.0
gfx942,304,16,1024,1024,ck,8,0,5.6065,a8w8_blockscale_1x128x128_256x16x64x256_16x16_16x16_1x1_16x16x1_16x16x1_1x16x1x16_4_1x1_intrawave_v1,5.98,195.8,0.0
gfx942,304,32,1024,1024,ck,8,0,6.2871,a8w8_blockscale_1x128x128_256x16x64x256_16x16_16x16_1x1_16x16x1_16x16x1_1x16x1x16_4_1x1_intrawave_v1,10.67,182.42,0.0
gfx942,304,64,1024,1024,ck,7,0,6.9205,a8w8_blockscale_1x128x128_256x16x128x256_16x16_16x16_1x2_16x16x1_16x16x1_1x16x1x16_8_1x2_intrawave_v1,19.39,179.93,0.0
gfx942,304,128,1024,1024,ck,8,0,5.5466,a8w8_blockscale_1x128x128_256x16x64x256_16x16_16x16_1x1_16x16x1_16x16x1_1x16x1x16_4_1x1_intrawave_v1,48.4,259.94,0.0
gfx942,304,256,1024,1024,ck,8,0,6.3785,a8w8_blockscale_1x128x128_256x16x64x256_16x16_16x16_1x1_16x16x1_16x16x1_1x16x1x16_4_1x1_intrawave_v1,84.17,287.69,0.0
gfx942,304,512,1024,1024,ck,13,0,6.8417,a8w8_blockscale_1x128x128_256x32x64x256_16x16_16x16_2x1_16x16x1_16x16x1_1x32x1x8_8_2x1_intrawave_v1,156.94,383.16,0.0
gfx942,304,1024,1024,1024,ck,18,0,8.8922,a8w8_blockscale_1x128x128_256x64x64x256_16x16_32x32_1x1_16x16x1_16x16x1_1x32x1x8_8_1x1_intrawave_v1,241.5,471.68,0.0
gfx942,304,2048,1024,1024,ck,18,0,13.7945,a8w8_blockscale_1x128x128_256x64x64x256_16x16_32x32_1x1_16x16x1_16x16x1_1x32x1x8_8_1x1_intrawave_v1,311.35,532.1,0.0
gfx942,304,4096,1024,1024,ck,2,0,21.5394,a8w8_blockscale_1x128x128_256x64x128x128_16x16_32x32_1x2_8x32x1_8x32x1_1x32x1x8_8_1x1_intrawave_v3,398.8,632.86,0.0
gfx942,304,8192,1024,1024,ck,0,0,31.9077,a8w8_blockscale_1x128x128_256x128x128x128_16x16_32x32_2x2_8x32x1_8x32x1_1x32x1x8_8_1x1_intrawave_v3,538.42,821.57,0.0
gfx942,304,16384,1024,1024,ck,0,0,57.1617,a8w8_blockscale_1x128x128_256x128x128x128_16x16_32x32_2x2_8x32x1_8x32x1_1x32x1x8_8_1x1_intrawave_v3,601.1,898.86,0.0
gfx942,304,1,4096,256,ck,6,0,3.3524,a8w8_blockscale_1x128x128_256x16x64x128_8x16_16x16_1x1_16x16x1_8x32x1_1x16x1x16_4_1x1_intrawave_v1,0.63,315.3,0.0
gfx942,304,2,4096,256,ck,8,0,3.4973,a8w8_blockscale_1x128x128_256x16x64x256_16x16_16x16_1x1_16x16x1_16x16x1_1x16x1x16_4_1x1_intrawave_v1,1.2,304.66,0.0
gfx942,304,4,4096,256,ck,8,0,3.4789,a8w8_blockscale_1x128x128_256x16x64x256_16x16_16x16_1x1_16x16x1_16x16x1_1x16x1x16_4_1x1_intrawave_v1,2.41,311.12,0.0
gfx942,304,8,4096,256,ck,8,0,3.3555,a8w8_blockscale_1x128x128_256x16x64x256_16x16_16x16_1x1_16x16x1_16x16x1_1x16x1x16_4_1x1_intrawave_v1,5.0,332.64,0.0
gfx942,304,4096,4096,256,ck,16,0,25.0774,a8w8_blockscale_1x128x128_256x64x64x128_16x16_32x32_1x1_8x32x1_8x32x1_1x32x1x8_8_1x1_intrawave_v1,342.54,1421.66,0.0
