gfx,cu_num,M,N,K,kernelId,splitK,us,kernelName,tflops,bw,errRatio
gfx950,256,1,256,5120,21,0,6.1012,_ZN5aiter41f4gemm_bf16_per1x32Fp4_BpreShuffle_32x128E,0.43,107.92,0.0
gfx950,256,2,256,5120,21,0,6.0669,_ZN5aiter41f4gemm_bf16_per1x32Fp4_BpreShuffle_32x128E,0.86,109.03,0.0
gfx950,256,4,256,5120,21,0,6.1476,_ZN5aiter41f4gemm_bf16_per1x32Fp4_BpreShuffle_32x128E,1.71,108.6,0.0
gfx950,256,8,256,5120,21,0,6.0555,_ZN5aiter41f4gemm_bf16_per1x32Fp4_BpreShuffle_32x128E,3.46,112.28,0.0
gfx950,256,16,256,5120,21,0,6.3407,_ZN5aiter41f4gemm_bf16_per1x32Fp4_BpreShuffle_32x128E,6.61,111.11,0.0
gfx950,256,32,256,5120,21,0,6.8311,_ZN5aiter41f4gemm_bf16_per1x32Fp4_BpreShuffle_32x128E,12.28,110.33,0.0
gfx950,256,48,256,5120,21,0,6.8857,_ZN5aiter41f4gemm_bf16_per1x32Fp4_BpreShuffle_32x128E,18.27,116.59,0.0
gfx950,256,64,256,5120,21,0,7.3492,_ZN5aiter41f4gemm_bf16_per1x32Fp4_BpreShuffle_32x128E,22.83,115.93,0.0
gfx950,256,80,256,5120,21,0,7.2093,_ZN5aiter41f4gemm_bf16_per1x32Fp4_BpreShuffle_32x128E,29.09,124.99,0.0
gfx950,256,96,256,5120,29,0,8.1122,_ZN5aiter41f4gemm_bf16_per1x32Fp4_BpreShuffle_64x128E,31.02,117.14,0.0
gfx950,256,112,256,5120,21,0,7.6492,_ZN5aiter41f4gemm_bf16_per1x32Fp4_BpreShuffle_32x128E,38.38,130.66,0.0
gfx950,256,128,256,5120,21,0,8.2189,_ZN5aiter41f4gemm_bf16_per1x32Fp4_BpreShuffle_32x128E,40.83,127.58,0.0
gfx950,256,144,256,5120,21,0,7.6972,_ZN5aiter41f4gemm_bf16_per1x32Fp4_BpreShuffle_32x128E,49.04,142.61,0.0
gfx950,256,160,256,5120,21,0,8.2453,_ZN5aiter41f4gemm_bf16_per1x32Fp4_BpreShuffle_32x128E,50.87,139.09,0.0
gfx950,256,176,256,5120,21,0,7.7482,_ZN5aiter41f4gemm_bf16_per1x32Fp4_BpreShuffle_32x128E,59.55,154.36,0.0
gfx950,256,192,256,5120,21,0,7.8031,_ZN5aiter41f4gemm_bf16_per1x32Fp4_BpreShuffle_32x128E,64.5,159.58,0.0
gfx950,256,208,256,5120,21,0,8.1579,_ZN5aiter41f4gemm_bf16_per1x32Fp4_BpreShuffle_32x128E,66.84,158.66,0.0
gfx950,256,224,256,5120,21,0,7.7518,_ZN5aiter41f4gemm_bf16_per1x32Fp4_BpreShuffle_32x128E,75.75,173.31,0.0
gfx950,256,240,256,5120,21,0,8.1663,_ZN5aiter41f4gemm_bf16_per1x32Fp4_BpreShuffle_32x128E,77.04,170.54,0.0
gfx950,256,256,256,5120,21,0,7.6116,_ZN5aiter41f4gemm_bf16_per1x32Fp4_BpreShuffle_32x128E,88.17,189.42,0.0
gfx950,256,512,256,5120,21,0,8.6623,_ZN5aiter41f4gemm_bf16_per1x32Fp4_BpreShuffle_32x128E,154.94,257.23,0.0
gfx950,256,1024,256,5120,21,0,10.2749,_ZN5aiter41f4gemm_bf16_per1x32Fp4_BpreShuffle_32x128E,261.25,369.94,0.0
gfx950,256,2048,256,5120,21,0,10.7623,_ZN5aiter41f4gemm_bf16_per1x32Fp4_BpreShuffle_32x128E,498.84,645.48,0.0
gfx950,256,4096,256,5120,21,0,10.8021,_ZN5aiter41f4gemm_bf16_per1x32Fp4_BpreShuffle_32x128E,994.01,1225.53,0.0
gfx950,256,8192,256,5120,29,0,14.6375,_ZN5aiter41f4gemm_bf16_per1x32Fp4_BpreShuffle_64x128E,1467.11,1764.04,0.0
gfx950,256,16384,256,5120,42,0,21.3296,_ZN5aiter42f4gemm_bf16_per1x32Fp4_BpreShuffle_128x128E,2013.62,2390.43,0.0
gfx950,256,1,512,5120,21,0,6.5395,_ZN5aiter41f4gemm_bf16_per1x32Fp4_BpreShuffle_32x128E,0.8,200.98,0.0
gfx950,256,2,512,5120,21,0,6.5538,_ZN5aiter41f4gemm_bf16_per1x32Fp4_BpreShuffle_32x128E,1.6,201.09,0.0
gfx950,256,4,512,5120,21,0,6.5764,_ZN5aiter41f4gemm_bf16_per1x32Fp4_BpreShuffle_32x128E,3.19,201.49,0.0
gfx950,256,8,512,5120,21,0,6.6588,_ZN5aiter41f4gemm_bf16_per1x32Fp4_BpreShuffle_32x128E,6.3,201.15,0.0
gfx950,256,16,512,5120,21,0,6.8255,_ZN5aiter41f4gemm_bf16_per1x32Fp4_BpreShuffle_32x128E,12.29,200.43,0.0
gfx950,256,32,512,5120,21,0,7.4178,_ZN5aiter41f4gemm_bf16_per1x32Fp4_BpreShuffle_32x128E,22.62,192.16,0.0
gfx950,256,48,512,5120,21,0,7.7494,_ZN5aiter41f4gemm_bf16_per1x32Fp4_BpreShuffle_32x128E,32.47,191.34,0.0
gfx950,256,64,512,5120,21,0,8.2883,_ZN5aiter41f4gemm_bf16_per1x32Fp4_BpreShuffle_32x128E,40.48,185.82,0.0
gfx950,256,80,512,5120,21,0,8.2983,_ZN5aiter41f4gemm_bf16_per1x32Fp4_BpreShuffle_32x128E,50.54,192.5,0.0
gfx950,256,96,512,5120,21,0,8.328,_ZN5aiter41f4gemm_bf16_per1x32Fp4_BpreShuffle_32x128E,60.44,198.7,0.0
gfx950,256,112,512,5120,21,0,8.0857,_ZN5aiter41f4gemm_bf16_per1x32Fp4_BpreShuffle_32x128E,72.62,211.75,0.0
gfx950,256,128,512,5120,21,0,8.2599,_ZN5aiter41f4gemm_bf16_per1x32Fp4_BpreShuffle_32x128E,81.25,214.22,0.0
gfx950,256,144,512,5120,21,0,8.2411,_ZN5aiter41f4gemm_bf16_per1x32Fp4_BpreShuffle_32x128E,91.61,221.67,0.0
gfx950,256,160,512,5120,21,0,8.2411,_ZN5aiter41f4gemm_bf16_per1x32Fp4_BpreShuffle_32x128E,101.79,228.63,0.0
gfx950,256,176,512,5120,21,0,8.1952,_ZN5aiter41f4gemm_bf16_per1x32Fp4_BpreShuffle_32x128E,112.6,236.91,0.0
gfx950,256,192,512,5120,21,0,8.2663,_ZN5aiter41f4gemm_bf16_per1x32Fp4_BpreShuffle_32x128E,121.78,241.81,0.0
gfx950,256,208,512,5120,21,0,8.9455,_ZN5aiter41f4gemm_bf16_per1x32Fp4_BpreShuffle_32x128E,121.91,229.86,0.0
gfx950,256,224,512,5120,21,0,8.268,_ZN5aiter41f4gemm_bf16_per1x32Fp4_BpreShuffle_32x128E,142.04,255.63,0.0
gfx950,256,240,512,5120,21,0,9.1691,_ZN5aiter41f4gemm_bf16_per1x32Fp4_BpreShuffle_32x128E,137.23,236.76,0.0
gfx950,256,256,512,5120,21,0,8.2991,_ZN5aiter41f4gemm_bf16_per1x32Fp4_BpreShuffle_32x128E,161.73,268.49,0.0
gfx950,256,512,512,5120,21,0,9.9047,_ZN5aiter41f4gemm_bf16_per1x32Fp4_BpreShuffle_32x128E,271.02,317.6,0.0
gfx950,256,1024,512,5120,21,0,10.4127,_ZN5aiter41f4gemm_bf16_per1x32Fp4_BpreShuffle_32x128E,515.59,478.33,0.0
gfx950,256,2048,512,5120,21,0,11.1761,_ZN5aiter41f4gemm_bf16_per1x32Fp4_BpreShuffle_32x128E,960.75,774.04,0.0
gfx950,256,4096,512,5120,29,0,15.0796,_ZN5aiter41f4gemm_bf16_per1x32Fp4_BpreShuffle_64x128E,1424.1,1060.42,0.0
gfx950,256,8192,512,5120,42,0,20.3553,_ZN5aiter42f4gemm_bf16_per1x32Fp4_BpreShuffle_128x128E,2110.0,1506.77,0.0
gfx950,256,16384,512,5120,43,0,30.0936,_ZN5aiter42f4gemm_bf16_per1x32Fp4_BpreShuffle_128x256E,2854.41,1994.81,0.0
gfx950,256,1,768,5120,29,0,7.7667,_ZN5aiter41f4gemm_bf16_per1x32Fp4_BpreShuffle_64x128E,1.01,253.67,0.0
gfx950,256,2,768,5120,29,0,7.3384,_ZN5aiter41f4gemm_bf16_per1x32Fp4_BpreShuffle_64x128E,2.14,269.03,0.0
gfx950,256,4,768,5120,29,0,7.5974,_ZN5aiter41f4gemm_bf16_per1x32Fp4_BpreShuffle_64x128E,4.14,260.94,0.0
gfx950,256,8,768,5120,29,0,8.0249,_ZN5aiter41f4gemm_bf16_per1x32Fp4_BpreShuffle_64x128E,7.84,249.08,0.0
gfx950,256,16,768,5120,29,0,7.7871,_ZN5aiter41f4gemm_bf16_per1x32Fp4_BpreShuffle_64x128E,16.16,260.9,0.0
gfx950,256,32,768,5120,29,0,9.6155,_ZN5aiter41f4gemm_bf16_per1x32Fp4_BpreShuffle_64x128E,26.17,218.1,0.0
gfx950,256,48,768,5120,21,0,9.3033,_ZN5aiter41f4gemm_bf16_per1x32Fp4_BpreShuffle_32x128E,40.58,232.46,0.0
gfx950,256,64,768,5120,21,0,9.7902,_ZN5aiter41f4gemm_bf16_per1x32Fp4_BpreShuffle_32x128E,51.41,227.6,0.0
gfx950,256,80,768,5120,21,0,9.6405,_ZN5aiter41f4gemm_bf16_per1x32Fp4_BpreShuffle_32x128E,65.26,237.93,0.0
gfx950,256,96,768,5120,21,0,9.9273,_ZN5aiter41f4gemm_bf16_per1x32Fp4_BpreShuffle_32x128E,76.05,237.66,0.0
gfx950,256,112,768,5120,21,0,9.8127,_ZN5aiter41f4gemm_bf16_per1x32Fp4_BpreShuffle_32x128E,89.76,247.11,0.0
gfx950,256,128,768,5120,21,0,10.1972,_ZN5aiter41f4gemm_bf16_per1x32Fp4_BpreShuffle_32x128E,98.72,244.22,0.0
gfx950,256,144,768,5120,21,0,9.7635,_ZN5aiter41f4gemm_bf16_per1x32Fp4_BpreShuffle_32x128E,115.99,261.78,0.0
gfx950,256,160,768,5120,21,0,10.125,_ZN5aiter41f4gemm_bf16_per1x32Fp4_BpreShuffle_32x128E,124.28,258.91,0.0
gfx950,256,176,768,5120,21,0,9.8064,_ZN5aiter41f4gemm_bf16_per1x32Fp4_BpreShuffle_32x128E,141.14,274.0,0.0
gfx950,256,192,768,5120,21,0,10.0587,_ZN5aiter41f4gemm_bf16_per1x32Fp4_BpreShuffle_32x128E,150.11,273.64,0.0
gfx950,256,208,768,5120,21,0,9.8713,_ZN5aiter41f4gemm_bf16_per1x32Fp4_BpreShuffle_32x128E,165.71,285.48,0.0
gfx950,256,224,768,5120,21,0,10.0662,_ZN5aiter41f4gemm_bf16_per1x32Fp4_BpreShuffle_32x128E,175.0,286.46,0.0
gfx950,256,240,768,5120,21,0,9.9232,_ZN5aiter41f4gemm_bf16_per1x32Fp4_BpreShuffle_32x128E,190.2,297.19,0.0
gfx950,256,256,768,5120,21,0,10.0837,_ZN5aiter41f4gemm_bf16_per1x32Fp4_BpreShuffle_32x128E,199.66,298.96,0.0
gfx950,256,512,768,5120,21,0,10.2546,_ZN5aiter41f4gemm_bf16_per1x32Fp4_BpreShuffle_32x128E,392.66,396.24,0.0
gfx950,256,1024,768,5120,21,0,10.7005,_ZN5aiter41f4gemm_bf16_per1x32Fp4_BpreShuffle_32x128E,752.59,575.71,0.0
gfx950,256,2048,768,5120,29,0,13.4347,_ZN5aiter41f4gemm_bf16_per1x32Fp4_BpreShuffle_64x128E,1198.85,770.74,0.0
gfx950,256,4096,768,5120,42,0,19.0773,_ZN5aiter42f4gemm_bf16_per1x32Fp4_BpreShuffle_128x128E,1688.51,982.49,0.0
gfx950,256,8192,768,5120,43,0,27.038,_ZN5aiter42f4gemm_bf16_per1x32Fp4_BpreShuffle_128x256E,2382.74,1313.73,0.0
gfx950,256,16384,768,5120,44,0,40.5378,_ZN5aiter42f4gemm_bf16_per1x32Fp4_BpreShuffle_128x384E,3178.49,1703.96,0.0
gfx950,256,1,1024,5120,21,0,9.5672,_ZN5aiter41f4gemm_bf16_per1x32Fp4_BpreShuffle_32x128E,1.1,274.48,0.0
gfx950,256,2,1024,5120,21,0,9.6331,_ZN5aiter41f4gemm_bf16_per1x32Fp4_BpreShuffle_32x128E,2.18,273.09,0.0
gfx950,256,4,1024,5120,21,0,9.7409,_ZN5aiter41f4gemm_bf16_per1x32Fp4_BpreShuffle_32x128E,4.31,271.01,0.0
gfx950,256,8,1024,5120,21,0,9.9599,_ZN5aiter41f4gemm_bf16_per1x32Fp4_BpreShuffle_32x128E,8.42,266.9,0.0
gfx950,256,16,1024,5120,21,0,10.3512,_ZN5aiter41f4gemm_bf16_per1x32Fp4_BpreShuffle_32x128E,16.21,260.37,0.0
gfx950,256,32,1024,5120,14,0,10.4975,a4w4_blockscale_256x32x128x128_16x16_16x16_8x32x1_8x32x1_1x16x1x16_8_2x2_intrawave_v3,31.96,263.77,0.0
gfx950,256,48,1024,5120,21,0,10.4033,_ZN5aiter41f4gemm_bf16_per1x32Fp4_BpreShuffle_32x128E,48.38,273.24,0.0
gfx950,256,64,1024,5120,21,0,10.8112,_ZN5aiter41f4gemm_bf16_per1x32Fp4_BpreShuffle_32x128E,62.07,269.75,0.0
gfx950,256,80,1024,5120,21,0,10.2884,_ZN5aiter41f4gemm_bf16_per1x32Fp4_BpreShuffle_32x128E,81.53,290.63,0.0
gfx950,256,96,1024,5120,21,0,10.6778,_ZN5aiter41f4gemm_bf16_per1x32Fp4_BpreShuffle_32x128E,94.27,286.93,0.0
gfx950,256,112,1024,5120,21,0,10.3774,_ZN5aiter41f4gemm_bf16_per1x32Fp4_BpreShuffle_32x128E,113.17,302.34,0.0
gfx950,256,128,1024,5120,21,0,10.5337,_ZN5aiter41f4gemm_bf16_per1x32Fp4_BpreShuffle_32x128E,127.42,304.86,0.0
gfx950,256,144,1024,5120,21,0,10.3906,_ZN5aiter41f4gemm_bf16_per1x32Fp4_BpreShuffle_32x128E,145.32,316.15,0.0
gfx950,256,160,1024,5120,21,0,10.583,_ZN5aiter41f4gemm_bf16_per1x32Fp4_BpreShuffle_32x128E,158.53,317.37,0.0
gfx950,256,176,1024,5120,21,0,10.3018,_ZN5aiter41f4gemm_bf16_per1x32Fp4_BpreShuffle_32x128E,179.14,333.19,0.0
gfx950,256,192,1024,5120,21,0,10.5162,_ZN5aiter41f4gemm_bf16_per1x32Fp4_BpreShuffle_32x128E,191.44,333.41,0.0
gfx950,256,208,1024,5120,21,0,10.2428,_ZN5aiter41f4gemm_bf16_per1x32Fp4_BpreShuffle_32x128E,212.93,349.5,0.0
gfx950,256,224,1024,5120,21,0,10.4601,_ZN5aiter41f4gemm_bf16_per1x32Fp4_BpreShuffle_32x128E,224.55,349.29,0.0
gfx950,256,240,1024,5120,21,0,10.378,_ZN5aiter41f4gemm_bf16_per1x32Fp4_BpreShuffle_32x128E,242.49,359.16,0.0
gfx950,256,256,1024,5120,21,0,10.4149,_ZN5aiter41f4gemm_bf16_per1x32Fp4_BpreShuffle_32x128E,257.74,364.97,0.0
gfx950,256,512,1024,5120,21,0,10.7338,_ZN5aiter41f4gemm_bf16_per1x32Fp4_BpreShuffle_32x128E,500.17,464.02,0.0
gfx950,256,1024,1024,5120,21,0,11.1032,_ZN5aiter41f4gemm_bf16_per1x32Fp4_BpreShuffle_32x128E,967.06,661.07,0.0
gfx950,256,2048,1024,5120,29,0,14.6128,_ZN5aiter41f4gemm_bf16_per1x32Fp4_BpreShuffle_64x128E,1469.59,825.21,0.0
gfx950,256,4096,1024,5120,30,0,20.3578,_ZN5aiter41f4gemm_bf16_per1x32Fp4_BpreShuffle_64x256E,2109.74,1055.9,0.0
gfx950,256,8192,1024,5120,43,0,29.8317,_ZN5aiter42f4gemm_bf16_per1x32Fp4_BpreShuffle_128x256E,2879.47,1353.26,0.0
gfx950,256,16384,1024,5120,45,0,48.3511,_ZN5aiter42f4gemm_bf16_per1x32Fp4_BpreShuffle_128x512E,3553.15,1615.66,0.0
gfx950,256,1,1280,5120,21,0,10.23,_ZN5aiter41f4gemm_bf16_per1x32Fp4_BpreShuffle_32x128E,1.28,320.81,0.0
gfx950,256,2,1280,5120,21,0,9.8574,_ZN5aiter41f4gemm_bf16_per1x32Fp4_BpreShuffle_32x128E,2.66,333.46,0.0
gfx950,256,4,1280,5120,21,0,10.1191,_ZN5aiter41f4gemm_bf16_per1x32Fp4_BpreShuffle_32x128E,5.18,325.85,0.0
gfx950,256,8,1280,5120,21,0,10.5979,_ZN5aiter41f4gemm_bf16_per1x32Fp4_BpreShuffle_32x128E,9.89,313.06,0.0
gfx950,256,16,1280,5120,21,0,10.6668,_ZN5aiter41f4gemm_bf16_per1x32Fp4_BpreShuffle_32x128E,19.66,314.88,0.0
gfx950,256,32,1280,5120,14,0,11.4411,a4w4_blockscale_256x32x128x128_16x16_16x16_8x32x1_8x32x1_1x16x1x16_8_2x2_intrawave_v3,36.66,300.73,0.0
gfx950,256,48,1280,5120,21,0,10.6823,_ZN5aiter41f4gemm_bf16_per1x32Fp4_BpreShuffle_32x128E,58.9,329.76,0.0
gfx950,256,64,1280,5120,21,0,11.4787,_ZN5aiter41f4gemm_bf16_per1x32Fp4_BpreShuffle_32x128E,73.08,314.01,0.0
gfx950,256,80,1280,5120,21,0,10.4967,_ZN5aiter41f4gemm_bf16_per1x32Fp4_BpreShuffle_32x128E,99.9,351.2,0.0
gfx950,256,96,1280,5120,21,0,10.6945,_ZN5aiter41f4gemm_bf16_per1x32Fp4_BpreShuffle_32x128E,117.66,352.36,0.0
gfx950,256,112,1280,5120,21,0,10.5326,_ZN5aiter41f4gemm_bf16_per1x32Fp4_BpreShuffle_32x128E,139.38,365.55,0.0
gfx950,256,128,1280,5120,21,0,10.6894,_ZN5aiter41f4gemm_bf16_per1x32Fp4_BpreShuffle_32x128E,156.95,367.86,0.0
gfx950,256,144,1280,5120,21,0,10.5131,_ZN5aiter41f4gemm_bf16_per1x32Fp4_BpreShuffle_32x128E,179.53,381.82,0.0
gfx950,256,160,1280,5120,21,0,10.6287,_ZN5aiter41f4gemm_bf16_per1x32Fp4_BpreShuffle_32x128E,197.31,385.37,0.0
gfx950,256,176,1280,5120,21,0,10.5775,_ZN5aiter41f4gemm_bf16_per1x32Fp4_BpreShuffle_32x128E,218.09,394.98,0.0
gfx950,256,192,1280,5120,21,0,10.7821,_ZN5aiter41f4gemm_bf16_per1x32Fp4_BpreShuffle_32x128E,233.4,395.08,0.0
gfx950,256,208,1280,5120,21,0,10.3701,_ZN5aiter41f4gemm_bf16_per1x32Fp4_BpreShuffle_32x128E,262.9,418.68,0.0
gfx950,256,224,1280,5120,21,0,10.7093,_ZN5aiter41f4gemm_bf16_per1x32Fp4_BpreShuffle_32x128E,274.16,413.07,0.0
gfx950,256,240,1280,5120,21,0,10.3734,_ZN5aiter41f4gemm_bf16_per1x32Fp4_BpreShuffle_32x128E,303.25,434.34,0.0
gfx950,256,256,1280,5120,21,0,10.7579,_ZN5aiter41f4gemm_bf16_per1x32Fp4_BpreShuffle_32x128E,311.91,426.43,0.0
gfx950,256,512,1280,5120,21,0,10.8536,_ZN5aiter41f4gemm_bf16_per1x32Fp4_BpreShuffle_32x128E,618.31,543.44,0.0
gfx950,256,1024,1280,5120,29,0,13.3367,_ZN5aiter41f4gemm_bf16_per1x32Fp4_BpreShuffle_64x128E,1006.38,638.81,0.0
gfx950,256,2048,1280,5120,37,0,16.466,_ZN5aiter41f4gemm_bf16_per1x32Fp4_BpreShuffle_96x128E,1630.24,835.82,0.0
gfx950,256,4096,1280,5120,38,0,23.8986,_ZN5aiter41f4gemm_bf16_per1x32Fp4_BpreShuffle_96x256E,2246.45,1014.63,0.0
gfx950,256,8192,1280,5120,50,0,34.969,_ZN5aiter42f4gemm_bf16_per1x32Fp4_BpreShuffle_192x256E,3070.55,1293.14,0.0
gfx950,256,16384,1280,5120,44,0,68.8373,_ZN5aiter42f4gemm_bf16_per1x32Fp4_BpreShuffle_128x384E,3119.65,1266.22,0.0
gfx950,256,1,1536,5120,21,0,10.1907,_ZN5aiter41f4gemm_bf16_per1x32Fp4_BpreShuffle_32x128E,1.54,386.41,0.0
gfx950,256,2,1536,5120,21,0,10.4859,_ZN5aiter41f4gemm_bf16_per1x32Fp4_BpreShuffle_32x128E,3.0,376.07,0.0
gfx950,256,4,1536,5120,21,0,10.3535,_ZN5aiter41f4gemm_bf16_per1x32Fp4_BpreShuffle_32x128E,6.08,381.97,0.0
gfx950,256,8,1536,5120,29,0,10.5474,_ZN5aiter41f4gemm_bf16_per1x32Fp4_BpreShuffle_64x128E,11.93,377.08,0.0
gfx950,256,16,1536,5120,21,0,11.1882,_ZN5aiter41f4gemm_bf16_per1x32Fp4_BpreShuffle_32x128E,22.49,359.51,0.0
gfx950,256,32,1536,5120,14,0,11.4775,a4w4_blockscale_256x32x128x128_16x16_16x16_8x32x1_8x32x1_1x16x1x16_8_2x2_intrawave_v3,43.85,358.3,0.0
gfx950,256,48,1536,5120,21,0,10.5559,_ZN5aiter41f4gemm_bf16_per1x32Fp4_BpreShuffle_32x128E,71.52,398.12,0.0
gfx950,256,64,1536,5120,21,0,11.1991,_ZN5aiter41f4gemm_bf16_per1x32Fp4_BpreShuffle_32x128E,89.89,383.3,0.0
gfx950,256,80,1536,5120,21,0,10.507,_ZN5aiter41f4gemm_bf16_per1x32Fp4_BpreShuffle_32x128E,119.76,417.12,0.0
gfx950,256,96,1536,5120,21,0,10.8515,_ZN5aiter41f4gemm_bf16_per1x32Fp4_BpreShuffle_32x128E,139.15,412.19,0.0
gfx950,256,112,1536,5120,21,0,10.3946,_ZN5aiter41f4gemm_bf16_per1x32Fp4_BpreShuffle_32x128E,169.47,438.97,0.0
gfx950,256,128,1536,5120,21,0,10.7771,_ZN5aiter41f4gemm_bf16_per1x32Fp4_BpreShuffle_32x128E,186.81,431.75,0.0
gfx950,256,144,1536,5120,21,0,10.3278,_ZN5aiter41f4gemm_bf16_per1x32Fp4_BpreShuffle_32x128E,219.3,459.26,0.0
gfx950,256,160,1536,5120,21,0,10.6464,_ZN5aiter41f4gemm_bf16_per1x32Fp4_BpreShuffle_32x128E,236.38,453.98,0.0
gfx950,256,176,1536,5120,21,0,10.3575,_ZN5aiter41f4gemm_bf16_per1x32Fp4_BpreShuffle_32x128E,267.27,475.35,0.0
gfx950,256,192,1536,5120,21,0,10.6495,_ZN5aiter41f4gemm_bf16_per1x32Fp4_BpreShuffle_32x128E,283.57,470.77,0.0
gfx950,256,208,1536,5120,21,0,10.3017,_ZN5aiter41f4gemm_bf16_per1x32Fp4_BpreShuffle_32x128E,317.57,495.41,0.0
gfx950,256,224,1536,5120,21,0,10.6319,_ZN5aiter41f4gemm_bf16_per1x32Fp4_BpreShuffle_32x128E,331.38,488.5,0.0
gfx950,256,240,1536,5120,21,0,10.2816,_ZN5aiter41f4gemm_bf16_per1x32Fp4_BpreShuffle_32x128E,367.15,513.91,0.0
gfx950,256,256,1536,5120,21,0,10.6234,_ZN5aiter41f4gemm_bf16_per1x32Fp4_BpreShuffle_32x128E,379.02,505.86,0.0
gfx950,256,512,1536,5120,21,0,10.6683,_ZN5aiter41f4gemm_bf16_per1x32Fp4_BpreShuffle_32x128E,754.86,638.88,0.0
gfx950,256,1024,1536,5120,29,0,12.7466,_ZN5aiter41f4gemm_bf16_per1x32Fp4_BpreShuffle_64x128E,1263.56,760.93,0.0
gfx950,256,2048,1536,5120,42,0,18.2207,_ZN5aiter42f4gemm_bf16_per1x32Fp4_BpreShuffle_128x128E,1767.89,848.84,0.0
gfx950,256,4096,1536,5120,43,0,27.2078,_ZN5aiter42f4gemm_bf16_per1x32Fp4_BpreShuffle_128x256E,2367.87,992.39,0.0
gfx950,256,8192,1536,5120,44,0,38.1178,_ZN5aiter42f4gemm_bf16_per1x32Fp4_BpreShuffle_128x384E,3380.28,1313.55,0.0
gfx950,256,16384,1536,5120,44,0,77.831,_ZN5aiter42f4gemm_bf16_per1x32Fp4_BpreShuffle_128x384E,3310.99,1236.1,0.0
gfx950,256,1,2176,5120,21,0,10.8683,_ZN5aiter41f4gemm_bf16_per1x32Fp4_BpreShuffle_32x128E,2.05,513.19,0.0
gfx950,256,2,2176,5120,21,0,10.8119,_ZN5aiter41f4gemm_bf16_per1x32Fp4_BpreShuffle_32x128E,4.12,516.5,0.0
gfx950,256,4,2176,5120,21,0,11.0443,_ZN5aiter41f4gemm_bf16_per1x32Fp4_BpreShuffle_32x128E,8.07,506.89,0.0
gfx950,256,8,2176,5120,21,0,11.0959,_ZN5aiter41f4gemm_bf16_per1x32Fp4_BpreShuffle_32x128E,16.07,507.02,0.0
gfx950,256,16,2176,5120,21,0,11.2896,_ZN5aiter41f4gemm_bf16_per1x32Fp4_BpreShuffle_32x128E,31.58,503.22,0.0
gfx950,256,32,2176,5120,29,0,11.9958,_ZN5aiter41f4gemm_bf16_per1x32Fp4_BpreShuffle_64x128E,59.44,482.81,0.0
gfx950,256,48,2176,5120,21,0,11.3175,_ZN5aiter41f4gemm_bf16_per1x32Fp4_BpreShuffle_32x128E,94.5,521.52,0.0
gfx950,256,64,2176,5120,21,0,11.6579,_ZN5aiter41f4gemm_bf16_per1x32Fp4_BpreShuffle_32x128E,122.33,515.78,0.0
gfx950,256,80,2176,5120,21,0,11.4039,_ZN5aiter41f4gemm_bf16_per1x32Fp4_BpreShuffle_32x128E,156.31,536.97,0.0
gfx950,256,96,2176,5120,21,0,11.8267,_ZN5aiter41f4gemm_bf16_per1x32Fp4_BpreShuffle_32x128E,180.87,527.12,0.0
gfx950,256,112,2176,5120,21,0,11.2535,_ZN5aiter41f4gemm_bf16_per1x32Fp4_BpreShuffle_32x128E,221.76,563.8,0.0
gfx950,256,128,2176,5120,21,0,11.7035,_ZN5aiter41f4gemm_bf16_per1x32Fp4_BpreShuffle_32x128E,243.7,551.57,0.0
gfx950,256,144,2176,5120,21,0,11.1067,_ZN5aiter41f4gemm_bf16_per1x32Fp4_BpreShuffle_32x128E,288.89,591.16,0.0
gfx950,256,160,2176,5120,21,0,11.5155,_ZN5aiter41f4gemm_bf16_per1x32Fp4_BpreShuffle_32x128E,309.6,579.78,0.0
gfx950,256,176,2176,5120,21,0,11.2231,_ZN5aiter41f4gemm_bf16_per1x32Fp4_BpreShuffle_32x128E,349.43,604.74,0.0
gfx950,256,192,2176,5120,21,0,11.5795,_ZN5aiter41f4gemm_bf16_per1x32Fp4_BpreShuffle_32x128E,369.46,595.68,0.0
gfx950,256,208,2176,5120,21,0,11.3172,_ZN5aiter41f4gemm_bf16_per1x32Fp4_BpreShuffle_32x128E,409.53,619.26,0.0
gfx950,256,224,2176,5120,21,0,11.5923,_ZN5aiter41f4gemm_bf16_per1x32Fp4_BpreShuffle_32x128E,430.56,614.1,0.0
gfx950,256,240,2176,5120,21,0,11.5923,_ZN5aiter41f4gemm_bf16_per1x32Fp4_BpreShuffle_32x128E,461.32,623.64,0.0
gfx950,256,256,2176,5120,21,0,11.8391,_ZN5aiter41f4gemm_bf16_per1x32Fp4_BpreShuffle_32x128E,481.81,619.98,0.0
gfx950,256,512,2176,5120,29,0,13.2131,_ZN5aiter41f4gemm_bf16_per1x32Fp4_BpreShuffle_64x128E,863.42,689.43,0.0
gfx950,256,1024,2176,5120,37,0,16.5486,_ZN5aiter41f4gemm_bf16_per1x32Fp4_BpreShuffle_96x128E,1378.79,764.32,0.0
gfx950,256,2048,2176,5120,46,0,21.673,_ZN5aiter42f4gemm_bf16_per1x32Fp4_BpreShuffle_160x128E,2105.57,910.18,0.0
gfx950,256,4096,2176,5120,47,0,31.6145,_ZN5aiter42f4gemm_bf16_per1x32Fp4_BpreShuffle_160x256E,2886.9,1071.73,0.0
gfx950,256,8192,2176,5120,47,0,60.8116,_ZN5aiter42f4gemm_bf16_per1x32Fp4_BpreShuffle_160x256E,3001.67,1022.73,0.0
gfx950,256,16384,2176,5120,44,0,109.3342,_ZN5aiter42f4gemm_bf16_per1x32Fp4_BpreShuffle_128x384E,3339.05,1086.73,0.0
gfx950,256,1,2560,5120,21,0,10.4119,_ZN5aiter41f4gemm_bf16_per1x32Fp4_BpreShuffle_32x128E,2.52,630.17,0.0
gfx950,256,2,2560,5120,21,0,10.4615,_ZN5aiter41f4gemm_bf16_per1x32Fp4_BpreShuffle_32x128E,5.01,627.92,0.0
gfx950,256,4,2560,5120,21,0,10.5911,_ZN5aiter41f4gemm_bf16_per1x32Fp4_BpreShuffle_32x128E,9.9,621.68,0.0
gfx950,256,8,2560,5120,21,0,10.7987,_ZN5aiter41f4gemm_bf16_per1x32Fp4_BpreShuffle_32x128E,19.42,612.58,0.0
gfx950,256,16,2560,5120,21,0,11.1159,_ZN5aiter41f4gemm_bf16_per1x32Fp4_BpreShuffle_32x128E,37.73,600.62,0.0
gfx950,256,32,2560,5120,21,0,11.8159,_ZN5aiter41f4gemm_bf16_per1x32Fp4_BpreShuffle_32x128E,70.99,575.44,0.0
gfx950,256,48,2560,5120,21,0,10.9091,_ZN5aiter41f4gemm_bf16_per1x32Fp4_BpreShuffle_32x128E,115.34,634.54,0.0
gfx950,256,64,2560,5120,21,0,11.2635,_ZN5aiter41f4gemm_bf16_per1x32Fp4_BpreShuffle_32x128E,148.95,625.48,0.0
gfx950,256,80,2560,5120,21,0,10.9007,_ZN5aiter41f4gemm_bf16_per1x32Fp4_BpreShuffle_32x128E,192.39,657.57,0.0
gfx950,256,96,2560,5120,21,0,11.1883,_ZN5aiter41f4gemm_bf16_per1x32Fp4_BpreShuffle_32x128E,224.93,651.65,0.0
gfx950,256,112,2560,5120,21,0,10.8336,_ZN5aiter41f4gemm_bf16_per1x32Fp4_BpreShuffle_32x128E,271.01,684.33,0.0
gfx950,256,128,2560,5120,21,0,11.0691,_ZN5aiter41f4gemm_bf16_per1x32Fp4_BpreShuffle_32x128E,303.14,680.87,0.0
gfx950,256,144,2560,5120,21,0,10.7899,_ZN5aiter41f4gemm_bf16_per1x32Fp4_BpreShuffle_32x128E,349.85,709.88,0.0
gfx950,256,160,2560,5120,21,0,11.0015,_ZN5aiter41f4gemm_bf16_per1x32Fp4_BpreShuffle_32x128E,381.25,707.39,0.0
gfx950,256,176,2560,5120,21,0,10.7611,_ZN5aiter41f4gemm_bf16_per1x32Fp4_BpreShuffle_32x128E,428.74,734.62,0.0
gfx950,256,192,2560,5120,21,0,10.9447,_ZN5aiter41f4gemm_bf16_per1x32Fp4_BpreShuffle_32x128E,459.87,733.52,0.0
gfx950,256,208,2560,5120,21,0,10.7947,_ZN5aiter41f4gemm_bf16_per1x32Fp4_BpreShuffle_32x128E,505.12,755.1,0.0
gfx950,256,224,2560,5120,21,0,10.9851,_ZN5aiter41f4gemm_bf16_per1x32Fp4_BpreShuffle_32x128E,534.54,753.19,0.0
gfx950,256,240,2560,5120,21,0,10.8255,_ZN5aiter41f4gemm_bf16_per1x32Fp4_BpreShuffle_32x128E,581.17,775.65,0.0
gfx950,256,256,2560,5120,21,0,10.9587,_ZN5aiter41f4gemm_bf16_per1x32Fp4_BpreShuffle_32x128E,612.38,777.44,0.0
gfx950,256,512,2560,5120,29,0,12.622,_ZN5aiter41f4gemm_bf16_per1x32Fp4_BpreShuffle_64x128E,1063.36,830.75,0.0
gfx950,256,1024,2560,5120,37,0,15.9278,_ZN5aiter41f4gemm_bf16_per1x32Fp4_BpreShuffle_96x128E,1685.33,905.2,0.0
gfx950,256,2048,2560,5120,38,0,22.5123,_ZN5aiter41f4gemm_bf16_per1x32Fp4_BpreShuffle_96x256E,2384.79,989.78,0.0
gfx950,256,4096,2560,5120,50,0,35.0493,_ZN5aiter42f4gemm_bf16_per1x32Fp4_BpreShuffle_192x256E,3063.52,1084.5,0.0
gfx950,256,8192,2560,5120,50,0,70.5933,_ZN5aiter42f4gemm_bf16_per1x32Fp4_BpreShuffle_192x256E,3042.05,984.06,0.0
gfx950,256,16384,2560,5120,45,0,120.3351,_ZN5aiter42f4gemm_bf16_per1x32Fp4_BpreShuffle_128x512E,3569.17,1100.12,0.0
gfx950,256,1,3072,5120,21,0,10.8471,_ZN5aiter41f4gemm_bf16_per1x32Fp4_BpreShuffle_32x128E,2.9,725.82,0.0
gfx950,256,2,3072,5120,21,0,10.9373,_ZN5aiter41f4gemm_bf16_per1x32Fp4_BpreShuffle_32x128E,5.75,720.63,0.0
gfx950,256,4,3072,5120,21,0,11.0651,_ZN5aiter41f4gemm_bf16_per1x32Fp4_BpreShuffle_32x128E,11.37,713.88,0.0
gfx950,256,8,3072,5120,21,0,11.2479,_ZN5aiter41f4gemm_bf16_per1x32Fp4_BpreShuffle_32x128E,22.37,705.37,0.0
gfx950,256,16,3072,5120,21,0,11.6155,_ZN5aiter41f4gemm_bf16_per1x32Fp4_BpreShuffle_32x128E,43.33,689.04,0.0
gfx950,256,32,3072,5120,21,0,12.3887,_ZN5aiter41f4gemm_bf16_per1x32Fp4_BpreShuffle_32x128E,81.25,657.28,0.0
gfx950,256,48,3072,5120,21,0,11.6071,_ZN5aiter41f4gemm_bf16_per1x32Fp4_BpreShuffle_32x128E,130.09,713.54,0.0
gfx950,256,64,3072,5120,21,0,12.0523,_ZN5aiter41f4gemm_bf16_per1x32Fp4_BpreShuffle_32x128E,167.04,698.74,0.0
gfx950,256,80,3072,5120,21,0,11.5651,_ZN5aiter41f4gemm_bf16_per1x32Fp4_BpreShuffle_32x128E,217.6,740.21,0.0
gfx950,256,96,3072,5120,21,0,11.8711,_ZN5aiter41f4gemm_bf16_per1x32Fp4_BpreShuffle_32x128E,254.39,732.86,0.0
gfx950,256,112,3072,5120,21,0,11.5155,_ZN5aiter41f4gemm_bf16_per1x32Fp4_BpreShuffle_32x128E,305.95,767.59,0.0
gfx950,256,128,3072,5120,21,0,11.8119,_ZN5aiter41f4gemm_bf16_per1x32Fp4_BpreShuffle_32x128E,340.89,760.12,0.0
gfx950,256,144,3072,5120,21,0,11.5219,_ZN5aiter41f4gemm_bf16_per1x32Fp4_BpreShuffle_32x128E,393.15,791.34,0.0
gfx950,256,160,3072,5120,21,0,11.7975,_ZN5aiter41f4gemm_bf16_per1x32Fp4_BpreShuffle_32x128E,426.63,784.65,0.0
gfx950,256,176,3072,5120,21,0,11.6187,_ZN5aiter41f4gemm_bf16_per1x32Fp4_BpreShuffle_32x128E,476.51,808.72,0.0
gfx950,256,192,3072,5120,21,0,11.7851,_ZN5aiter41f4gemm_bf16_per1x32Fp4_BpreShuffle_32x128E,512.49,809.11,0.0
gfx950,256,208,3072,5120,21,0,11.5511,_ZN5aiter41f4gemm_bf16_per1x32Fp4_BpreShuffle_32x128E,566.45,837.56,0.0
gfx950,256,224,3072,5120,21,0,11.6365,_ZN5aiter41f4gemm_bf16_per1x32Fp4_BpreShuffle_32x128E,605.55,843.38,0.0
gfx950,256,240,3072,5120,21,0,11.562,_ZN5aiter41f4gemm_bf16_per1x32Fp4_BpreShuffle_32x128E,652.98,860.86,0.0
gfx950,256,256,3072,5120,21,0,11.6322,_ZN5aiter41f4gemm_bf16_per1x32Fp4_BpreShuffle_32x128E,692.31,867.64,0.0
gfx950,256,512,3072,5120,29,0,13.2753,_ZN5aiter41f4gemm_bf16_per1x32Fp4_BpreShuffle_64x128E,1213.24,928.1,0.0
gfx950,256,1024,3072,5120,42,0,18.0815,_ZN5aiter42f4gemm_bf16_per1x32Fp4_BpreShuffle_128x128E,1781.5,927.87,0.0
gfx950,256,2048,3072,5120,51,0,26.6789,_ZN5aiter42f4gemm_bf16_per1x32Fp4_BpreShuffle_224x128E,2414.81,962.94,0.0
gfx950,256,4096,3072,5120,44,0,39.1513,_ZN5aiter42f4gemm_bf16_per1x32Fp4_BpreShuffle_128x384E,3291.05,1111.48,0.0
gfx950,256,8192,3072,5120,44,0,77.759,_ZN5aiter42f4gemm_bf16_per1x32Fp4_BpreShuffle_128x384E,3314.06,1018.11,0.0
gfx950,256,16384,3072,5120,45,0,128.6496,_ZN5aiter42f4gemm_bf16_per1x32Fp4_BpreShuffle_128x512E,4006.2,1169.62,0.0
gfx950,256,1,3584,5120,21,0,10.2879,_ZN5aiter41f4gemm_bf16_per1x32Fp4_BpreShuffle_32x128E,3.57,892.77,0.0
gfx950,256,2,3584,5120,21,0,10.3228,_ZN5aiter41f4gemm_bf16_per1x32Fp4_BpreShuffle_32x128E,7.11,890.7,0.0
gfx950,256,4,3584,5120,21,0,11.0071,_ZN5aiter41f4gemm_bf16_per1x32Fp4_BpreShuffle_32x128E,13.34,837.09,0.0
gfx950,256,8,3584,5120,21,0,10.6496,_ZN5aiter41f4gemm_bf16_per1x32Fp4_BpreShuffle_32x128E,27.57,868.85,0.0
gfx950,256,16,3584,5120,21,0,11.5446,_ZN5aiter41f4gemm_bf16_per1x32Fp4_BpreShuffle_32x128E,50.86,808.23,0.0
gfx950,256,32,3584,5120,29,0,11.5992,_ZN5aiter41f4gemm_bf16_per1x32Fp4_BpreShuffle_64x128E,101.25,817.84,0.0
gfx950,256,48,3584,5120,21,0,10.876,_ZN5aiter41f4gemm_bf16_per1x32Fp4_BpreShuffle_32x128E,161.97,886.54,0.0
gfx950,256,64,3584,5120,21,0,11.1663,_ZN5aiter41f4gemm_bf16_per1x32Fp4_BpreShuffle_32x128E,210.35,877.43,0.0
gfx950,256,80,3584,5120,21,0,10.975,_ZN5aiter41f4gemm_bf16_per1x32Fp4_BpreShuffle_32x128E,267.52,906.9,0.0
gfx950,256,96,3584,5120,21,0,11.0282,_ZN5aiter41f4gemm_bf16_per1x32Fp4_BpreShuffle_32x128E,319.47,916.64,0.0
gfx950,256,112,3584,5120,21,0,10.4755,_ZN5aiter41f4gemm_bf16_per1x32Fp4_BpreShuffle_32x128E,392.38,979.87,0.0
gfx950,256,128,3584,5120,21,0,10.5934,_ZN5aiter41f4gemm_bf16_per1x32Fp4_BpreShuffle_32x128E,443.45,983.65,0.0
gfx950,256,144,3584,5120,21,0,10.5384,_ZN5aiter41f4gemm_bf16_per1x32Fp4_BpreShuffle_32x128E,501.48,1003.56,0.0
gfx950,256,160,3584,5120,21,0,10.6455,_ZN5aiter41f4gemm_bf16_per1x32Fp4_BpreShuffle_32x128E,551.6,1008.08,0.0
gfx950,256,176,3584,5120,21,0,10.9334,_ZN5aiter41f4gemm_bf16_per1x32Fp4_BpreShuffle_32x128E,590.78,995.77,0.0
gfx950,256,192,3584,5120,21,0,10.6571,_ZN5aiter41f4gemm_bf16_per1x32Fp4_BpreShuffle_32x128E,661.2,1036.19,0.0
gfx950,256,208,3584,5120,21,0,10.5849,_ZN5aiter41f4gemm_bf16_per1x32Fp4_BpreShuffle_32x128E,721.18,1057.97,0.0
gfx950,256,224,3584,5120,21,0,10.6605,_ZN5aiter41f4gemm_bf16_per1x32Fp4_BpreShuffle_32x128E,771.15,1065.06,0.0
gfx950,256,240,3584,5120,21,0,10.487,_ZN5aiter41f4gemm_bf16_per1x32Fp4_BpreShuffle_32x128E,839.9,1097.53,0.0
gfx950,256,256,3584,5120,21,0,11.0562,_ZN5aiter41f4gemm_bf16_per1x32Fp4_BpreShuffle_32x128E,849.77,1055.1,0.0
gfx950,256,288,3584,5120,21,0,11.2766,_ZN5aiter41f4gemm_bf16_per1x32Fp4_BpreShuffle_32x128E,937.31,1062.08,0.0
gfx950,256,320,3584,5120,29,0,13.1146,_ZN5aiter41f4gemm_bf16_per1x32Fp4_BpreShuffle_64x128E,895.49,936.97,0.0
gfx950,256,352,3584,5120,29,0,12.9682,_ZN5aiter41f4gemm_bf16_per1x32Fp4_BpreShuffle_64x128E,996.16,971.55,0.0
gfx950,256,384,3584,5120,29,0,13.3823,_ZN5aiter41f4gemm_bf16_per1x32Fp4_BpreShuffle_64x128E,1053.1,964.75,0.0
gfx950,256,416,3584,5120,29,0,13.0725,_ZN5aiter41f4gemm_bf16_per1x32Fp4_BpreShuffle_64x128E,1167.89,1011.43,0.0
gfx950,256,448,3584,5120,29,0,13.4807,_ZN5aiter41f4gemm_bf16_per1x32Fp4_BpreShuffle_64x128E,1219.65,1003.89,0.0
gfx950,256,480,3584,5120,29,0,13.4631,_ZN5aiter41f4gemm_bf16_per1x32Fp4_BpreShuffle_64x128E,1308.47,1028.33,0.0
gfx950,256,512,3584,5120,29,0,12.733,_ZN5aiter41f4gemm_bf16_per1x32Fp4_BpreShuffle_64x128E,1475.73,1111.74,0.0
gfx950,256,1024,3584,5120,42,0,18.8171,_ZN5aiter42f4gemm_bf16_per1x32Fp4_BpreShuffle_128x128E,1997.17,1016.97,0.0
gfx950,256,2048,3584,5120,43,0,28.7439,_ZN5aiter42f4gemm_bf16_per1x32Fp4_BpreShuffle_128x256E,2614.88,1012.32,0.0
gfx950,256,4096,3584,5120,54,0,43.6459,_ZN5aiter42f4gemm_bf16_per1x32Fp4_BpreShuffle_256x256E,3444.17,1123.15,0.0
gfx950,256,8192,3584,5120,54,0,84.1083,_ZN5aiter42f4gemm_bf16_per1x32Fp4_BpreShuffle_256x256E,3574.53,1056.58,0.0
gfx950,256,16384,3584,5120,45,0,156.167,_ZN5aiter42f4gemm_bf16_per1x32Fp4_BpreShuffle_128x512E,3850.34,1079.35,0.0
gfx950,256,16,4096,5120,21,0,10.8938,_ZN5aiter41f4gemm_bf16_per1x32Fp4_BpreShuffle_32x128E,61.6,978.34,0.0
gfx950,256,32,4096,5120,21,0,12.2161,_ZN5aiter41f4gemm_bf16_per1x32Fp4_BpreShuffle_32x128E,109.87,886.52,0.0
gfx950,256,48,4096,5120,21,0,11.1847,_ZN5aiter41f4gemm_bf16_per1x32Fp4_BpreShuffle_32x128E,180.0,983.65,0.0
gfx950,256,64,4096,5120,21,0,11.3051,_ZN5aiter41f4gemm_bf16_per1x32Fp4_BpreShuffle_32x128E,237.45,988.39,0.0
gfx950,256,80,4096,5120,21,0,10.7981,_ZN5aiter41f4gemm_bf16_per1x32Fp4_BpreShuffle_32x128E,310.74,1050.73,0.0
gfx950,256,96,4096,5120,21,0,11.7036,_ZN5aiter41f4gemm_bf16_per1x32Fp4_BpreShuffle_32x128E,344.04,984.14,0.0
gfx950,256,112,4096,5120,21,0,11.2757,_ZN5aiter41f4gemm_bf16_per1x32Fp4_BpreShuffle_32x128E,416.61,1036.74,0.0
gfx950,256,128,4096,5120,21,0,11.1404,_ZN5aiter41f4gemm_bf16_per1x32Fp4_BpreShuffle_32x128E,481.91,1064.77,0.0
gfx950,256,144,4096,5120,21,0,11.5792,_ZN5aiter41f4gemm_bf16_per1x32Fp4_BpreShuffle_32x128E,521.61,1039.28,0.0
gfx950,256,160,4096,5120,21,0,11.1269,_ZN5aiter41f4gemm_bf16_per1x32Fp4_BpreShuffle_32x128E,603.12,1096.99,0.0
gfx950,256,176,4096,5120,21,0,11.415,_ZN5aiter41f4gemm_bf16_per1x32Fp4_BpreShuffle_32x128E,646.69,1084.37,0.0
gfx950,256,192,4096,5120,21,0,11.1947,_ZN5aiter41f4gemm_bf16_per1x32Fp4_BpreShuffle_32x128E,719.36,1121.08,0.0
gfx950,256,208,4096,5120,21,0,11.6509,_ZN5aiter41f4gemm_bf16_per1x32Fp4_BpreShuffle_32x128E,748.8,1091.95,0.0
gfx950,256,224,4096,5120,21,0,11.2495,_ZN5aiter41f4gemm_bf16_per1x32Fp4_BpreShuffle_32x128E,835.17,1146.2,0.0
gfx950,256,240,4096,5120,21,0,11.5927,_ZN5aiter41f4gemm_bf16_per1x32Fp4_BpreShuffle_32x128E,868.33,1127.11,0.0
gfx950,256,256,4096,5120,21,0,11.3777,_ZN5aiter41f4gemm_bf16_per1x32Fp4_BpreShuffle_32x128E,943.72,1163.53,0.0
gfx950,256,288,4096,5120,29,0,13.2109,_ZN5aiter41f4gemm_bf16_per1x32Fp4_BpreShuffle_64x128E,914.37,1028.12,0.0
gfx950,256,320,4096,5120,29,0,13.2167,_ZN5aiter41f4gemm_bf16_per1x32Fp4_BpreShuffle_64x128E,1015.52,1053.7,0.0
gfx950,256,352,4096,5120,29,0,13.1105,_ZN5aiter41f4gemm_bf16_per1x32Fp4_BpreShuffle_64x128E,1126.12,1088.48,0.0
gfx950,256,384,4096,5120,29,0,13.3861,_ZN5aiter41f4gemm_bf16_per1x32Fp4_BpreShuffle_64x128E,1203.2,1091.77,0.0
gfx950,256,416,4096,5120,29,0,13.5911,_ZN5aiter41f4gemm_bf16_per1x32Fp4_BpreShuffle_64x128E,1283.8,1100.62,0.0
gfx950,256,448,4096,5120,29,0,13.5903,_ZN5aiter41f4gemm_bf16_per1x32Fp4_BpreShuffle_64x128E,1382.64,1126.0,0.0
gfx950,256,480,4096,5120,29,0,13.5301,_ZN5aiter41f4gemm_bf16_per1x32Fp4_BpreShuffle_64x128E,1487.99,1156.44,0.0
gfx950,256,512,4096,5120,29,0,13.7867,_ZN5aiter41f4gemm_bf16_per1x32Fp4_BpreShuffle_64x128E,1557.65,1159.87,0.0
gfx950,256,1024,4096,5120,42,0,20.3918,_ZN5aiter42f4gemm_bf16_per1x32Fp4_BpreShuffle_128x128E,2106.22,1054.14,0.0
gfx950,256,2048,4096,5120,43,0,32.0698,_ZN5aiter42f4gemm_bf16_per1x32Fp4_BpreShuffle_128x256E,2678.51,1013.6,0.0
gfx950,256,4096,4096,5120,45,0,54.3144,_ZN5aiter42f4gemm_bf16_per1x32Fp4_BpreShuffle_128x512E,3163.04,1003.89,0.0
gfx950,256,8192,4096,5120,45,0,101.8635,_ZN5aiter42f4gemm_bf16_per1x32Fp4_BpreShuffle_128x512E,3373.12,967.63,0.0
gfx950,256,1,4352,5120,21,0,9.7864,_ZN5aiter41f4gemm_bf16_per1x32Fp4_BpreShuffle_32x128E,4.55,1139.58,0.0
gfx950,256,2,4352,5120,21,0,9.8928,_ZN5aiter41f4gemm_bf16_per1x32Fp4_BpreShuffle_32x128E,9.01,1128.46,0.0
gfx950,256,4,4352,5120,21,0,10.0012,_ZN5aiter41f4gemm_bf16_per1x32Fp4_BpreShuffle_32x128E,17.82,1118.48,0.0
gfx950,256,8,4352,5120,21,0,10.1483,_ZN5aiter41f4gemm_bf16_per1x32Fp4_BpreShuffle_32x128E,35.13,1106.71,0.0
gfx950,256,16,4352,5120,21,0,10.5186,_ZN5aiter41f4gemm_bf16_per1x32Fp4_BpreShuffle_32x128E,67.79,1076.32,0.0
gfx950,256,32,4352,5120,21,0,11.3641,_ZN5aiter41f4gemm_bf16_per1x32Fp4_BpreShuffle_32x128E,125.49,1012.1,0.0
gfx950,256,48,4352,5120,21,0,10.6263,_ZN5aiter41f4gemm_bf16_per1x32Fp4_BpreShuffle_32x128E,201.3,1099.33,0.0
gfx950,256,64,4352,5120,21,0,11.109,_ZN5aiter41f4gemm_bf16_per1x32Fp4_BpreShuffle_32x128E,256.74,1067.78,0.0
gfx950,256,80,4352,5120,21,0,10.6111,_ZN5aiter41f4gemm_bf16_per1x32Fp4_BpreShuffle_32x128E,335.98,1134.87,0.0
gfx950,256,96,4352,5120,21,0,11.5728,_ZN5aiter41f4gemm_bf16_per1x32Fp4_BpreShuffle_32x128E,369.68,1056.14,0.0
gfx950,256,112,4352,5120,21,0,10.623,_ZN5aiter41f4gemm_bf16_per1x32Fp4_BpreShuffle_32x128E,469.85,1167.53,0.0
gfx950,256,128,4352,5120,21,0,11.4923,_ZN5aiter41f4gemm_bf16_per1x32Fp4_BpreShuffle_32x128E,496.35,1094.9,0.0
gfx950,256,144,4352,5120,21,0,10.6996,_ZN5aiter41f4gemm_bf16_per1x32Fp4_BpreShuffle_32x128E,599.77,1192.86,0.0
gfx950,256,160,4352,5120,21,0,11.5582,_ZN5aiter41f4gemm_bf16_per1x32Fp4_BpreShuffle_32x128E,616.91,1119.84,0.0
gfx950,256,176,4352,5120,21,0,10.7006,_ZN5aiter41f4gemm_bf16_per1x32Fp4_BpreShuffle_32x128E,732.98,1226.43,0.0
gfx950,256,192,4352,5120,21,0,11.6159,_ZN5aiter41f4gemm_bf16_per1x32Fp4_BpreShuffle_32x128E,736.61,1145.31,0.0
gfx950,256,208,4352,5120,21,0,10.7615,_ZN5aiter41f4gemm_bf16_per1x32Fp4_BpreShuffle_32x128E,861.35,1252.99,0.0
gfx950,256,224,4352,5120,21,0,10.986,_ZN5aiter41f4gemm_bf16_per1x32Fp4_BpreShuffle_32x128E,908.65,1243.79,0.0
gfx950,256,240,4352,5120,29,0,13.1274,_ZN5aiter41f4gemm_bf16_per1x32Fp4_BpreShuffle_64x128E,814.74,1054.62,0.0
gfx950,256,256,4352,5120,29,0,12.9492,_ZN5aiter41f4gemm_bf16_per1x32Fp4_BpreShuffle_64x128E,881.02,1083.06,0.0
gfx950,256,512,4352,5120,37,0,15.5725,_ZN5aiter41f4gemm_bf16_per1x32Fp4_BpreShuffle_96x128E,1465.21,1085.78,0.0
gfx950,256,1024,4352,5120,46,0,20.0806,_ZN5aiter42f4gemm_bf16_per1x32Fp4_BpreShuffle_160x128E,2272.54,1129.22,0.0
gfx950,256,2048,4352,5120,47,0,32.1558,_ZN5aiter42f4gemm_bf16_per1x32Fp4_BpreShuffle_160x256E,2838.31,1063.88,0.0
gfx950,256,4096,4352,5120,47,0,63.1637,_ZN5aiter42f4gemm_bf16_per1x32Fp4_BpreShuffle_160x256E,2889.89,906.83,0.0
gfx950,256,8192,4352,5120,44,0,107.3006,_ZN5aiter42f4gemm_bf16_per1x32Fp4_BpreShuffle_128x384E,3402.33,963.8,0.0
gfx950,256,16384,4352,5120,48,0,191.6275,_ZN5aiter42f4gemm_bf16_per1x32Fp4_BpreShuffle_160x384E,3810.23,1021.2,0.0
gfx950,256,1,5120,256,21,0,3.5686,_ZN5aiter41f4gemm_bf16_per1x32Fp4_BpreShuffle_32x128E,0.73,186.55,0.0
gfx950,256,2,5120,256,29,0,4.173,_ZN5aiter41f4gemm_bf16_per1x32Fp4_BpreShuffle_64x128E,1.26,162.02,0.0
gfx950,256,4,5120,256,21,0,4.2158,_ZN5aiter41f4gemm_bf16_per1x32Fp4_BpreShuffle_32x128E,2.49,165.29,0.0
gfx950,256,8,5120,256,21,0,4.239,_ZN5aiter41f4gemm_bf16_per1x32Fp4_BpreShuffle_32x128E,4.95,174.17,0.0
gfx950,256,16,5120,256,21,0,4.2706,_ZN5aiter41f4gemm_bf16_per1x32Fp4_BpreShuffle_32x128E,9.82,192.3,0.0
gfx950,256,32,5120,256,21,0,3.8194,_ZN5aiter41f4gemm_bf16_per1x32Fp4_BpreShuffle_32x128E,21.96,258.45,0.0
gfx950,256,48,5120,256,42,0,16.6191,_ZN5aiter42f4gemm_bf16_per1x32Fp4_BpreShuffle_128x128E,7.57,69.38,0.0
gfx950,256,64,5120,256,37,0,12.4198,_ZN5aiter41f4gemm_bf16_per1x32Fp4_BpreShuffle_96x128E,13.51,106.19,0.0
gfx950,256,80,5120,256,29,0,12.7754,_ZN5aiter41f4gemm_bf16_per1x32Fp4_BpreShuffle_64x128E,16.42,116.22,0.0
gfx950,256,96,5120,256,29,0,13.0772,_ZN5aiter41f4gemm_bf16_per1x32Fp4_BpreShuffle_64x128E,19.24,126.23,0.0
gfx950,256,112,5120,256,22,0,13.3274,_ZN5aiter41f4gemm_bf16_per1x32Fp4_BpreShuffle_32x256E,22.03,136.3,0.0
gfx950,256,128,5120,256,29,0,13.5016,_ZN5aiter41f4gemm_bf16_per1x32Fp4_BpreShuffle_64x128E,24.85,146.83,0.0
gfx950,256,144,5120,256,25,0,18.1487,_ZN5aiter41f4gemm_bf16_per1x32Fp4_BpreShuffle_32x640E,20.8,118.37,0.0
gfx950,256,160,5120,256,29,0,16.0485,_ZN5aiter41f4gemm_bf16_per1x32Fp4_BpreShuffle_64x128E,26.14,144.2,0.0
gfx950,256,176,5120,256,51,0,17.1937,_ZN5aiter42f4gemm_bf16_per1x32Fp4_BpreShuffle_224x128E,26.83,144.25,0.0
gfx950,256,192,5120,256,22,0,14.3152,_ZN5aiter41f4gemm_bf16_per1x32Fp4_BpreShuffle_32x256E,35.16,184.84,0.0
gfx950,256,208,5120,256,38,0,18.1545,_ZN5aiter41f4gemm_bf16_per1x32Fp4_BpreShuffle_96x256E,30.03,154.89,0.0
gfx950,256,224,5120,256,29,0,17.265,_ZN5aiter41f4gemm_bf16_per1x32Fp4_BpreShuffle_64x128E,34.01,172.48,0.0
gfx950,256,240,5120,256,38,0,15.7359,_ZN5aiter41f4gemm_bf16_per1x32Fp4_BpreShuffle_96x256E,39.98,199.78,0.0
gfx950,256,256,5120,256,30,0,15.7679,_ZN5aiter41f4gemm_bf16_per1x32Fp4_BpreShuffle_64x256E,42.56,209.89,0.0
gfx950,256,512,5120,256,37,0,19.9789,_ZN5aiter41f4gemm_bf16_per1x32Fp4_BpreShuffle_96x128E,67.18,298.5,0.0
gfx950,256,1024,5120,256,39,0,18.4883,_ZN5aiter41f4gemm_bf16_per1x32Fp4_BpreShuffle_96x384E,145.19,609.69,0.0
gfx950,256,2048,5120,256,34,0,29.1907,_ZN5aiter41f4gemm_bf16_per1x32Fp4_BpreShuffle_64x768E,183.92,749.86,0.0
gfx950,256,4096,5120,256,44,0,44.9594,_ZN5aiter42f4gemm_bf16_per1x32Fp4_BpreShuffle_128x384E,238.82,959.15,0.0
gfx950,256,8192,5120,256,45,0,66.737,_ZN5aiter42f4gemm_bf16_per1x32Fp4_BpreShuffle_128x512E,321.78,1282.5,0.0
gfx950,256,16384,5120,256,54,0,132.8244,_ZN5aiter42f4gemm_bf16_per1x32Fp4_BpreShuffle_256x256E,323.36,1283.84,0.0
gfx950,256,1,5120,768,14,0,4.7318,a4w4_blockscale_256x32x128x128_16x16_16x16_8x32x1_8x32x1_1x16x1x16_8_2x2_intrawave_v3,1.66,417.75,0.0
gfx950,256,2,5120,768,14,0,4.1817,a4w4_blockscale_256x32x128x128_16x16_16x16_8x32x1_8x32x1_1x16x1x16_8_2x2_intrawave_v3,3.76,475.24,0.0
gfx950,256,4,5120,768,14,0,4.247,a4w4_blockscale_256x32x128x128_16x16_16x16_8x32x1_8x32x1_1x16x1x16_8_2x2_intrawave_v3,7.41,472.94,0.0
gfx950,256,8,5120,768,14,0,4.8338,a4w4_blockscale_256x32x128x128_16x16_16x16_8x32x1_8x32x1_1x16x1x16_8_2x2_intrawave_v3,13.02,424.32,0.0
gfx950,256,16,5120,768,14,0,4.237,a4w4_blockscale_256x32x128x128_16x16_16x16_8x32x1_8x32x1_1x16x1x16_8_2x2_intrawave_v3,29.7,504.15,0.0
gfx950,256,32,5120,768,14,0,4.9783,a4w4_blockscale_256x32x128x128_16x16_16x16_8x32x1_8x32x1_1x16x1x16_8_2x2_intrawave_v3,50.55,463.22,0.0
gfx950,256,48,5120,768,14,0,4.5296,a4w4_blockscale_256x32x128x128_16x16_16x16_8x32x1_8x32x1_1x16x1x16_8_2x2_intrawave_v3,83.34,546.63,0.0
gfx950,256,64,5120,768,14,0,5.1494,a4w4_blockscale_256x32x128x128_16x16_16x16_8x32x1_8x32x1_1x16x1x16_8_2x2_intrawave_v3,97.74,513.85,0.0
gfx950,256,80,5120,768,14,0,4.5914,a4w4_blockscale_256x32x128x128_16x16_16x16_8x32x1_8x32x1_1x16x1x16_8_2x2_intrawave_v3,137.03,613.32,0.0
gfx950,256,96,5120,768,14,0,5.2782,a4w4_blockscale_256x32x128x128_16x16_16x16_8x32x1_8x32x1_1x16x1x16_8_2x2_intrawave_v3,143.04,565.72,0.0
gfx950,256,112,5120,768,14,0,4.679,a4w4_blockscale_256x32x128x128_16x16_16x16_8x32x1_8x32x1_1x16x1x16_8_2x2_intrawave_v3,188.25,674.5,0.0
gfx950,256,128,5120,768,14,0,5.3227,a4w4_blockscale_256x32x128x128_16x16_16x16_8x32x1_8x32x1_1x16x1x16_8_2x2_intrawave_v3,189.12,624.86,0.0
gfx950,256,144,5120,768,21,0,5.3951,_ZN5aiter41f4gemm_bf16_per1x32Fp4_BpreShuffle_32x128E,209.91,647.98,0.0
gfx950,256,160,5120,768,21,0,5.4419,_ZN5aiter41f4gemm_bf16_per1x32Fp4_BpreShuffle_32x128E,231.22,673.65,0.0
gfx950,256,176,5120,768,21,0,5.4172,_ZN5aiter41f4gemm_bf16_per1x32Fp4_BpreShuffle_32x128E,255.5,708.1,0.0
gfx950,256,192,5120,768,21,0,5.4746,_ZN5aiter41f4gemm_bf16_per1x32Fp4_BpreShuffle_32x128E,275.81,731.72,0.0
gfx950,256,208,5120,768,29,0,5.7344,_ZN5aiter41f4gemm_bf16_per1x32Fp4_BpreShuffle_64x128E,285.26,728.21,0.0
gfx950,256,224,5120,768,22,0,5.8278,_ZN5aiter41f4gemm_bf16_per1x32Fp4_BpreShuffle_32x256E,302.28,745.71,0.0
gfx950,256,240,5120,768,22,0,5.8382,_ZN5aiter41f4gemm_bf16_per1x32Fp4_BpreShuffle_32x256E,323.29,773.5,0.0
gfx950,256,256,5120,768,22,0,5.89,_ZN5aiter41f4gemm_bf16_per1x32Fp4_BpreShuffle_32x256E,341.81,795.56,0.0
gfx950,256,512,5120,768,37,0,6.9084,_ZN5aiter41f4gemm_bf16_per1x32Fp4_BpreShuffle_96x128E,582.85,1071.97,0.0
gfx950,256,1024,5120,768,13,0,8.3467,a4w4_blockscale_256x96x128x128_16x16_16x16_8x32x1_8x32x1_1x16x1x16_8_2x2_intrawave_v3,964.82,1538.94,0.0
gfx950,256,2048,5120,768,40,0,12.2857,_ZN5aiter41f4gemm_bf16_per1x32Fp4_BpreShuffle_96x512E,1310.97,1931.03,0.0
gfx950,256,4096,5120,768,33,0,23.3048,_ZN5aiter41f4gemm_bf16_per1x32Fp4_BpreShuffle_64x640E,1382.22,1951.61,0.0
gfx950,256,8192,5120,768,45,0,39.363,_ZN5aiter42f4gemm_bf16_per1x32Fp4_BpreShuffle_128x512E,1636.68,2260.95,0.0
gfx950,256,16384,5120,768,45,0,67.1169,_ZN5aiter42f4gemm_bf16_per1x32Fp4_BpreShuffle_128x512E,1919.77,2622.73,0.0
gfx950,256,1,5120,1536,21,0,5.631,_ZN5aiter41f4gemm_bf16_per1x32Fp4_BpreShuffle_32x128E,2.79,700.26,0.0
gfx950,256,2,5120,1536,29,0,6.1542,_ZN5aiter41f4gemm_bf16_per1x32Fp4_BpreShuffle_64x128E,5.11,642.52,0.0
gfx950,256,4,5120,1536,21,0,5.6735,_ZN5aiter41f4gemm_bf16_per1x32Fp4_BpreShuffle_32x128E,11.09,700.84,0.0
gfx950,256,8,5120,1536,29,0,6.2036,_ZN5aiter41f4gemm_bf16_per1x32Fp4_BpreShuffle_64x128E,20.28,648.05,0.0
gfx950,256,16,5120,1536,21,0,5.8075,_ZN5aiter41f4gemm_bf16_per1x32Fp4_BpreShuffle_32x128E,43.33,707.41,0.0
gfx950,256,32,5120,1536,21,0,6.4185,_ZN5aiter41f4gemm_bf16_per1x32Fp4_BpreShuffle_32x128E,78.42,667.51,0.0
gfx950,256,48,5120,1536,21,0,5.8843,_ZN5aiter41f4gemm_bf16_per1x32Fp4_BpreShuffle_32x128E,128.3,758.04,0.0
gfx950,256,64,5120,1536,21,0,6.5471,_ZN5aiter41f4gemm_bf16_per1x32Fp4_BpreShuffle_32x128E,153.75,708.2,0.0
gfx950,256,80,5120,1536,21,0,5.9178,_ZN5aiter41f4gemm_bf16_per1x32Fp4_BpreShuffle_32x128E,212.63,813.28,0.0
gfx950,256,96,5120,1536,21,0,6.3146,_ZN5aiter41f4gemm_bf16_per1x32Fp4_BpreShuffle_32x128E,239.12,790.06,0.0
gfx950,256,112,5120,1536,21,0,5.9401,_ZN5aiter41f4gemm_bf16_per1x32Fp4_BpreShuffle_32x128E,296.56,869.52,0.0
gfx950,256,128,5120,1536,21,0,6.5454,_ZN5aiter41f4gemm_bf16_per1x32Fp4_BpreShuffle_32x128E,307.58,816.02,0.0
gfx950,256,144,5120,1536,21,0,5.9267,_ZN5aiter41f4gemm_bf16_per1x32Fp4_BpreShuffle_32x128E,382.16,930.92,0.0
gfx950,256,160,5120,1536,21,0,6.5724,_ZN5aiter41f4gemm_bf16_per1x32Fp4_BpreShuffle_32x128E,382.9,866.26,0.0
gfx950,256,176,5120,1536,21,0,5.9779,_ZN5aiter41f4gemm_bf16_per1x32Fp4_BpreShuffle_32x128E,463.08,981.88,0.0
gfx950,256,192,5120,1536,21,0,6.6234,_ZN5aiter41f4gemm_bf16_per1x32Fp4_BpreShuffle_32x128E,455.94,912.78,0.0
gfx950,256,208,5120,1536,29,0,6.4876,_ZN5aiter41f4gemm_bf16_per1x32Fp4_BpreShuffle_64x128E,504.28,959.03,0.0
gfx950,256,224,5120,1536,29,0,7.0253,_ZN5aiter41f4gemm_bf16_per1x32Fp4_BpreShuffle_64x128E,501.5,910.7,0.0
gfx950,256,240,5120,1536,29,0,6.6819,_ZN5aiter41f4gemm_bf16_per1x32Fp4_BpreShuffle_64x128E,564.94,983.86,0.0
gfx950,256,256,5120,1536,29,0,6.7563,_ZN5aiter41f4gemm_bf16_per1x32Fp4_BpreShuffle_64x128E,595.97,999.1,0.0
gfx950,256,288,5120,1536,29,0,7.0742,_ZN5aiter41f4gemm_bf16_per1x32Fp4_BpreShuffle_64x128E,640.33,1004.0,0.0
gfx950,256,320,5120,1536,29,0,7.808,_ZN5aiter41f4gemm_bf16_per1x32Fp4_BpreShuffle_64x128E,644.62,954.75,0.0
gfx950,256,352,5120,1536,29,0,7.1818,_ZN5aiter41f4gemm_bf16_per1x32Fp4_BpreShuffle_64x128E,770.9,1087.05,0.0
gfx950,256,384,5120,1536,29,0,7.7961,_ZN5aiter41f4gemm_bf16_per1x32Fp4_BpreShuffle_64x128E,774.72,1046.58,0.0
gfx950,256,416,5120,1536,37,0,8.2408,_ZN5aiter41f4gemm_bf16_per1x32Fp4_BpreShuffle_96x128E,793.99,1032.85,0.0
gfx950,256,448,5120,1536,37,0,8.8361,_ZN5aiter41f4gemm_bf16_per1x32Fp4_BpreShuffle_96x128E,797.46,1003.13,0.0
gfx950,256,480,5120,1536,37,0,8.5832,_ZN5aiter41f4gemm_bf16_per1x32Fp4_BpreShuffle_96x128E,879.6,1073.73,0.0
gfx950,256,512,5120,1536,37,0,8.2664,_ZN5aiter41f4gemm_bf16_per1x32Fp4_BpreShuffle_96x128E,974.19,1157.49,0.0
gfx950,256,1024,5120,1536,38,0,11.0837,_ZN5aiter41f4gemm_bf16_per1x32Fp4_BpreShuffle_96x256E,1453.14,1371.78,0.0
gfx950,256,2048,5120,1536,50,0,16.7485,_ZN5aiter42f4gemm_bf16_per1x32Fp4_BpreShuffle_192x256E,1923.29,1580.83,0.0
gfx950,256,4096,5120,1536,44,0,32.4264,_ZN5aiter42f4gemm_bf16_per1x32Fp4_BpreShuffle_128x384E,1986.79,1511.76,0.0
gfx950,256,8192,5120,1536,54,0,53.8512,_ZN5aiter42f4gemm_bf16_per1x32Fp4_BpreShuffle_256x256E,2392.69,1747.59,0.0
gfx950,256,16384,5120,1536,45,0,93.1059,_ZN5aiter42f4gemm_bf16_per1x32Fp4_BpreShuffle_128x512E,2767.79,1979.33,0.0
gfx950,256,1,5120,2176,21,0,7.1182,_ZN5aiter41f4gemm_bf16_per1x32Fp4_BpreShuffle_32x128E,3.13,784.17,0.0
gfx950,256,2,5120,2176,21,0,7.1443,_ZN5aiter41f4gemm_bf16_per1x32Fp4_BpreShuffle_32x128E,6.24,782.89,0.0
gfx950,256,4,5120,2176,21,0,6.6843,_ZN5aiter41f4gemm_bf16_per1x32Fp4_BpreShuffle_32x128E,13.33,840.16,0.0
gfx950,256,8,5120,2176,21,0,7.306,_ZN5aiter41f4gemm_bf16_per1x32Fp4_BpreShuffle_32x128E,24.4,774.87,0.0
gfx950,256,16,5120,2176,21,0,7.0251,_ZN5aiter41f4gemm_bf16_per1x32Fp4_BpreShuffle_32x128E,50.75,818.75,0.0
gfx950,256,32,5120,2176,21,0,7.5369,_ZN5aiter41f4gemm_bf16_per1x32Fp4_BpreShuffle_32x128E,94.61,787.2,0.0
gfx950,256,48,5120,2176,21,0,7.5883,_ZN5aiter41f4gemm_bf16_per1x32Fp4_BpreShuffle_32x128E,140.95,805.75,0.0
gfx950,256,64,5120,2176,21,0,7.3437,_ZN5aiter41f4gemm_bf16_per1x32Fp4_BpreShuffle_32x128E,194.19,857.27,0.0
gfx950,256,80,5120,2176,21,0,7.5682,_ZN5aiter41f4gemm_bf16_per1x32Fp4_BpreShuffle_32x128E,235.54,855.79,0.0
gfx950,256,96,5120,2176,21,0,7.3107,_ZN5aiter41f4gemm_bf16_per1x32Fp4_BpreShuffle_32x128E,292.6,910.73,0.0
gfx950,256,112,5120,2176,21,0,7.591,_ZN5aiter41f4gemm_bf16_per1x32Fp4_BpreShuffle_32x128E,328.76,900.97,0.0
gfx950,256,128,5120,2176,21,0,7.2899,_ZN5aiter41f4gemm_bf16_per1x32Fp4_BpreShuffle_32x128E,391.24,963.05,0.0
gfx950,256,144,5120,2176,21,0,7.6439,_ZN5aiter41f4gemm_bf16_per1x32Fp4_BpreShuffle_32x128E,419.77,942.16,0.0
gfx950,256,160,5120,2176,21,0,7.2419,_ZN5aiter41f4gemm_bf16_per1x32Fp4_BpreShuffle_32x128E,492.3,1019.49,0.0
gfx950,256,176,5120,2176,21,0,7.6895,_ZN5aiter41f4gemm_bf16_per1x32Fp4_BpreShuffle_32x128E,510.0,983.72,0.0
gfx950,256,192,5120,2176,21,0,7.2791,_ZN5aiter41f4gemm_bf16_per1x32Fp4_BpreShuffle_32x128E,587.74,1064.08,0.0
gfx950,256,208,5120,2176,29,0,8.2318,_ZN5aiter41f4gemm_bf16_per1x32Fp4_BpreShuffle_64x128E,563.02,962.95,0.0
gfx950,256,224,5120,2176,29,0,8.0524,_ZN5aiter41f4gemm_bf16_per1x32Fp4_BpreShuffle_64x128E,619.84,1006.91,0.0
gfx950,256,240,5120,2176,29,0,8.9083,_ZN5aiter41f4gemm_bf16_per1x32Fp4_BpreShuffle_64x128E,600.31,930.51,0.0
gfx950,256,256,5120,2176,29,0,8.692,_ZN5aiter41f4gemm_bf16_per1x32Fp4_BpreShuffle_64x128E,656.26,974.52,0.0
gfx950,256,512,5120,2176,37,0,9.9445,_ZN5aiter41f4gemm_bf16_per1x32Fp4_BpreShuffle_96x128E,1147.22,1143.4,0.0
gfx950,256,1024,5120,2176,49,0,14.4201,_ZN5aiter42f4gemm_bf16_per1x32Fp4_BpreShuffle_192x128E,1582.31,1190.73,0.0
gfx950,256,2048,5120,2176,50,0,21.7864,_ZN5aiter42f4gemm_bf16_per1x32Fp4_BpreShuffle_192x256E,2094.61,1320.56,0.0
gfx950,256,4096,5120,2176,44,0,41.8074,_ZN5aiter42f4gemm_bf16_per1x32Fp4_BpreShuffle_128x384E,2183.06,1243.08,0.0
gfx950,256,8192,5120,2176,45,0,68.7017,_ZN5aiter42f4gemm_bf16_per1x32Fp4_BpreShuffle_128x512E,2656.94,1431.84,0.0
gfx950,256,16384,5120,2176,45,0,116.8143,_ZN5aiter42f4gemm_bf16_per1x32Fp4_BpreShuffle_128x512E,3125.24,1636.52,0.0
gfx950,256,1,5120,3072,21,0,8.0691,_ZN5aiter41f4gemm_bf16_per1x32Fp4_BpreShuffle_32x128E,3.9,976.08,0.0
gfx950,256,2,5120,3072,21,0,8.1223,_ZN5aiter41f4gemm_bf16_per1x32Fp4_BpreShuffle_32x128E,7.75,971.14,0.0
gfx950,256,4,5120,3072,21,0,8.1699,_ZN5aiter41f4gemm_bf16_per1x32Fp4_BpreShuffle_32x128E,15.4,968.36,0.0
gfx950,256,8,5120,3072,21,0,8.2755,_ZN5aiter41f4gemm_bf16_per1x32Fp4_BpreShuffle_32x128E,30.41,961.7,0.0
gfx950,256,16,5120,3072,21,0,8.5023,_ZN5aiter41f4gemm_bf16_per1x32Fp4_BpreShuffle_32x128E,59.2,947.12,0.0
gfx950,256,32,5120,3072,21,0,8.9799,_ZN5aiter41f4gemm_bf16_per1x32Fp4_BpreShuffle_32x128E,112.1,917.73,0.0
gfx950,256,48,5120,3072,21,0,8.4092,_ZN5aiter41f4gemm_bf16_per1x32Fp4_BpreShuffle_32x128E,179.56,1002.42,0.0
gfx950,256,64,5120,3072,21,0,8.8371,_ZN5aiter41f4gemm_bf16_per1x32Fp4_BpreShuffle_32x128E,227.82,975.2,0.0
gfx950,256,80,5120,3072,21,0,8.5728,_ZN5aiter41f4gemm_bf16_per1x32Fp4_BpreShuffle_32x128E,293.55,1027.25,0.0
gfx950,256,96,5120,3072,21,0,8.7393,_ZN5aiter41f4gemm_bf16_per1x32Fp4_BpreShuffle_32x128E,345.55,1029.24,0.0
gfx950,256,112,5120,3072,21,0,8.3403,_ZN5aiter41f4gemm_bf16_per1x32Fp4_BpreShuffle_32x128E,422.43,1101.07,0.0
gfx950,256,128,5120,3072,21,0,8.7475,_ZN5aiter41f4gemm_bf16_per1x32Fp4_BpreShuffle_32x128E,460.31,1071.35,0.0
gfx950,256,144,5120,3072,21,0,8.6435,_ZN5aiter41f4gemm_bf16_per1x32Fp4_BpreShuffle_32x128E,524.08,1106.04,0.0
gfx950,256,160,5120,3072,21,0,8.6634,_ZN5aiter41f4gemm_bf16_per1x32Fp4_BpreShuffle_32x128E,580.97,1125.25,0.0
gfx950,256,176,5120,3072,21,0,8.7195,_ZN5aiter41f4gemm_bf16_per1x32Fp4_BpreShuffle_32x128E,634.95,1139.62,0.0
gfx950,256,192,5120,3072,21,0,8.8462,_ZN5aiter41f4gemm_bf16_per1x32Fp4_BpreShuffle_32x128E,682.76,1144.59,0.0
gfx950,256,208,5120,3072,29,0,9.0169,_ZN5aiter41f4gemm_bf16_per1x32Fp4_BpreShuffle_64x128E,725.65,1143.82,0.0
gfx950,256,224,5120,3072,29,0,9.3265,_ZN5aiter41f4gemm_bf16_per1x32Fp4_BpreShuffle_64x128E,755.53,1126.05,0.0
gfx950,256,240,5120,3072,29,0,9.7371,_ZN5aiter41f4gemm_bf16_per1x32Fp4_BpreShuffle_64x128E,775.36,1097.92,0.0
gfx950,256,256,5120,3072,29,0,9.9067,_ZN5aiter41f4gemm_bf16_per1x32Fp4_BpreShuffle_64x128E,812.89,1098.14,0.0
gfx950,256,288,5120,3072,29,0,9.345,_ZN5aiter41f4gemm_bf16_per1x32Fp4_BpreShuffle_64x128E,969.47,1204.47,0.0
gfx950,256,320,5120,3072,29,0,10.2841,_ZN5aiter41f4gemm_bf16_per1x32Fp4_BpreShuffle_64x128E,978.82,1131.13,0.0
gfx950,256,352,5120,3072,29,0,10.1458,_ZN5aiter41f4gemm_bf16_per1x32Fp4_BpreShuffle_64x128E,1091.38,1183.69,0.0
gfx950,256,384,5120,3072,29,0,10.5733,_ZN5aiter41f4gemm_bf16_per1x32Fp4_BpreShuffle_64x128E,1142.46,1171.47,0.0
gfx950,256,416,5120,3072,37,0,11.396,_ZN5aiter41f4gemm_bf16_per1x32Fp4_BpreShuffle_96x128E,1148.32,1119.97,0.0
gfx950,256,448,5120,3072,37,0,11.8191,_ZN5aiter41f4gemm_bf16_per1x32Fp4_BpreShuffle_96x128E,1192.38,1111.76,0.0
gfx950,256,480,5120,3072,37,0,12.2683,_ZN5aiter41f4gemm_bf16_per1x32Fp4_BpreShuffle_96x128E,1230.77,1101.77,0.0
gfx950,256,512,5120,3072,37,0,11.0148,_ZN5aiter41f4gemm_bf16_per1x32Fp4_BpreShuffle_96x128E,1462.23,1261.36,0.0
gfx950,256,1024,5120,3072,49,0,15.6779,_ZN5aiter42f4gemm_bf16_per1x32Fp4_BpreShuffle_192x128E,2054.63,1270.77,0.0
gfx950,256,2048,5120,3072,50,0,23.7901,_ZN5aiter42f4gemm_bf16_per1x32Fp4_BpreShuffle_192x256E,2708.04,1344.32,0.0
gfx950,256,4096,5120,3072,50,0,48.1399,_ZN5aiter42f4gemm_bf16_per1x32Fp4_BpreShuffle_192x256E,2676.55,1165.33,0.0
gfx950,256,8192,5120,3072,45,0,82.5966,_ZN5aiter42f4gemm_bf16_per1x32Fp4_BpreShuffle_128x512E,3119.96,1263.17,0.0
gfx950,256,16384,5120,3072,54,0,139.5874,_ZN5aiter42f4gemm_bf16_per1x32Fp4_BpreShuffle_256x256E,3692.28,1438.54,0.0
gfx950,256,1,5120,4352,21,0,9.5986,_ZN5aiter41f4gemm_bf16_per1x32Fp4_BpreShuffle_32x128E,4.64,1162.0,0.0
gfx950,256,2,5120,4352,21,0,9.1141,_ZN5aiter41f4gemm_bf16_per1x32Fp4_BpreShuffle_32x128E,9.78,1225.13,0.0
gfx950,256,4,5120,4352,21,0,9.7488,_ZN5aiter41f4gemm_bf16_per1x32Fp4_BpreShuffle_32x128E,18.29,1147.91,0.0
gfx950,256,8,5120,4352,21,0,9.2936,_ZN5aiter41f4gemm_bf16_per1x32Fp4_BpreShuffle_32x128E,38.36,1209.48,0.0
gfx950,256,16,5120,4352,21,0,9.8781,_ZN5aiter41f4gemm_bf16_per1x32Fp4_BpreShuffle_32x128E,72.18,1147.97,0.0
gfx950,256,32,5120,4352,21,0,10.2095,_ZN5aiter41f4gemm_bf16_per1x32Fp4_BpreShuffle_32x128E,139.68,1130.17,0.0
gfx950,256,48,5120,4352,21,0,9.8623,_ZN5aiter41f4gemm_bf16_per1x32Fp4_BpreShuffle_32x128E,216.9,1190.1,0.0
gfx950,256,64,5120,4352,21,0,9.9606,_ZN5aiter41f4gemm_bf16_per1x32Fp4_BpreShuffle_32x128E,286.34,1198.3,0.0
gfx950,256,80,5120,4352,21,0,10.3104,_ZN5aiter41f4gemm_bf16_per1x32Fp4_BpreShuffle_32x128E,345.78,1176.91,0.0
gfx950,256,96,5120,4352,21,0,9.8861,_ZN5aiter41f4gemm_bf16_per1x32Fp4_BpreShuffle_32x128E,432.75,1247.51,0.0
gfx950,256,112,5120,4352,21,0,10.3328,_ZN5aiter41f4gemm_bf16_per1x32Fp4_BpreShuffle_32x128E,483.05,1212.81,0.0
gfx950,256,128,5120,4352,21,0,9.8445,_ZN5aiter41f4gemm_bf16_per1x32Fp4_BpreShuffle_32x128E,579.44,1293.15,0.0
gfx950,256,144,5120,4352,21,0,10.3643,_ZN5aiter41f4gemm_bf16_per1x32Fp4_BpreShuffle_32x128E,619.17,1247.46,0.0
gfx950,256,160,5120,4352,21,0,9.8762,_ZN5aiter41f4gemm_bf16_per1x32Fp4_BpreShuffle_32x128E,721.97,1329.22,0.0
gfx950,256,176,5120,4352,21,0,10.4572,_ZN5aiter41f4gemm_bf16_per1x32Fp4_BpreShuffle_32x128E,750.04,1274.37,0.0
gfx950,256,192,5120,4352,21,0,10.3181,_ZN5aiter41f4gemm_bf16_per1x32Fp4_BpreShuffle_32x128E,829.26,1310.8,0.0
gfx950,256,208,5120,4352,29,0,11.1035,_ZN5aiter41f4gemm_bf16_per1x32Fp4_BpreShuffle_64x128E,834.82,1235.97,0.0
gfx950,256,224,5120,4352,29,0,11.3418,_ZN5aiter41f4gemm_bf16_per1x32Fp4_BpreShuffle_64x128E,880.15,1227.52,0.0
gfx950,256,240,5120,4352,29,0,11.3186,_ZN5aiter41f4gemm_bf16_per1x32Fp4_BpreShuffle_64x128E,944.95,1247.59,0.0
gfx950,256,256,5120,4352,29,0,11.9733,_ZN5aiter41f4gemm_bf16_per1x32Fp4_BpreShuffle_64x128E,952.83,1195.96,0.0
gfx950,256,288,5120,4352,29,0,12.0046,_ZN5aiter41f4gemm_bf16_per1x32Fp4_BpreShuffle_64x128E,1069.14,1225.94,0.0
gfx950,256,320,5120,4352,29,0,12.5118,_ZN5aiter41f4gemm_bf16_per1x32Fp4_BpreShuffle_64x128E,1139.77,1208.0,0.0
gfx950,256,352,5120,4352,29,0,12.1796,_ZN5aiter41f4gemm_bf16_per1x32Fp4_BpreShuffle_64x128E,1287.95,1273.57,0.0
gfx950,256,384,5120,4352,29,0,12.3679,_ZN5aiter41f4gemm_bf16_per1x32Fp4_BpreShuffle_64x128E,1383.64,1286.3,0.0
gfx950,256,416,5120,4352,37,0,13.9535,_ZN5aiter41f4gemm_bf16_per1x32Fp4_BpreShuffle_96x128E,1328.61,1168.61,0.0
gfx950,256,448,5120,4352,37,0,14.3146,_ZN5aiter41f4gemm_bf16_per1x32Fp4_BpreShuffle_96x128E,1394.72,1166.88,0.0
gfx950,256,480,5120,4352,37,0,15.071,_ZN5aiter41f4gemm_bf16_per1x32Fp4_BpreShuffle_96x128E,1419.35,1134.68,0.0
gfx950,256,512,5120,4352,37,0,13.1859,_ZN5aiter41f4gemm_bf16_per1x32Fp4_BpreShuffle_96x128E,1730.41,1327.03,0.0
gfx950,256,1024,5120,4352,49,0,19.776,_ZN5aiter42f4gemm_bf16_per1x32Fp4_BpreShuffle_192x128E,2307.55,1206.27,0.0
gfx950,256,2048,5120,4352,50,0,30.2565,_ZN5aiter42f4gemm_bf16_per1x32Fp4_BpreShuffle_192x256E,3016.48,1208.64,0.0
gfx950,256,4096,5120,4352,50,0,59.5724,_ZN5aiter42f4gemm_bf16_per1x32Fp4_BpreShuffle_192x256E,3064.11,1040.7,0.0
gfx950,256,8192,5120,4352,54,0,101.1121,_ZN5aiter42f4gemm_bf16_per1x32Fp4_BpreShuffle_256x256E,3610.57,1116.12,0.0
gfx950,256,16384,5120,4352,54,0,174.1588,_ZN5aiter42f4gemm_bf16_per1x32Fp4_BpreShuffle_256x256E,4192.41,1232.01,0.0
gfx950,256,2,5120,5120,21,0,9.9448,_ZN5aiter41f4gemm_bf16_per1x32Fp4_BpreShuffle_32x128E,10.54,1320.57,0.0
gfx950,256,4,5120,5120,21,0,10.5766,_ZN5aiter41f4gemm_bf16_per1x32Fp4_BpreShuffle_32x128E,19.83,1244.1,0.0
gfx950,256,8,5120,5120,21,0,10.2343,_ZN5aiter41f4gemm_bf16_per1x32Fp4_BpreShuffle_32x128E,40.98,1290.72,0.0
gfx950,256,48,5120,5120,21,0,11.3126,_ZN5aiter41f4gemm_bf16_per1x32Fp4_BpreShuffle_32x128E,222.46,1212.95,0.0
gfx950,256,80,5120,5120,21,0,11.2838,_ZN5aiter41f4gemm_bf16_per1x32Fp4_BpreShuffle_32x128E,371.71,1252.34,0.0
gfx950,256,96,5120,5120,21,0,10.9667,_ZN5aiter41f4gemm_bf16_per1x32Fp4_BpreShuffle_32x128E,458.95,1307.23,0.0
gfx950,256,144,5120,5120,21,0,11.3945,_ZN5aiter41f4gemm_bf16_per1x32Fp4_BpreShuffle_32x128E,662.58,1312.07,0.0
gfx950,256,176,5120,5120,21,0,11.3922,_ZN5aiter41f4gemm_bf16_per1x32Fp4_BpreShuffle_32x128E,809.98,1348.29,0.0
gfx950,256,208,5120,5120,29,0,12.1531,_ZN5aiter41f4gemm_bf16_per1x32Fp4_BpreShuffle_64x128E,897.32,1297.58,0.0
gfx950,256,224,5120,5120,29,0,12.2626,_ZN5aiter41f4gemm_bf16_per1x32Fp4_BpreShuffle_64x128E,957.71,1302.69,0.0
gfx950,256,240,5120,5120,29,0,13.1885,_ZN5aiter41f4gemm_bf16_per1x32Fp4_BpreShuffle_64x128E,954.08,1226.77,0.0
gfx950,256,1,5120,6144,21,0,10.7258,_ZN5aiter41f4gemm_bf16_per1x32Fp4_BpreShuffle_32x128E,5.87,1467.67,0.0
gfx950,256,2,5120,6144,21,0,10.793,_ZN5aiter41f4gemm_bf16_per1x32Fp4_BpreShuffle_32x128E,11.66,1459.77,0.0
gfx950,256,4,5120,6144,21,0,10.9097,_ZN5aiter41f4gemm_bf16_per1x32Fp4_BpreShuffle_32x128E,23.07,1446.59,0.0
gfx950,256,8,5120,6144,21,0,11.041,_ZN5aiter41f4gemm_bf16_per1x32Fp4_BpreShuffle_32x128E,45.59,1434.21,0.0
gfx950,256,16,5120,6144,21,0,11.2984,_ZN5aiter41f4gemm_bf16_per1x32Fp4_BpreShuffle_32x128E,89.1,1410.96,0.0
gfx950,256,32,5120,6144,29,0,11.6015,_ZN5aiter41f4gemm_bf16_per1x32Fp4_BpreShuffle_64x128E,173.53,1392.46,0.0
gfx950,256,48,5120,6144,21,0,11.3329,_ZN5aiter41f4gemm_bf16_per1x32Fp4_BpreShuffle_32x128E,266.47,1444.26,0.0
gfx950,256,64,5120,6144,21,0,11.658,_ZN5aiter41f4gemm_bf16_per1x32Fp4_BpreShuffle_32x128E,345.39,1422.25,0.0
gfx950,256,80,5120,6144,21,0,11.3515,_ZN5aiter41f4gemm_bf16_per1x32Fp4_BpreShuffle_32x128E,443.39,1479.42,0.0
gfx950,256,96,5120,6144,21,0,11.8051,_ZN5aiter41f4gemm_bf16_per1x32Fp4_BpreShuffle_32x128E,511.63,1440.61,0.0
gfx950,256,112,5120,6144,21,0,11.3238,_ZN5aiter41f4gemm_bf16_per1x32Fp4_BpreShuffle_32x128E,622.27,1520.65,0.0
gfx950,256,128,5120,6144,21,0,11.7628,_ZN5aiter41f4gemm_bf16_per1x32Fp4_BpreShuffle_32x128E,684.62,1482.01,0.0
gfx950,256,144,5120,6144,21,0,11.3791,_ZN5aiter41f4gemm_bf16_per1x32Fp4_BpreShuffle_32x128E,796.17,1550.7,0.0
gfx950,256,160,5120,6144,21,0,11.5609,_ZN5aiter41f4gemm_bf16_per1x32Fp4_BpreShuffle_32x128E,870.72,1544.74,0.0
gfx950,256,176,5120,6144,21,0,11.6281,_ZN5aiter41f4gemm_bf16_per1x32Fp4_BpreShuffle_32x128E,952.26,1554.13,0.0
gfx950,256,192,5120,6144,21,0,11.8056,_ZN5aiter41f4gemm_bf16_per1x32Fp4_BpreShuffle_32x128E,1023.21,1548.8,0.0
gfx950,256,208,5120,6144,29,0,12.1484,_ZN5aiter41f4gemm_bf16_per1x32Fp4_BpreShuffle_64x128E,1077.2,1522.63,0.0
gfx950,256,224,5120,6144,29,0,13.1125,_ZN5aiter41f4gemm_bf16_per1x32Fp4_BpreShuffle_64x128E,1074.77,1426.92,0.0
gfx950,256,240,5120,6144,29,0,12.9721,_ZN5aiter41f4gemm_bf16_per1x32Fp4_BpreShuffle_64x128E,1164.0,1458.79,0.0
gfx950,256,256,5120,6144,29,0,14.5569,_ZN5aiter41f4gemm_bf16_per1x32Fp4_BpreShuffle_64x128E,1106.43,1314.6,0.0
gfx950,256,288,5120,6144,29,0,14.6987,_ZN5aiter41f4gemm_bf16_per1x32Fp4_BpreShuffle_64x128E,1232.72,1330.9,0.0
gfx950,256,320,5120,6144,29,0,15.6387,_ZN5aiter41f4gemm_bf16_per1x32Fp4_BpreShuffle_64x128E,1287.36,1278.14,0.0
gfx950,256,352,5120,6144,29,0,14.3845,_ZN5aiter41f4gemm_bf16_per1x32Fp4_BpreShuffle_64x128E,1539.57,1419.2,0.0
gfx950,256,384,5120,6144,29,0,15.0999,_ZN5aiter41f4gemm_bf16_per1x32Fp4_BpreShuffle_64x128E,1599.96,1380.17,0.0
gfx950,256,416,5120,6144,37,0,17.2131,_ZN5aiter41f4gemm_bf16_per1x32Fp4_BpreShuffle_96x128E,1520.5,1235.48,0.0
gfx950,256,448,5120,6144,37,0,17.2834,_ZN5aiter41f4gemm_bf16_per1x32Fp4_BpreShuffle_96x128E,1630.8,1255.1,0.0
gfx950,256,480,5120,6144,37,0,17.7539,_ZN5aiter41f4gemm_bf16_per1x32Fp4_BpreShuffle_96x128E,1700.98,1245.83,0.0
gfx950,256,512,5120,6144,37,0,16.7434,_ZN5aiter41f4gemm_bf16_per1x32Fp4_BpreShuffle_96x128E,1923.88,1346.46,0.0
gfx950,256,1024,5120,6144,49,0,25.4189,_ZN5aiter42f4gemm_bf16_per1x32Fp4_BpreShuffle_192x128E,2534.51,1155.05,0.0
gfx950,256,2048,5120,6144,50,0,40.7154,_ZN5aiter42f4gemm_bf16_per1x32Fp4_BpreShuffle_192x256E,3164.63,1055.91,0.0
gfx950,256,4096,5120,6144,50,0,77.8738,_ZN5aiter42f4gemm_bf16_per1x32Fp4_BpreShuffle_192x256E,3309.18,902.16,0.0
gfx950,256,8192,5120,6144,54,0,132.554,_ZN5aiter42f4gemm_bf16_per1x32Fp4_BpreShuffle_256x256E,3888.2,941.36,0.0
gfx950,256,16384,5120,6144,54,0,228.8609,_ZN5aiter42f4gemm_bf16_per1x32Fp4_BpreShuffle_256x256E,4504.01,1021.72,0.0
gfx950,256,1,5120,8704,21,0,15.5886,_ZN5aiter41f4gemm_bf16_per1x32Fp4_BpreShuffle_32x128E,5.72,1430.33,0.0
gfx950,256,2,5120,8704,21,0,15.5832,_ZN5aiter41f4gemm_bf16_per1x32Fp4_BpreShuffle_32x128E,11.44,1431.76,0.0
gfx950,256,4,5120,8704,21,0,16.2632,_ZN5aiter41f4gemm_bf16_per1x32Fp4_BpreShuffle_32x128E,21.92,1373.69,0.0
gfx950,256,8,5120,8704,29,0,16.2187,_ZN5aiter41f4gemm_bf16_per1x32Fp4_BpreShuffle_64x128E,43.96,1381.06,0.0
gfx950,256,16,5120,8704,21,0,15.6796,_ZN5aiter41f4gemm_bf16_per1x32Fp4_BpreShuffle_32x128E,90.95,1435.99,0.0
gfx950,256,32,5120,8704,21,0,16.4729,_ZN5aiter41f4gemm_bf16_per1x32Fp4_BpreShuffle_32x128E,173.14,1381.01,0.0
gfx950,256,48,5120,8704,21,0,15.2859,_ZN5aiter41f4gemm_bf16_per1x32Fp4_BpreShuffle_32x128E,279.88,1503.52,0.0
gfx950,256,64,5120,8704,21,0,15.9823,_ZN5aiter41f4gemm_bf16_per1x32Fp4_BpreShuffle_32x128E,356.91,1452.61,0.0
gfx950,256,80,5120,8704,21,0,15.222,_ZN5aiter41f4gemm_bf16_per1x32Fp4_BpreShuffle_32x128E,468.42,1540.51,0.0
gfx950,256,96,5120,8704,21,0,15.7382,_ZN5aiter41f4gemm_bf16_per1x32Fp4_BpreShuffle_32x128E,543.67,1504.81,0.0
gfx950,256,112,5120,8704,21,0,15.2015,_ZN5aiter41f4gemm_bf16_per1x32Fp4_BpreShuffle_32x128E,656.67,1573.3,0.0
gfx950,256,128,5120,8704,21,0,16.1759,_ZN5aiter41f4gemm_bf16_per1x32Fp4_BpreShuffle_32x128E,705.28,1492.96,0.0
gfx950,256,144,5120,8704,21,0,16.1936,_ZN5aiter41f4gemm_bf16_per1x32Fp4_BpreShuffle_32x128E,792.57,1505.75,0.0
gfx950,256,160,5120,8704,21,0,16.9831,_ZN5aiter41f4gemm_bf16_per1x32Fp4_BpreShuffle_32x128E,839.7,1449.5,0.0
gfx950,256,176,5120,8704,21,0,16.6062,_ZN5aiter41f4gemm_bf16_per1x32Fp4_BpreShuffle_32x128E,944.63,1496.46,0.0
gfx950,256,192,5120,8704,21,0,16.2101,_ZN5aiter41f4gemm_bf16_per1x32Fp4_BpreShuffle_32x128E,1055.69,1547.42,0.0
gfx950,256,208,5120,8704,29,0,17.0148,_ZN5aiter41f4gemm_bf16_per1x32Fp4_BpreShuffle_64x128E,1089.57,1487.96,0.0
gfx950,256,224,5120,8704,29,0,17.6161,_ZN5aiter41f4gemm_bf16_per1x32Fp4_BpreShuffle_64x128E,1133.33,1450.43,0.0
gfx950,256,240,5120,8704,29,0,17.9817,_ZN5aiter41f4gemm_bf16_per1x32Fp4_BpreShuffle_64x128E,1189.6,1433.92,0.0
gfx950,256,256,5120,8704,29,0,18.3925,_ZN5aiter41f4gemm_bf16_per1x32Fp4_BpreShuffle_64x128E,1240.56,1414.59,0.0
gfx950,256,288,5120,8704,29,0,18.8595,_ZN5aiter41f4gemm_bf16_per1x32Fp4_BpreShuffle_64x128E,1361.07,1404.32,0.0
gfx950,256,320,5120,8704,29,0,19.797,_ZN5aiter41f4gemm_bf16_per1x32Fp4_BpreShuffle_64x128E,1440.69,1361.4,0.0
gfx950,256,352,5120,8704,29,0,19.5281,_ZN5aiter41f4gemm_bf16_per1x32Fp4_BpreShuffle_64x128E,1606.58,1404.06,0.0
gfx950,256,384,5120,8704,29,0,19.5098,_ZN5aiter41f4gemm_bf16_per1x32Fp4_BpreShuffle_64x128E,1754.27,1429.31,0.0
gfx950,256,416,5120,8704,37,0,22.7216,_ZN5aiter41f4gemm_bf16_per1x32Fp4_BpreShuffle_96x128E,1631.82,1247.82,0.0
gfx950,256,448,5120,8704,37,0,24.3977,_ZN5aiter41f4gemm_bf16_per1x32Fp4_BpreShuffle_96x128E,1636.62,1181.24,0.0
gfx950,256,480,5120,8704,37,0,23.902,_ZN5aiter41f4gemm_bf16_per1x32Fp4_BpreShuffle_96x128E,1789.89,1225.27,0.0
gfx950,256,512,5120,8704,37,0,22.7704,_ZN5aiter41f4gemm_bf16_per1x32Fp4_BpreShuffle_96x128E,2004.09,1306.67,0.0
gfx950,256,1024,5120,8704,49,0,33.5425,_ZN5aiter42f4gemm_bf16_per1x32Fp4_BpreShuffle_192x128E,2720.97,1109.77,0.0
gfx950,256,2048,5120,8704,50,0,52.6312,_ZN5aiter42f4gemm_bf16_per1x32Fp4_BpreShuffle_192x256E,3468.21,991.17,0.0
gfx950,256,4096,5120,8704,50,0,101.0819,_ZN5aiter42f4gemm_bf16_per1x32Fp4_BpreShuffle_192x256E,3611.65,811.73,0.0
gfx950,256,8192,5120,8704,54,0,173.4729,_ZN5aiter42f4gemm_bf16_per1x32Fp4_BpreShuffle_256x256E,4208.98,817.53,0.0
gfx950,256,16384,5120,8704,54,0,298.9387,_ZN5aiter42f4gemm_bf16_per1x32Fp4_BpreShuffle_256x256E,4884.91,874.28,0.0
gfx950,256,1,5120,17408,21,0,25.0618,_ZN5aiter41f4gemm_bf16_per1x32Fp4_BpreShuffle_32x128E,7.11,1778.94,0.0
gfx950,256,2,5120,17408,21,0,25.2538,_ZN5aiter41f4gemm_bf16_per1x32Fp4_BpreShuffle_32x128E,14.12,1766.16,0.0
gfx950,256,4,5120,17408,21,0,25.5179,_ZN5aiter41f4gemm_bf16_per1x32Fp4_BpreShuffle_32x128E,27.94,1749.37,0.0
gfx950,256,8,5120,17408,21,0,26.0306,_ZN5aiter41f4gemm_bf16_per1x32Fp4_BpreShuffle_32x128E,54.78,1717.83,0.0
gfx950,256,16,5120,17408,21,0,27.078,_ZN5aiter41f4gemm_bf16_per1x32Fp4_BpreShuffle_32x128E,105.33,1656.98,0.0
gfx950,256,32,5120,17408,21,0,29.224,_ZN5aiter41f4gemm_bf16_per1x32Fp4_BpreShuffle_32x128E,195.19,1545.67,0.0
gfx950,256,48,5120,17408,21,0,27.0533,_ZN5aiter41f4gemm_bf16_per1x32Fp4_BpreShuffle_32x128E,316.28,1680.9,0.0
gfx950,256,64,5120,17408,21,0,28.4268,_ZN5aiter41f4gemm_bf16_per1x32Fp4_BpreShuffle_32x128E,401.33,1610.34,0.0
gfx950,256,80,5120,17408,21,0,26.9772,_ZN5aiter41f4gemm_bf16_per1x32Fp4_BpreShuffle_32x128E,528.62,1708.11,0.0
gfx950,256,96,5120,17408,21,0,27.9701,_ZN5aiter41f4gemm_bf16_per1x32Fp4_BpreShuffle_32x128E,611.82,1658.31,0.0
gfx950,256,112,5120,17408,21,0,27.054,_ZN5aiter41f4gemm_bf16_per1x32Fp4_BpreShuffle_32x128E,737.96,1725.67,0.0
gfx950,256,128,5120,17408,21,0,27.7576,_ZN5aiter41f4gemm_bf16_per1x32Fp4_BpreShuffle_32x128E,822.01,1692.84,0.0
gfx950,256,144,5120,17408,21,0,27.4272,_ZN5aiter41f4gemm_bf16_per1x32Fp4_BpreShuffle_32x128E,935.9,1724.29,0.0
gfx950,256,160,5120,17408,21,0,27.9552,_ZN5aiter41f4gemm_bf16_per1x32Fp4_BpreShuffle_32x128E,1020.25,1702.56,0.0
gfx950,256,176,5120,17408,21,0,27.3178,_ZN5aiter41f4gemm_bf16_per1x32Fp4_BpreShuffle_32x128E,1148.46,1753.39,0.0
gfx950,256,192,5120,17408,21,0,28.0574,_ZN5aiter41f4gemm_bf16_per1x32Fp4_BpreShuffle_32x128E,1219.84,1717.97,0.0
gfx950,256,208,5120,17408,29,0,29.9466,_ZN5aiter41f4gemm_bf16_per1x32Fp4_BpreShuffle_64x128E,1238.13,1619.71,0.0
gfx950,256,224,5120,17408,29,0,30.6822,_ZN5aiter41f4gemm_bf16_per1x32Fp4_BpreShuffle_64x128E,1301.4,1590.76,0.0
gfx950,256,240,5120,17408,29,0,32.2194,_ZN5aiter41f4gemm_bf16_per1x32Fp4_BpreShuffle_64x128E,1327.83,1524.27,0.0
gfx950,256,256,5120,17408,29,0,33.0767,_ZN5aiter41f4gemm_bf16_per1x32Fp4_BpreShuffle_64x128E,1379.64,1493.93,0.0
gfx950,256,288,5120,17408,29,0,32.9365,_ZN5aiter41f4gemm_bf16_per1x32Fp4_BpreShuffle_64x128E,1558.7,1518.69,0.0
gfx950,256,320,5120,17408,29,0,35.988,_ZN5aiter41f4gemm_bf16_per1x32Fp4_BpreShuffle_64x128E,1585.04,1406.76,0.0
gfx950,256,352,5120,17408,29,0,34.3618,_ZN5aiter41f4gemm_bf16_per1x32Fp4_BpreShuffle_64x128E,1826.06,1490.98,0.0
gfx950,256,384,5120,17408,29,0,36.9006,_ZN5aiter41f4gemm_bf16_per1x32Fp4_BpreShuffle_64x128E,1855.01,1404.83,0.0
gfx950,256,416,5120,17408,37,0,41.5129,_ZN5aiter41f4gemm_bf16_per1x32Fp4_BpreShuffle_96x128E,1786.32,1263.35,0.0
gfx950,256,448,5120,17408,37,0,42.1472,_ZN5aiter41f4gemm_bf16_per1x32Fp4_BpreShuffle_96x128E,1894.78,1258.72,0.0
gfx950,256,480,5120,17408,37,0,43.3105,_ZN5aiter41f4gemm_bf16_per1x32Fp4_BpreShuffle_96x128E,1975.59,1238.91,0.0
gfx950,256,512,5120,17408,37,0,40.3582,_ZN5aiter41f4gemm_bf16_per1x32Fp4_BpreShuffle_96x128E,2261.45,1344.55,0.0
gfx950,256,1024,5120,17408,38,0,61.0992,_ZN5aiter41f4gemm_bf16_per1x32Fp4_BpreShuffle_96x256E,2987.54,1046.87,0.0
gfx950,256,2048,5120,17408,50,0,94.7532,_ZN5aiter42f4gemm_bf16_per1x32Fp4_BpreShuffle_192x256E,3852.87,879.78,0.0
gfx950,256,4096,5120,17408,50,0,176.9168,_ZN5aiter42f4gemm_bf16_per1x32Fp4_BpreShuffle_192x256E,4127.05,690.49,0.0
gfx950,256,8192,5120,17408,54,0,305.0717,_ZN5aiter42f4gemm_bf16_per1x32Fp4_BpreShuffle_256x256E,4786.71,654.78,0.0
gfx950,256,16384,5120,17408,54,0,553.4253,_ZN5aiter42f4gemm_bf16_per1x32Fp4_BpreShuffle_256x256E,5277.28,641.36,0.0
gfx950,256,1,6144,5120,21,0,10.0523,_ZN5aiter41f4gemm_bf16_per1x32Fp4_BpreShuffle_32x128E,6.26,1566.16,0.0
gfx950,256,2,6144,5120,21,0,10.0917,_ZN5aiter41f4gemm_bf16_per1x32Fp4_BpreShuffle_32x128E,12.47,1561.51,0.0
gfx950,256,4,6144,5120,21,0,10.2331,_ZN5aiter41f4gemm_bf16_per1x32Fp4_BpreShuffle_32x128E,24.59,1542.84,0.0
gfx950,256,8,6144,5120,21,0,10.3709,_ZN5aiter41f4gemm_bf16_per1x32Fp4_BpreShuffle_32x128E,48.53,1528.07,0.0
gfx950,256,16,6144,5120,21,0,10.7658,_ZN5aiter41f4gemm_bf16_per1x32Fp4_BpreShuffle_32x128E,93.5,1483.05,0.0
gfx950,256,32,6144,5120,29,0,11.2691,_ZN5aiter41f4gemm_bf16_per1x32Fp4_BpreShuffle_64x128E,178.65,1437.89,0.0
gfx950,256,48,6144,5120,21,0,10.86,_ZN5aiter41f4gemm_bf16_per1x32Fp4_BpreShuffle_32x128E,278.08,1513.94,0.0
gfx950,256,64,6144,5120,21,0,11.2137,_ZN5aiter41f4gemm_bf16_per1x32Fp4_BpreShuffle_32x128E,359.07,1487.37,0.0
gfx950,256,80,6144,5120,21,0,10.8635,_ZN5aiter41f4gemm_bf16_per1x32Fp4_BpreShuffle_32x128E,463.31,1557.19,0.0
gfx950,256,96,6144,5120,21,0,11.1704,_ZN5aiter41f4gemm_bf16_per1x32Fp4_BpreShuffle_32x128E,540.7,1535.67,0.0
gfx950,256,112,6144,5120,21,0,10.8707,_ZN5aiter41f4gemm_bf16_per1x32Fp4_BpreShuffle_32x128E,648.2,1599.86,0.0
gfx950,256,128,6144,5120,21,0,11.1213,_ZN5aiter41f4gemm_bf16_per1x32Fp4_BpreShuffle_32x128E,724.11,1585.17,0.0
gfx950,256,144,6144,5120,21,0,10.9596,_ZN5aiter41f4gemm_bf16_per1x32Fp4_BpreShuffle_32x128E,826.64,1630.24,0.0
gfx950,256,160,6144,5120,21,0,11.1627,_ZN5aiter41f4gemm_bf16_per1x32Fp4_BpreShuffle_32x128E,901.78,1621.86,0.0
gfx950,256,176,6144,5120,29,0,12.4135,_ZN5aiter41f4gemm_bf16_per1x32Fp4_BpreShuffle_64x128E,892.01,1477.58,0.0
gfx950,256,192,6144,5120,29,0,13.4262,_ZN5aiter41f4gemm_bf16_per1x32Fp4_BpreShuffle_64x128E,899.7,1383.82,0.0
gfx950,256,208,6144,5120,29,0,12.0659,_ZN5aiter41f4gemm_bf16_per1x32Fp4_BpreShuffle_64x128E,1084.56,1559.52,0.0
gfx950,256,224,6144,5120,29,0,12.0299,_ZN5aiter41f4gemm_bf16_per1x32Fp4_BpreShuffle_64x128E,1171.49,1583.94,0.0
gfx950,256,240,6144,5120,29,0,12.5168,_ZN5aiter41f4gemm_bf16_per1x32Fp4_BpreShuffle_64x128E,1206.34,1541.3,0.0
gfx950,256,256,6144,5120,29,0,13.3546,_ZN5aiter41f4gemm_bf16_per1x32Fp4_BpreShuffle_64x128E,1206.04,1462.4,0.0
gfx950,256,512,6144,5120,42,0,18.0181,_ZN5aiter42f4gemm_bf16_per1x32Fp4_BpreShuffle_128x128E,1787.77,1294.85,0.0
gfx950,256,1024,6144,5120,47,0,26.1341,_ZN5aiter42f4gemm_bf16_per1x32Fp4_BpreShuffle_160x256E,2465.15,1183.63,0.0
gfx950,256,2048,6144,5120,44,0,38.7298,_ZN5aiter42f4gemm_bf16_per1x32Fp4_BpreShuffle_128x384E,3326.87,1191.26,0.0
gfx950,256,4096,6144,5120,44,0,76.8118,_ZN5aiter42f4gemm_bf16_per1x32Fp4_BpreShuffle_128x384E,3354.93,996.54,0.0
gfx950,256,8192,6144,5120,54,0,126.1387,_ZN5aiter42f4gemm_bf16_per1x32Fp4_BpreShuffle_256x256E,4085.95,1088.99,0.0
gfx950,256,16384,6144,5120,45,0,238.0174,_ZN5aiter42f4gemm_bf16_per1x32Fp4_BpreShuffle_128x512E,4330.74,1088.15,0.0
gfx950,256,1,7168,5120,21,0,10.7032,_ZN5aiter41f4gemm_bf16_per1x32Fp4_BpreShuffle_32x128E,6.86,1716.03,0.0
gfx950,256,2,7168,5120,21,0,10.7081,_ZN5aiter41f4gemm_bf16_per1x32Fp4_BpreShuffle_32x128E,13.71,1716.82,0.0
gfx950,256,4,7168,5120,21,0,10.8598,_ZN5aiter41f4gemm_bf16_per1x32Fp4_BpreShuffle_32x128E,27.04,1695.95,0.0
gfx950,256,8,7168,5120,21,0,11.0087,_ZN5aiter41f4gemm_bf16_per1x32Fp4_BpreShuffle_32x128E,53.34,1679.15,0.0
gfx950,256,16,7168,5120,21,0,11.3987,_ZN5aiter41f4gemm_bf16_per1x32Fp4_BpreShuffle_32x128E,103.03,1633.56,0.0
gfx950,256,32,7168,5120,21,0,12.174,_ZN5aiter41f4gemm_bf16_per1x32Fp4_BpreShuffle_32x128E,192.94,1551.73,0.0
gfx950,256,48,7168,5120,21,0,11.5673,_ZN5aiter41f4gemm_bf16_per1x32Fp4_BpreShuffle_32x128E,304.58,1656.49,0.0
gfx950,256,64,7168,5120,21,0,11.987,_ZN5aiter41f4gemm_bf16_per1x32Fp4_BpreShuffle_32x128E,391.89,1621.04,0.0
gfx950,256,80,7168,5120,21,0,11.5627,_ZN5aiter41f4gemm_bf16_per1x32Fp4_BpreShuffle_32x128E,507.84,1703.91,0.0
gfx950,256,96,7168,5120,21,0,11.8989,_ZN5aiter41f4gemm_bf16_per1x32Fp4_BpreShuffle_32x128E,592.19,1678.48,0.0
gfx950,256,112,7168,5120,21,0,11.747,_ZN5aiter41f4gemm_bf16_per1x32Fp4_BpreShuffle_32x128E,699.82,1723.2,0.0
gfx950,256,128,7168,5120,21,0,12.0049,_ZN5aiter41f4gemm_bf16_per1x32Fp4_BpreShuffle_32x128E,782.62,1708.7,0.0
gfx950,256,144,7168,5120,29,0,12.4122,_ZN5aiter41f4gemm_bf16_per1x32Fp4_BpreShuffle_64x128E,851.55,1674.41,0.0
gfx950,256,160,7168,5120,29,0,12.8085,_ZN5aiter41f4gemm_bf16_per1x32Fp4_BpreShuffle_64x128E,916.9,1643.71,0.0
gfx950,256,176,7168,5120,29,0,13.0747,_ZN5aiter41f4gemm_bf16_per1x32Fp4_BpreShuffle_64x128E,988.05,1630.92,0.0
gfx950,256,192,7168,5120,29,0,13.3601,_ZN5aiter41f4gemm_bf16_per1x32Fp4_BpreShuffle_64x128E,1054.85,1616.31,0.0
gfx950,256,208,7168,5120,29,0,12.6755,_ZN5aiter41f4gemm_bf16_per1x32Fp4_BpreShuffle_64x128E,1204.47,1724.94,0.0
gfx950,256,224,7168,5120,29,0,12.8468,_ZN5aiter41f4gemm_bf16_per1x32Fp4_BpreShuffle_64x128E,1279.83,1722.98,0.0
gfx950,256,240,7168,5120,29,0,13.1689,_ZN5aiter41f4gemm_bf16_per1x32Fp4_BpreShuffle_64x128E,1337.7,1701.37,0.0
gfx950,256,256,7168,5120,29,0,13.8037,_ZN5aiter41f4gemm_bf16_per1x32Fp4_BpreShuffle_64x128E,1361.26,1642.71,0.0
gfx950,256,288,7168,5120,37,0,16.3964,_ZN5aiter41f4gemm_bf16_per1x32Fp4_BpreShuffle_96x128E,1289.26,1415.93,0.0
gfx950,256,320,7168,5120,37,0,15.9947,_ZN5aiter41f4gemm_bf16_per1x32Fp4_BpreShuffle_96x128E,1468.49,1485.29,0.0
gfx950,256,352,7168,5120,37,0,16.5101,_ZN5aiter41f4gemm_bf16_per1x32Fp4_BpreShuffle_96x128E,1564.92,1471.67,0.0
gfx950,256,384,7168,5120,37,0,17.2243,_ZN5aiter41f4gemm_bf16_per1x32Fp4_BpreShuffle_96x128E,1636.39,1442.04,0.0
gfx950,256,416,7168,5120,42,0,18.041,_ZN5aiter42f4gemm_bf16_per1x32Fp4_BpreShuffle_128x128E,1692.51,1406.73,0.0
gfx950,256,448,7168,5120,42,0,18.3272,_ZN5aiter42f4gemm_bf16_per1x32Fp4_BpreShuffle_128x128E,1794.24,1414.26,0.0
gfx950,256,480,7168,5120,42,0,19.0223,_ZN5aiter42f4gemm_bf16_per1x32Fp4_BpreShuffle_128x128E,1852.15,1391.01,0.0
gfx950,256,512,7168,5120,42,0,18.2722,_ZN5aiter42f4gemm_bf16_per1x32Fp4_BpreShuffle_128x128E,2056.73,1477.7,0.0
gfx950,256,1024,7168,5120,43,0,27.9888,_ZN5aiter42f4gemm_bf16_per1x32Fp4_BpreShuffle_128x256E,2685.43,1273.78,0.0
gfx950,256,2048,7168,5120,54,0,41.6435,_ZN5aiter42f4gemm_bf16_per1x32Fp4_BpreShuffle_256x256E,3609.78,1271.58,0.0
gfx950,256,4096,7168,5120,54,0,81.6287,_ZN5aiter42f4gemm_bf16_per1x32Fp4_BpreShuffle_256x256E,3683.11,1072.61,0.0
gfx950,256,8192,7168,5120,54,0,154.4242,_ZN5aiter42f4gemm_bf16_per1x32Fp4_BpreShuffle_256x256E,3893.79,1015.14,0.0
gfx950,256,16384,7168,5120,54,0,278.8352,_ZN5aiter42f4gemm_bf16_per1x32Fp4_BpreShuffle_256x256E,4312.91,1058.6,0.0
gfx950,256,16,8192,5120,21,0,11.5946,_ZN5aiter41f4gemm_bf16_per1x32Fp4_BpreShuffle_32x128E,115.76,1834.87,0.0
gfx950,256,32,8192,5120,21,0,12.9451,_ZN5aiter41f4gemm_bf16_per1x32Fp4_BpreShuffle_32x128E,207.36,1666.86,0.0
gfx950,256,48,8192,5120,21,0,11.8647,_ZN5aiter41f4gemm_bf16_per1x32Fp4_BpreShuffle_32x128E,339.37,1844.2,0.0
gfx950,256,64,8192,5120,21,0,12.7823,_ZN5aiter41f4gemm_bf16_per1x32Fp4_BpreShuffle_32x128E,420.01,1735.52,0.0
gfx950,256,80,8192,5120,21,0,12.5898,_ZN5aiter41f4gemm_bf16_per1x32Fp4_BpreShuffle_32x128E,533.04,1786.13,0.0
gfx950,256,96,8192,5120,21,0,12.1834,_ZN5aiter41f4gemm_bf16_per1x32Fp4_BpreShuffle_32x128E,660.99,1870.59,0.0
gfx950,256,112,8192,5120,21,0,12.6556,_ZN5aiter41f4gemm_bf16_per1x32Fp4_BpreShuffle_32x128E,742.38,1824.75,0.0
gfx950,256,128,8192,5120,21,0,12.866,_ZN5aiter41f4gemm_bf16_per1x32Fp4_BpreShuffle_32x128E,834.56,1818.46,0.0
gfx950,256,144,8192,5120,29,0,13.3481,_ZN5aiter41f4gemm_bf16_per1x32Fp4_BpreShuffle_64x128E,904.97,1775.49,0.0
gfx950,256,160,8192,5120,29,0,13.2264,_ZN5aiter41f4gemm_bf16_per1x32Fp4_BpreShuffle_64x128E,1014.77,1814.75,0.0
gfx950,256,176,8192,5120,29,0,14.332,_ZN5aiter41f4gemm_bf16_per1x32Fp4_BpreShuffle_64x128E,1030.14,1695.9,0.0
gfx950,256,192,8192,5120,29,0,14.5901,_ZN5aiter41f4gemm_bf16_per1x32Fp4_BpreShuffle_64x128E,1103.91,1686.68,0.0
gfx950,256,208,8192,5120,29,0,13.6231,_ZN5aiter41f4gemm_bf16_per1x32Fp4_BpreShuffle_64x128E,1280.79,1828.65,0.0
gfx950,256,224,8192,5120,29,0,13.6828,_ZN5aiter41f4gemm_bf16_per1x32Fp4_BpreShuffle_64x128E,1373.29,1842.82,0.0
gfx950,256,240,8192,5120,29,0,14.6444,_ZN5aiter41f4gemm_bf16_per1x32Fp4_BpreShuffle_64x128E,1374.77,1742.51,0.0
gfx950,256,256,8192,5120,29,0,14.8949,_ZN5aiter41f4gemm_bf16_per1x32Fp4_BpreShuffle_64x128E,1441.76,1733.56,0.0
gfx950,256,288,8192,5120,37,0,17.0194,_ZN5aiter41f4gemm_bf16_per1x32Fp4_BpreShuffle_96x128E,1419.51,1552.78,0.0
gfx950,256,320,8192,5120,37,0,16.5503,_ZN5aiter41f4gemm_bf16_per1x32Fp4_BpreShuffle_96x128E,1621.94,1633.42,0.0
gfx950,256,352,8192,5120,37,0,16.6369,_ZN5aiter41f4gemm_bf16_per1x32Fp4_BpreShuffle_96x128E,1774.84,1661.36,0.0
gfx950,256,384,8192,5120,37,0,17.5933,_ZN5aiter41f4gemm_bf16_per1x32Fp4_BpreShuffle_96x128E,1830.94,1605.5,0.0
gfx950,256,416,8192,5120,42,0,18.9686,_ZN5aiter42f4gemm_bf16_per1x32Fp4_BpreShuffle_128x128E,1839.7,1521.05,0.0
gfx950,256,448,8192,5120,42,0,20.1805,_ZN5aiter42f4gemm_bf16_per1x32Fp4_BpreShuffle_128x128E,1862.24,1459.75,0.0
gfx950,256,480,8192,5120,42,0,20.2552,_ZN5aiter42f4gemm_bf16_per1x32Fp4_BpreShuffle_128x128E,1987.9,1484.29,0.0
gfx950,256,512,8192,5120,42,0,20.5442,_ZN5aiter42f4gemm_bf16_per1x32Fp4_BpreShuffle_128x128E,2090.6,1492.92,0.0
gfx950,256,1024,8192,5120,43,0,30.991,_ZN5aiter42f4gemm_bf16_per1x32Fp4_BpreShuffle_128x256E,2771.75,1302.64,0.0
gfx950,256,2048,8192,5120,57,0,51.6607,_ZN5aiter42f4gemm_bf16_per1x32Fp4_BpreShuffle_256x256E,3325.52,1156.95,0.0
gfx950,256,4096,8192,5120,45,0,100.2025,_ZN5aiter42f4gemm_bf16_per1x32Fp4_BpreShuffle_128x512E,3429.03,983.67,0.0
gfx950,256,8192,8192,5120,57,0,187.7037,_ZN5aiter42f4gemm_bf16_per1x32Fp4_BpreShuffle_256x256E,3661.06,938.5,0.0
gfx950,256,1,8704,5120,21,0,10.8127,_ZN5aiter41f4gemm_bf16_per1x32Fp4_BpreShuffle_32x128E,8.24,2062.59,0.0
gfx950,256,2,8704,5120,21,0,10.8881,_ZN5aiter41f4gemm_bf16_per1x32Fp4_BpreShuffle_32x128E,16.37,2050.14,0.0
gfx950,256,4,8704,5120,21,0,10.9414,_ZN5aiter41f4gemm_bf16_per1x32Fp4_BpreShuffle_32x128E,32.58,2043.81,0.0
gfx950,256,8,8704,5120,21,0,11.2256,_ZN5aiter41f4gemm_bf16_per1x32Fp4_BpreShuffle_32x128E,63.52,1999.18,0.0
gfx950,256,16,8704,5120,21,0,11.5702,_ZN5aiter41f4gemm_bf16_per1x32Fp4_BpreShuffle_32x128E,123.25,1953.44,0.0
gfx950,256,32,8704,5120,37,0,11.8739,_ZN5aiter41f4gemm_bf16_per1x32Fp4_BpreShuffle_96x128E,240.2,1930.39,0.0
gfx950,256,48,8704,5120,21,0,11.8374,_ZN5aiter41f4gemm_bf16_per1x32Fp4_BpreShuffle_32x128E,361.41,1963.33,0.0
gfx950,256,64,8704,5120,21,0,12.1969,_ZN5aiter41f4gemm_bf16_per1x32Fp4_BpreShuffle_32x128E,467.68,1931.65,0.0
gfx950,256,80,8704,5120,21,0,11.9293,_ZN5aiter41f4gemm_bf16_per1x32Fp4_BpreShuffle_32x128E,597.71,2001.77,0.0
gfx950,256,96,8704,5120,21,0,12.2249,_ZN5aiter41f4gemm_bf16_per1x32Fp4_BpreShuffle_32x128E,699.91,1979.5,0.0
gfx950,256,112,8704,5120,29,0,12.9019,_ZN5aiter41f4gemm_bf16_per1x32Fp4_BpreShuffle_64x128E,773.72,1900.39,0.0
gfx950,256,128,8704,5120,29,0,13.2676,_ZN5aiter41f4gemm_bf16_per1x32Fp4_BpreShuffle_64x128E,859.88,1872.09,0.0
gfx950,256,144,8704,5120,29,0,12.1232,_ZN5aiter41f4gemm_bf16_per1x32Fp4_BpreShuffle_64x128E,1058.68,2075.16,0.0
gfx950,256,160,8704,5120,29,0,12.9483,_ZN5aiter41f4gemm_bf16_per1x32Fp4_BpreShuffle_64x128E,1101.35,1967.6,0.0
gfx950,256,176,8704,5120,29,0,13.1113,_ZN5aiter41f4gemm_bf16_per1x32Fp4_BpreShuffle_64x128E,1196.43,1967.51,0.0
gfx950,256,192,8704,5120,29,0,13.4949,_ZN5aiter41f4gemm_bf16_per1x32Fp4_BpreShuffle_64x128E,1268.09,1935.26,0.0
gfx950,256,208,8704,5120,37,0,15.642,_ZN5aiter41f4gemm_bf16_per1x32Fp4_BpreShuffle_96x128E,1185.2,1690.04,0.0
gfx950,256,224,8704,5120,37,0,15.6518,_ZN5aiter41f4gemm_bf16_per1x32Fp4_BpreShuffle_96x128E,1275.56,1709.39,0.0
gfx950,256,240,8704,5120,37,0,16.0549,_ZN5aiter41f4gemm_bf16_per1x32Fp4_BpreShuffle_96x128E,1332.36,1686.37,0.0
gfx950,256,256,8704,5120,37,0,16.1974,_ZN5aiter41f4gemm_bf16_per1x32Fp4_BpreShuffle_96x128E,1408.68,1691.26,0.0
gfx950,256,288,8704,5120,37,0,17.1974,_ZN5aiter41f4gemm_bf16_per1x32Fp4_BpreShuffle_96x128E,1492.62,1630.07,0.0
gfx950,256,320,8704,5120,42,0,18.0232,_ZN5aiter42f4gemm_bf16_per1x32Fp4_BpreShuffle_128x128E,1582.48,1590.84,0.0
gfx950,256,352,8704,5120,42,0,18.7894,_ZN5aiter42f4gemm_bf16_per1x32Fp4_BpreShuffle_128x128E,1669.74,1559.97,0.0
gfx950,256,384,8704,5120,42,0,19.5129,_ZN5aiter42f4gemm_bf16_per1x32Fp4_BpreShuffle_128x128E,1753.99,1534.88,0.0
gfx950,256,416,8704,5120,49,0,20.2585,_ZN5aiter42f4gemm_bf16_per1x32Fp4_BpreShuffle_160x128E,1830.23,1509.93,0.0
gfx950,256,448,8704,5120,49,0,20.9179,_ZN5aiter42f4gemm_bf16_per1x32Fp4_BpreShuffle_160x128E,1908.88,1492.88,0.0
gfx950,256,480,8704,5120,49,0,21.8016,_ZN5aiter42f4gemm_bf16_per1x32Fp4_BpreShuffle_160x128E,1962.33,1461.68,0.0
gfx950,256,512,8704,5120,38,0,21.53,_ZN5aiter41f4gemm_bf16_per1x32Fp4_BpreShuffle_96x256E,2119.56,1509.79,0.0
gfx950,256,1024,8704,5120,47,0,30.3821,_ZN5aiter42f4gemm_bf16_per1x32Fp4_BpreShuffle_160x256E,3004.01,1406.4,0.0
gfx950,256,2048,8704,5120,47,0,60.5181,_ZN5aiter42f4gemm_bf16_per1x32Fp4_BpreShuffle_160x256E,3016.22,1043.93,0.0
gfx950,256,4096,8704,5120,50,0,108.141,_ZN5aiter42f4gemm_bf16_per1x32Fp4_BpreShuffle_192x256E,3375.89,962.37,0.0
gfx950,256,8192,8704,5120,54,0,186.7199,_ZN5aiter42f4gemm_bf16_per1x32Fp4_BpreShuffle_256x256E,3910.37,995.4,0.0
gfx950,256,16384,8704,5120,54,0,348.3991,_ZN5aiter42f4gemm_bf16_per1x32Fp4_BpreShuffle_256x256E,4191.43,1002.98,0.0
gfx950,256,1,10240,5120,21,0,10.6107,_ZN5aiter41f4gemm_bf16_per1x32Fp4_BpreShuffle_32x128E,9.88,2472.73,0.0
gfx950,256,2,10240,5120,21,0,10.6418,_ZN5aiter41f4gemm_bf16_per1x32Fp4_BpreShuffle_32x128E,19.71,2467.67,0.0
gfx950,256,4,10240,5120,21,0,10.7471,_ZN5aiter41f4gemm_bf16_per1x32Fp4_BpreShuffle_32x128E,39.03,2447.78,0.0
gfx950,256,8,10240,5120,21,0,10.9359,_ZN5aiter41f4gemm_bf16_per1x32Fp4_BpreShuffle_32x128E,76.71,2413.95,0.0
gfx950,256,16,10240,5120,21,0,11.4298,_ZN5aiter41f4gemm_bf16_per1x32Fp4_BpreShuffle_32x128E,146.78,2325.77,0.0
gfx950,256,32,10240,5120,29,0,12.2527,_ZN5aiter41f4gemm_bf16_per1x32Fp4_BpreShuffle_64x128E,273.85,2199.65,0.0
gfx950,256,48,10240,5120,21,0,11.8221,_ZN5aiter41f4gemm_bf16_per1x32Fp4_BpreShuffle_32x128E,425.74,2310.95,0.0
gfx950,256,64,10240,5120,21,0,12.0931,_ZN5aiter41f4gemm_bf16_per1x32Fp4_BpreShuffle_32x128E,554.94,2289.65,0.0
gfx950,256,80,10240,5120,21,0,12.1591,_ZN5aiter41f4gemm_bf16_per1x32Fp4_BpreShuffle_32x128E,689.9,2307.54,0.0
gfx950,256,96,10240,5120,21,0,12.1305,_ZN5aiter41f4gemm_bf16_per1x32Fp4_BpreShuffle_32x128E,829.84,2343.37,0.0
gfx950,256,112,10240,5120,29,0,12.9693,_ZN5aiter41f4gemm_bf16_per1x32Fp4_BpreShuffle_64x128E,905.53,2220.23,0.0
gfx950,256,128,10240,5120,29,0,14.3948,_ZN5aiter41f4gemm_bf16_per1x32Fp4_BpreShuffle_64x128E,932.4,2025.98,0.0
gfx950,256,144,10240,5120,29,0,12.6838,_ZN5aiter41f4gemm_bf16_per1x32Fp4_BpreShuffle_64x128E,1190.46,2328.34,0.0
gfx950,256,160,10240,5120,29,0,12.9235,_ZN5aiter41f4gemm_bf16_per1x32Fp4_BpreShuffle_64x128E,1298.19,2313.68,0.0
gfx950,256,176,10240,5120,29,0,13.4392,_ZN5aiter41f4gemm_bf16_per1x32Fp4_BpreShuffle_64x128E,1373.22,2252.32,0.0
gfx950,256,192,10240,5120,29,0,14.2473,_ZN5aiter41f4gemm_bf16_per1x32Fp4_BpreShuffle_64x128E,1413.09,2150.45,0.0
gfx950,256,208,10240,5120,37,0,15.9035,_ZN5aiter41f4gemm_bf16_per1x32Fp4_BpreShuffle_96x128E,1371.42,1949.68,0.0
gfx950,256,224,10240,5120,37,0,16.1879,_ZN5aiter41f4gemm_bf16_per1x32Fp4_BpreShuffle_96x128E,1450.97,1938.2,0.0
gfx950,256,240,10240,5120,37,0,15.9372,_ZN5aiter41f4gemm_bf16_per1x32Fp4_BpreShuffle_96x128E,1579.06,1991.82,0.0
gfx950,256,256,10240,5120,37,0,15.9829,_ZN5aiter41f4gemm_bf16_per1x32Fp4_BpreShuffle_96x128E,1679.52,2009.19,0.0
gfx950,256,512,10240,5120,38,0,22.3877,_ZN5aiter41f4gemm_bf16_per1x32Fp4_BpreShuffle_96x256E,2398.06,1697.85,0.0
gfx950,256,1024,10240,5120,50,0,34.5417,_ZN5aiter42f4gemm_bf16_per1x32Fp4_BpreShuffle_192x256E,3108.54,1441.95,0.0
gfx950,256,2048,10240,5120,50,0,68.9624,_ZN5aiter42f4gemm_bf16_per1x32Fp4_BpreShuffle_192x256E,3113.99,1064.35,0.0
gfx950,256,4096,10240,5120,45,0,117.1785,_ZN5aiter42f4gemm_bf16_per1x32Fp4_BpreShuffle_128x512E,3665.32,1029.08,0.0
gfx950,256,8192,10240,5120,45,0,194.7856,_ZN5aiter42f4gemm_bf16_per1x32Fp4_BpreShuffle_128x512E,4409.94,1103.56,0.0
gfx950,256,16384,10240,5120,45,0,379.444,_ZN5aiter42f4gemm_bf16_per1x32Fp4_BpreShuffle_128x512E,4527.64,1063.93,0.0
gfx950,256,1,12288,5120,21,0,10.7028,_ZN5aiter41f4gemm_bf16_per1x32Fp4_BpreShuffle_32x128E,11.76,2941.7,0.0
gfx950,256,2,12288,5120,21,0,11.2325,_ZN5aiter41f4gemm_bf16_per1x32Fp4_BpreShuffle_32x128E,22.4,2805.39,0.0
gfx950,256,4,12288,5120,21,0,10.8117,_ZN5aiter41f4gemm_bf16_per1x32Fp4_BpreShuffle_32x128E,46.55,2919.6,0.0
gfx950,256,8,12288,5120,21,0,11.491,_ZN5aiter41f4gemm_bf16_per1x32Fp4_BpreShuffle_32x128E,87.6,2756.45,0.0
gfx950,256,16,12288,5120,21,0,11.6549,_ZN5aiter41f4gemm_bf16_per1x32Fp4_BpreShuffle_32x128E,172.74,2736.31,0.0
gfx950,256,32,12288,5120,21,0,12.8557,_ZN5aiter41f4gemm_bf16_per1x32Fp4_BpreShuffle_32x128E,313.21,2514.5,0.0
gfx950,256,48,12288,5120,21,0,11.9066,_ZN5aiter41f4gemm_bf16_per1x32Fp4_BpreShuffle_32x128E,507.26,2751.4,0.0
gfx950,256,64,12288,5120,21,0,12.6378,_ZN5aiter41f4gemm_bf16_per1x32Fp4_BpreShuffle_32x128E,637.22,2626.56,0.0
gfx950,256,80,12288,5120,29,0,12.7717,_ZN5aiter41f4gemm_bf16_per1x32Fp4_BpreShuffle_64x128E,788.17,2633.02,0.0
gfx950,256,96,12288,5120,29,0,13.3264,_ZN5aiter41f4gemm_bf16_per1x32Fp4_BpreShuffle_64x128E,906.44,2556.0,0.0
gfx950,256,112,12288,5120,29,0,14.0738,_ZN5aiter41f4gemm_bf16_per1x32Fp4_BpreShuffle_64x128E,1001.35,2451.12,0.0
gfx950,256,128,12288,5120,29,0,14.3434,_ZN5aiter41f4gemm_bf16_per1x32Fp4_BpreShuffle_64x128E,1122.89,2435.31,0.0
gfx950,256,144,12288,5120,37,0,15.9097,_ZN5aiter41f4gemm_bf16_per1x32Fp4_BpreShuffle_96x128E,1138.89,2222.85,0.0
gfx950,256,160,12288,5120,37,0,16.92,_ZN5aiter41f4gemm_bf16_per1x32Fp4_BpreShuffle_96x128E,1189.87,2115.78,0.0
gfx950,256,176,12288,5120,37,0,16.0618,_ZN5aiter41f4gemm_bf16_per1x32Fp4_BpreShuffle_96x128E,1378.79,2255.86,0.0
gfx950,256,192,12288,5120,37,0,16.5613,_ZN5aiter41f4gemm_bf16_per1x32Fp4_BpreShuffle_96x128E,1458.77,2214.04,0.0
gfx950,256,208,12288,5120,42,0,17.2392,_ZN5aiter42f4gemm_bf16_per1x32Fp4_BpreShuffle_128x128E,1518.19,2152.16,0.0
gfx950,256,224,12288,5120,42,0,17.5422,_ZN5aiter42f4gemm_bf16_per1x32Fp4_BpreShuffle_128x128E,1606.74,2139.74,0.0
gfx950,256,240,12288,5120,42,0,18.0701,_ZN5aiter42f4gemm_bf16_per1x32Fp4_BpreShuffle_128x128E,1671.21,2101.26,0.0
gfx950,256,256,12288,5120,42,0,18.2862,_ZN5aiter42f4gemm_bf16_per1x32Fp4_BpreShuffle_128x128E,1761.56,2100.17,0.0
gfx950,256,512,12288,5120,43,0,26.5563,_ZN5aiter42f4gemm_bf16_per1x32Fp4_BpreShuffle_128x256E,2425.96,1707.73,0.0
gfx950,256,1024,12288,5120,44,0,40.1094,_ZN5aiter42f4gemm_bf16_per1x32Fp4_BpreShuffle_128x384E,3212.44,1477.07,0.0
gfx950,256,2048,12288,5120,44,0,75.6542,_ZN5aiter42f4gemm_bf16_per1x32Fp4_BpreShuffle_128x384E,3406.26,1150.39,0.0
gfx950,256,4096,12288,5120,54,0,126.7789,_ZN5aiter42f4gemm_bf16_per1x32Fp4_BpreShuffle_256x256E,4065.31,1124.84,0.0
gfx950,256,8192,12288,5120,45,0,233.6411,_ZN5aiter42f4gemm_bf16_per1x32Fp4_BpreShuffle_128x512E,4411.86,1086.09,0.0
gfx950,256,16384,12288,5120,45,0,457.2748,_ZN5aiter42f4gemm_bf16_per1x32Fp4_BpreShuffle_128x512E,4508.41,1041.07,0.0
gfx950,256,1,14336,5120,21,0,10.872,_ZN5aiter41f4gemm_bf16_per1x32Fp4_BpreShuffle_32x128E,13.5,3378.53,0.0
gfx950,256,2,14336,5120,21,0,11.0061,_ZN5aiter41f4gemm_bf16_per1x32Fp4_BpreShuffle_32x128E,26.68,3340.2,0.0
gfx950,256,4,14336,5120,21,0,11.0974,_ZN5aiter41f4gemm_bf16_per1x32Fp4_BpreShuffle_32x128E,52.91,3318.35,0.0
gfx950,256,8,14336,5120,21,0,11.2689,_ZN5aiter41f4gemm_bf16_per1x32Fp4_BpreShuffle_32x128E,104.22,3278.94,0.0
gfx950,256,16,14336,5120,21,0,12.0254,_ZN5aiter41f4gemm_bf16_per1x32Fp4_BpreShuffle_32x128E,195.32,3093.44,0.0
gfx950,256,32,14336,5120,21,0,12.8655,_ZN5aiter41f4gemm_bf16_per1x32Fp4_BpreShuffle_32x128E,365.13,2930.29,0.0
gfx950,256,48,14336,5120,21,0,13.3099,_ZN5aiter41f4gemm_bf16_per1x32Fp4_BpreShuffle_32x128E,529.41,2869.99,0.0
gfx950,256,64,14336,5120,21,0,13.6129,_ZN5aiter41f4gemm_bf16_per1x32Fp4_BpreShuffle_32x128E,690.17,2842.82,0.0
gfx950,256,80,14336,5120,29,0,14.0536,_ZN5aiter41f4gemm_bf16_per1x32Fp4_BpreShuffle_64x128E,835.66,2789.23,0.0
gfx950,256,96,14336,5120,29,0,15.1002,_ZN5aiter41f4gemm_bf16_per1x32Fp4_BpreShuffle_64x128E,933.29,2629.0,0.0
gfx950,256,112,14336,5120,29,0,15.6905,_ZN5aiter41f4gemm_bf16_per1x32Fp4_BpreShuffle_64x128E,1047.87,2561.94,0.0
gfx950,256,128,14336,5120,29,0,16.2418,_ZN5aiter41f4gemm_bf16_per1x32Fp4_BpreShuffle_64x128E,1156.92,2505.75,0.0
gfx950,256,144,14336,5120,37,0,16.1983,_ZN5aiter41f4gemm_bf16_per1x32Fp4_BpreShuffle_96x128E,1305.03,2543.33,0.0
gfx950,256,160,14336,5120,37,0,17.3716,_ZN5aiter41f4gemm_bf16_per1x32Fp4_BpreShuffle_96x128E,1352.1,2400.31,0.0
gfx950,256,176,14336,5120,37,0,16.8307,_ZN5aiter41f4gemm_bf16_per1x32Fp4_BpreShuffle_96x128E,1535.11,2507.14,0.0
gfx950,256,192,14336,5120,37,0,17.3044,_ZN5aiter41f4gemm_bf16_per1x32Fp4_BpreShuffle_96x128E,1628.82,2467.39,0.0
gfx950,256,208,14336,5120,42,0,17.8715,_ZN5aiter42f4gemm_bf16_per1x32Fp4_BpreShuffle_128x128E,1708.56,2417.06,0.0
gfx950,256,224,14336,5120,42,0,18.3358,_ZN5aiter42f4gemm_bf16_per1x32Fp4_BpreShuffle_128x128E,1793.4,2383.1,0.0
gfx950,256,240,14336,5120,42,0,19.2762,_ZN5aiter42f4gemm_bf16_per1x32Fp4_BpreShuffle_128x128E,1827.75,2292.77,0.0
gfx950,256,256,14336,5120,42,0,19.0907,_ZN5aiter42f4gemm_bf16_per1x32Fp4_BpreShuffle_128x128E,1968.55,2341.22,0.0
gfx950,256,288,14336,5120,46,0,22.7997,_ZN5aiter42f4gemm_bf16_per1x32Fp4_BpreShuffle_160x128E,1854.35,2004.19,0.0
gfx950,256,320,14336,5120,46,0,23.5314,_ZN5aiter42f4gemm_bf16_per1x32Fp4_BpreShuffle_160x128E,1996.32,1984.34,0.0
gfx950,256,352,14336,5120,38,0,25.569,_ZN5aiter41f4gemm_bf16_per1x32Fp4_BpreShuffle_96x256E,2020.96,1865.3,0.0
gfx950,256,384,14336,5120,38,0,26.3623,_ZN5aiter41f4gemm_bf16_per1x32Fp4_BpreShuffle_96x256E,2138.34,1847.08,0.0
gfx950,256,416,14336,5120,43,0,27.5414,_ZN5aiter42f4gemm_bf16_per1x32Fp4_BpreShuffle_128x256E,2217.36,1804.29,0.0
gfx950,256,448,14336,5120,43,0,29.0861,_ZN5aiter42f4gemm_bf16_per1x32Fp4_BpreShuffle_128x256E,2261.1,1742.83,0.0
gfx950,256,480,14336,5120,43,0,30.1117,_ZN5aiter42f4gemm_bf16_per1x32Fp4_BpreShuffle_128x256E,2340.1,1716.66,0.0
gfx950,256,512,14336,5120,43,0,27.7227,_ZN5aiter42f4gemm_bf16_per1x32Fp4_BpreShuffle_128x256E,2711.21,1900.64,0.0
gfx950,256,1024,14336,5120,54,0,43.4891,_ZN5aiter42f4gemm_bf16_per1x32Fp4_BpreShuffle_256x256E,3456.59,1579.29,0.0
gfx950,256,2048,14336,5120,45,0,82.9799,_ZN5aiter42f4gemm_bf16_per1x32Fp4_BpreShuffle_128x512E,3623.14,1213.1,0.0
gfx950,256,4096,14336,5120,54,0,148.2734,_ZN5aiter42f4gemm_bf16_per1x32Fp4_BpreShuffle_256x256E,4055.32,1110.29,0.0
gfx950,256,8192,14336,5120,54,0,274.7441,_ZN5aiter42f4gemm_bf16_per1x32Fp4_BpreShuffle_256x256E,4377.13,1064.82,0.0
gfx950,256,16384,14336,5120,45,0,531.8892,_ZN5aiter42f4gemm_bf16_per1x32Fp4_BpreShuffle_128x512E,4521.96,1031.05,0.0
gfx950,256,16,16384,5120,21,0,14.0812,_ZN5aiter41f4gemm_bf16_per1x32Fp4_BpreShuffle_32x128E,190.63,3018.8,0.0
gfx950,256,32,16384,5120,21,0,15.135,_ZN5aiter41f4gemm_bf16_per1x32Fp4_BpreShuffle_32x128E,354.72,2845.96,0.0
gfx950,256,48,16384,5120,21,0,14.8649,_ZN5aiter41f4gemm_bf16_per1x32Fp4_BpreShuffle_32x128E,541.75,2935.69,0.0
gfx950,256,64,16384,5120,21,0,15.8267,_ZN5aiter41f4gemm_bf16_per1x32Fp4_BpreShuffle_32x128E,678.44,2793.0,0.0
gfx950,256,80,16384,5120,29,0,15.6365,_ZN5aiter41f4gemm_bf16_per1x32Fp4_BpreShuffle_64x128E,858.36,2863.13,0.0
gfx950,256,96,16384,5120,29,0,16.0128,_ZN5aiter41f4gemm_bf16_per1x32Fp4_BpreShuffle_64x128E,1005.83,2831.14,0.0
gfx950,256,112,16384,5120,29,0,16.6519,_ZN5aiter41f4gemm_bf16_per1x32Fp4_BpreShuffle_64x128E,1128.43,2756.43,0.0
gfx950,256,128,16384,5120,29,0,17.3079,_ZN5aiter41f4gemm_bf16_per1x32Fp4_BpreShuffle_64x128E,1240.75,2684.61,0.0
gfx950,256,144,16384,5120,37,0,18.5874,_ZN5aiter41f4gemm_bf16_per1x32Fp4_BpreShuffle_96x128E,1299.76,2530.22,0.0
gfx950,256,160,16384,5120,37,0,18.6065,_ZN5aiter41f4gemm_bf16_per1x32Fp4_BpreShuffle_96x128E,1442.7,2558.0,0.0
gfx950,256,176,16384,5120,37,0,18.7421,_ZN5aiter41f4gemm_bf16_per1x32Fp4_BpreShuffle_96x128E,1575.49,2569.66,0.0
gfx950,256,192,16384,5120,37,0,19.4717,_ZN5aiter41f4gemm_bf16_per1x32Fp4_BpreShuffle_96x128E,1654.31,2502.4,0.0
gfx950,256,208,16384,5120,42,0,21.3539,_ZN5aiter42f4gemm_bf16_per1x32Fp4_BpreShuffle_128x128E,1634.2,2308.3,0.0
gfx950,256,224,16384,5120,42,0,21.3107,_ZN5aiter42f4gemm_bf16_per1x32Fp4_BpreShuffle_128x128E,1763.48,2339.51,0.0
gfx950,256,240,16384,5120,42,0,21.7205,_ZN5aiter42f4gemm_bf16_per1x32Fp4_BpreShuffle_128x128E,1853.79,2321.39,0.0
gfx950,256,256,16384,5120,42,0,22.5957,_ZN5aiter42f4gemm_bf16_per1x32Fp4_BpreShuffle_128x128E,1900.79,2256.49,0.0
gfx950,256,288,16384,5120,46,0,24.7609,_ZN5aiter42f4gemm_bf16_per1x32Fp4_BpreShuffle_160x128E,1951.4,2104.83,0.0
gfx950,256,320,16384,5120,46,0,26.1005,_ZN5aiter42f4gemm_bf16_per1x32Fp4_BpreShuffle_160x128E,2056.94,2040.11,0.0
gfx950,256,352,16384,5120,38,0,26.5428,_ZN5aiter41f4gemm_bf16_per1x32Fp4_BpreShuffle_96x256E,2224.93,2048.71,0.0
gfx950,256,384,16384,5120,38,0,27.323,_ZN5aiter41f4gemm_bf16_per1x32Fp4_BpreShuffle_96x256E,2357.89,2031.58,0.0
gfx950,256,416,16384,5120,47,0,30.9354,_ZN5aiter42f4gemm_bf16_per1x32Fp4_BpreShuffle_160x256E,2256.1,1830.9,0.0
gfx950,256,448,16384,5120,51,0,30.6324,_ZN5aiter42f4gemm_bf16_per1x32Fp4_BpreShuffle_224x128E,2453.67,1885.91,0.0
gfx950,256,480,16384,5120,43,0,31.927,_ZN5aiter42f4gemm_bf16_per1x32Fp4_BpreShuffle_128x256E,2522.34,1844.85,0.0
gfx950,256,512,16384,5120,43,0,33.4882,_ZN5aiter42f4gemm_bf16_per1x32Fp4_BpreShuffle_128x256E,2565.06,1792.6,0.0
gfx950,256,1024,16384,5120,45,0,53.0424,_ZN5aiter42f4gemm_bf16_per1x32Fp4_BpreShuffle_128x512E,3238.89,1472.76,0.0
gfx950,256,2048,16384,5120,54,0,99.878,_ZN5aiter42f4gemm_bf16_per1x32Fp4_BpreShuffle_256x256E,3440.17,1144.34,0.0
gfx950,256,4096,16384,5120,45,0,186.7447,_ZN5aiter42f4gemm_bf16_per1x32Fp4_BpreShuffle_128x512E,3679.86,999.47,0.0
gfx950,256,8192,16384,5120,54,0,364.3579,_ZN5aiter42f4gemm_bf16_per1x32Fp4_BpreShuffle_256x256E,3772.09,909.41,0.0
gfx950,256,1,17408,5120,21,0,11.2778,_ZN5aiter41f4gemm_bf16_per1x32Fp4_BpreShuffle_32x128E,15.81,3954.84,0.0
gfx950,256,2,17408,5120,21,0,11.3247,_ZN5aiter41f4gemm_bf16_per1x32Fp4_BpreShuffle_32x128E,31.48,3941.76,0.0
gfx950,256,4,17408,5120,21,0,11.0709,_ZN5aiter41f4gemm_bf16_per1x32Fp4_BpreShuffle_32x128E,64.41,4038.88,0.0
gfx950,256,8,17408,5120,21,0,11.38,_ZN5aiter41f4gemm_bf16_per1x32Fp4_BpreShuffle_32x128E,125.31,3942.31,0.0
gfx950,256,16,17408,5120,21,0,11.5693,_ZN5aiter41f4gemm_bf16_per1x32Fp4_BpreShuffle_32x128E,246.53,3903.65,0.0
gfx950,256,32,17408,5120,21,0,13.6697,_ZN5aiter41f4gemm_bf16_per1x32Fp4_BpreShuffle_32x128E,417.29,3347.59,0.0
gfx950,256,48,17408,5120,29,0,14.8812,_ZN5aiter41f4gemm_bf16_per1x32Fp4_BpreShuffle_64x128E,574.98,3115.24,0.0
gfx950,256,64,17408,5120,29,0,15.6148,_ZN5aiter41f4gemm_bf16_per1x32Fp4_BpreShuffle_64x128E,730.62,3007.18,0.0
gfx950,256,80,17408,5120,37,0,17.2329,_ZN5aiter41f4gemm_bf16_per1x32Fp4_BpreShuffle_96x128E,827.52,2759.52,0.0
gfx950,256,96,17408,5120,37,0,17.7436,_ZN5aiter41f4gemm_bf16_per1x32Fp4_BpreShuffle_96x128E,964.45,2713.8,0.0
gfx950,256,112,17408,5120,42,0,18.738,_ZN5aiter42f4gemm_bf16_per1x32Fp4_BpreShuffle_128x128E,1065.48,2601.7,0.0
gfx950,256,128,17408,5120,42,0,19.4375,_ZN5aiter42f4gemm_bf16_per1x32Fp4_BpreShuffle_128x128E,1173.87,2538.84,0.0
gfx950,256,144,17408,5120,30,0,19.9274,_ZN5aiter41f4gemm_bf16_per1x32Fp4_BpreShuffle_64x256E,1288.13,2506.43,0.0
gfx950,256,160,17408,5120,30,0,20.4417,_ZN5aiter41f4gemm_bf16_per1x32Fp4_BpreShuffle_64x256E,1395.25,2472.62,0.0
gfx950,256,176,17408,5120,30,0,20.8379,_ZN5aiter41f4gemm_bf16_per1x32Fp4_BpreShuffle_64x256E,1505.59,2454.31,0.0
gfx950,256,192,17408,5120,30,0,21.0288,_ZN5aiter41f4gemm_bf16_per1x32Fp4_BpreShuffle_64x256E,1627.55,2460.47,0.0
gfx950,256,208,17408,5120,38,0,21.6208,_ZN5aiter41f4gemm_bf16_per1x32Fp4_BpreShuffle_96x256E,1714.91,2420.76,0.0
gfx950,256,224,17408,5120,38,0,22.1524,_ZN5aiter41f4gemm_bf16_per1x32Fp4_BpreShuffle_96x256E,1802.5,2389.66,0.0
gfx950,256,240,17408,5120,38,0,22.6451,_ZN5aiter41f4gemm_bf16_per1x32Fp4_BpreShuffle_96x256E,1889.23,2364.08,0.0
gfx950,256,256,17408,5120,38,0,23.4384,_ZN5aiter41f4gemm_bf16_per1x32Fp4_BpreShuffle_96x256E,1946.98,2309.57,0.0
gfx950,256,288,17408,5120,43,0,26.7872,_ZN5aiter42f4gemm_bf16_per1x32Fp4_BpreShuffle_128x256E,1916.52,2065.49,0.0
gfx950,256,320,17408,5120,43,0,27.365,_ZN5aiter42f4gemm_bf16_per1x32Fp4_BpreShuffle_128x256E,2084.51,2065.59,0.0
gfx950,256,352,17408,5120,43,0,28.2595,_ZN5aiter42f4gemm_bf16_per1x32Fp4_BpreShuffle_128x256E,2220.38,2042.53,0.0
gfx950,256,384,17408,5120,43,0,30.5936,_ZN5aiter42f4gemm_bf16_per1x32Fp4_BpreShuffle_128x256E,2237.43,1925.79,0.0
gfx950,256,416,17408,5120,50,0,31.58,_ZN5aiter42f4gemm_bf16_per1x32Fp4_BpreShuffle_160x256E,2348.17,1903.51,0.0
gfx950,256,448,17408,5120,50,0,33.6642,_ZN5aiter42f4gemm_bf16_per1x32Fp4_BpreShuffle_160x256E,2372.24,1821.19,0.0
gfx950,256,480,17408,5120,50,0,33.3646,_ZN5aiter42f4gemm_bf16_per1x32Fp4_BpreShuffle_160x256E,2564.51,1873.39,0.0
gfx950,256,512,17408,5120,50,0,34.9898,_ZN5aiter42f4gemm_bf16_per1x32Fp4_BpreShuffle_192x256E,2608.42,1820.56,0.0
gfx950,256,1024,17408,5120,47,0,58.6848,_ZN5aiter42f4gemm_bf16_per1x32Fp4_BpreShuffle_160x256E,3110.45,1411.57,0.0
gfx950,256,2048,17408,5120,50,0,106.3465,_ZN5aiter42f4gemm_bf16_per1x32Fp4_BpreShuffle_192x256E,3432.86,1138.83,0.0
gfx950,256,4096,17408,5120,54,0,184.5657,_ZN5aiter42f4gemm_bf16_per1x32Fp4_BpreShuffle_256x256E,3956.01,1070.93,0.0
gfx950,256,8192,17408,5120,54,0,331.7585,_ZN5aiter42f4gemm_bf16_per1x32Fp4_BpreShuffle_256x256E,4401.66,1057.24,0.0
gfx950,256,16384,17408,5120,54,0,656.5641,_ZN5aiter42f4gemm_bf16_per1x32Fp4_BpreShuffle_256x256E,4448.28,1000.56,0.0
gfx950,256,1,34816,5120,14,0,19.3116,a4w4_blockscale_256x32x128x128_16x16_16x16_8x32x1_8x32x1_1x16x1x16_8_2x2_intrawave_v3,18.46,4619.05,0.0
gfx950,256,2,34816,5120,14,0,19.4366,a4w4_blockscale_256x32x128x128_16x16_16x16_8x32x1_8x32x1_1x16x1x16_8_2x2_intrawave_v3,36.69,4593.05,0.0
gfx950,256,4,34816,5120,14,0,19.5545,a4w4_blockscale_256x32x128x128_16x16_16x16_8x32x1_8x32x1_1x16x1x16_8_2x2_intrawave_v3,72.93,4572.74,0.0
gfx950,256,8,34816,5120,14,0,19.8532,a4w4_blockscale_256x32x128x128_16x16_16x16_8x32x1_8x32x1_1x16x1x16_8_2x2_intrawave_v3,143.66,4518.49,0.0
gfx950,256,16,34816,5120,14,0,20.4544,a4w4_blockscale_256x32x128x128_16x16_16x16_8x32x1_8x32x1_1x16x1x16_8_2x2_intrawave_v3,278.88,4413.92,0.0
gfx950,256,32,34816,5120,14,0,22.0859,a4w4_blockscale_256x32x128x128_16x16_16x16_8x32x1_8x32x1_1x16x1x16_8_2x2_intrawave_v3,516.55,4140.16,0.0
gfx950,256,48,34816,5120,0,0,23.8392,a4w4_blockscale_256x64x128x128_16x16_16x16_8x32x1_8x32x1_1x32x1x8_8_2x2_intrawave_v3,717.84,3884.11,0.0
gfx950,256,64,34816,5120,0,0,25.0925,a4w4_blockscale_256x64x128x128_16x16_16x16_8x32x1_8x32x1_1x32x1x8_8_2x2_intrawave_v3,909.32,3736.15,0.0
gfx950,256,80,34816,5120,38,0,27.6614,_ZN5aiter41f4gemm_bf16_per1x32Fp4_BpreShuffle_96x256E,1031.09,3430.93,0.0
gfx950,256,96,34816,5120,38,0,28.8343,_ZN5aiter41f4gemm_bf16_per1x32Fp4_BpreShuffle_96x256E,1186.97,3331.43,0.0
gfx950,256,112,34816,5120,43,0,30.1455,_ZN5aiter42f4gemm_bf16_per1x32Fp4_BpreShuffle_128x256E,1324.57,3224.84,0.0
gfx950,256,128,34816,5120,43,0,30.9701,_ZN5aiter42f4gemm_bf16_per1x32Fp4_BpreShuffle_128x256E,1473.49,3176.27,0.0
gfx950,256,144,34816,5120,47,0,32.3406,_ZN5aiter42f4gemm_bf16_per1x32Fp4_BpreShuffle_160x256E,1587.43,3077.39,0.0
gfx950,256,160,34816,5120,47,0,33.516,_ZN5aiter42f4gemm_bf16_per1x32Fp4_BpreShuffle_160x256E,1701.95,3003.93,0.0
gfx950,256,176,34816,5120,39,0,34.5951,_ZN5aiter41f4gemm_bf16_per1x32Fp4_BpreShuffle_96x384E,1813.75,2943.62,0.0
gfx950,256,192,34816,5120,39,0,35.8542,_ZN5aiter41f4gemm_bf16_per1x32Fp4_BpreShuffle_96x384E,1909.15,2872.46,0.0
gfx950,256,208,34816,5120,44,0,37.9525,_ZN5aiter42f4gemm_bf16_per1x32Fp4_BpreShuffle_128x384E,1953.9,2744.09,0.0
gfx950,256,224,34816,5120,44,0,39.0053,_ZN5aiter42f4gemm_bf16_per1x32Fp4_BpreShuffle_128x384E,2047.4,2699.63,0.0
gfx950,256,240,34816,5120,44,0,38.5556,_ZN5aiter42f4gemm_bf16_per1x32Fp4_BpreShuffle_128x384E,2219.23,2761.08,0.0
gfx950,256,256,34816,5120,44,0,39.7814,_ZN5aiter42f4gemm_bf16_per1x32Fp4_BpreShuffle_128x384E,2294.24,2705.04,0.0
gfx950,256,288,34816,5120,48,0,45.5495,_ZN5aiter42f4gemm_bf16_per1x32Fp4_BpreShuffle_160x384E,2254.18,2413.2,0.0
gfx950,256,320,34816,5120,48,0,46.7843,_ZN5aiter42f4gemm_bf16_per1x32Fp4_BpreShuffle_160x384E,2438.53,2398.89,0.0
gfx950,256,352,34816,5120,45,0,54.8388,_ZN5aiter42f4gemm_bf16_per1x32Fp4_BpreShuffle_128x512E,2288.41,2088.68,0.0
gfx950,256,384,34816,5120,41,0,57.8288,_ZN5aiter41f4gemm_bf16_per1x32Fp4_BpreShuffle_96x640E,2367.37,2020.63,0.0
gfx950,256,416,34816,5120,47,0,64.7415,_ZN5aiter42f4gemm_bf16_per1x32Fp4_BpreShuffle_160x256E,2290.81,1840.56,0.0
gfx950,256,448,34816,5120,47,0,65.9618,_ZN5aiter42f4gemm_bf16_per1x32Fp4_BpreShuffle_160x256E,2421.39,1841.54,0.0
gfx950,256,480,34816,5120,47,0,68.0112,_ZN5aiter42f4gemm_bf16_per1x32Fp4_BpreShuffle_160x256E,2516.17,1820.01,0.0
gfx950,256,512,34816,5120,50,0,67.5121,_ZN5aiter42f4gemm_bf16_per1x32Fp4_BpreShuffle_192x256E,2703.75,1867.68,0.0
gfx950,256,1024,34816,5120,48,0,104.9345,_ZN5aiter42f4gemm_bf16_per1x32Fp4_BpreShuffle_160x384E,3479.05,1553.86,0.0
gfx950,256,2048,34816,5120,54,0,183.6678,_ZN5aiter42f4gemm_bf16_per1x32Fp4_BpreShuffle_256x256E,3975.35,1290.25,0.0
gfx950,256,4096,34816,5120,54,0,336.4825,_ZN5aiter42f4gemm_bf16_per1x32Fp4_BpreShuffle_256x256E,4339.87,1143.68,0.0
gfx950,256,8192,34816,5120,54,0,638.7947,_ZN5aiter42f4gemm_bf16_per1x32Fp4_BpreShuffle_256x256E,4572.01,1065.33,0.0
gfx950,256,16384,34816,5120,54,0,1306.0486,_ZN5aiter42f4gemm_bf16_per1x32Fp4_BpreShuffle_256x256E,4472.39,973.87,0.0
gfx950,256,2,96,5120,21,0,5.5835,_ZN5aiter41f4gemm_bf16_per1x32Fp4_BpreShuffle_32x128E,0.35,45.0,0.0
gfx950,256,4,96,5120,21,0,5.6658,_ZN5aiter41f4gemm_bf16_per1x32Fp4_BpreShuffle_32x128E,0.69,45.32,0.0
gfx950,256,24,96,5120,21,0,5.7666,_ZN5aiter41f4gemm_bf16_per1x32Fp4_BpreShuffle_32x128E,4.09,54.07,0.0
